用語,読み,訳語候補番号,訳語候補,使い分け基準,用例(和文),用例(英文),用例出典,注釈1,注釈2
相手方,あいてがた,1,opponent,対審手続の場合,検察官、被告人又は弁護人が証人、鑑定人、通訳人又は翻訳人の尋問を請求するについては、あらかじめ、相手方に対し、その氏名及び住居を知る機会を与えなければならない,"When requesting examination of a witness, expert witness, interpreter or translator, the public prosecutor, the accused or a counsel of the accused must give the opponent an opportunity to know the name and address of that person in advance.",刑事訴訟法第299条,,
相手方,あいてがた,2,the other party/other parties,一般的な場合,委任は、当事者の一方が法律行為をすることを相手方に委託し、相手方がこれを承諾することによって、その効力を生ずる,"A mandate becomes effective when one of the parties asks the other party to perform a juridical act, and the other party accepts.",民法第643条,,
相手方,あいてがた,3,opposite party,一般的な場合,差止請求に係る相手方の債務の履行,performance of obligations of the opposite party involved in a demand for an injunction,消費者契約法第28条,,
相手方,あいてがた,4,counterparty,契約などの相手方,代理権を有しない者がした契約は、本人が追認をしない間は、相手方が取り消すことができる,A contract concluded by a person without any authority to represent may be rescinded by the counterparty until the principal ratifies it,民法第115条,,
相手方,あいてがた,5,adverse party,対立当事者の場合,特許権又は専用実施権の侵害に係る訴訟において、当該特許が特許無効審判により無効にされるべきものと認められるときは、特許権者又は専用実施権者は、相手方に対しその権利を行使することができない,"If the patent in litigation concerning the infringement of a patent right or an exclusive license is found to be one that should be invalidated by a trial for patent invalidation, the rights of the patentee or the holder of the exclusive license may not be exercised against the adverse party.",特許法第104条の3,,
青色事業専従者,あおいろじぎょうせんじゅうしゃ,,family employees of a blue return taxpayer,,,,,,
青色申告,あおいろしんこく,,blue return,,,,,,
悪意で,あくいで,1,in bad faith,,,,,【注】法律用語としての「悪意」を翻訳するとknowinglyまたはwith knowledgeとなる。しかし、法文英語にknowinglyまたはwith knowledgeをそのまま使うと誤解を招く構造になってしまうことが多い。疑問がある場合には安全のためにin bad faith を使った方が無難である。例外的に、単に「知っている」の意ではなく、「害意」に近い意味の場合がある（破産法２５３条１項２号等）。その場合にも、in bad faithを用いる。,
悪意で,あくいで,2,knowingly,単なる認識を含む場合,,,,,
悪意で,あくいで,3,with knowledge,単なる認識を含む場合,,,,,
悪意で,あくいで,4,maliciously,害意に近い意味の場合,,,,,
悪意で,あくいで,5,with malice,害意に近い意味の場合,,,,,
悪意によるものであること,あくいによるものであること,,that the petition was filed in bad faith,,,,,,
明渡し,あけわたし,1,vacation,不動産の自主的明渡しの場合,,,,,
明渡し,あけわたし,2,eviction,不動産の強制的明渡しの場合,,,,,
あっせん,あっせん,1,arrangement,盗品のあっせん,前項に規定する物を運搬し、保管し、若しくは有償で譲り受け、又はその有償の処分のあっせんをした者は…,"A person who transports the property provided for in the preceding paragraph or who stores that property, acquires it through a transfer for compensation, or arranges its disposal for compensation…",刑法第256条第2項,,
あっせん,あっせん,1,arrangement,盗品のあっせん,,,,,【動詞】あっせんする: arrange
あっせん,あっせん,2,influence,あっせん収賄,公務員が請託を受け、他の公務員に職務上不正な行為をさせるように、又は相当の行為をさせないようにあっせんすること又はしたことの報酬として、賄賂を収受し、又はその要求若しくは約束をしたときは…,"A public employee who accepts, solicits, or promises to accept a bribe as consideration for the influence which the employee exerted or is to exert, in response to a request, upon another public employee so as to cause the other to act illegally or refrain from acting in the exercise of official duty…",刑法第197条の4,,
あっせん,あっせん,3,mediation,紛争解決のための手続,第三条各号のいずれかに掲げる事業の用に供するための土地等の取得に関する関係当事者間の合意が成立するに至らなかつたときは、関係当事者の双方又は一方は、書面をもつて、当該紛争に係る土地等が所在する都道府県の知事に対して、当該紛争の解決をあつせん委員のあつせんに付することを申請することができる。,"If an agreement has not been reached between parties concerned for the acquisition of land, etc. to be used for an undertaking stated in one of the items of Article 3, either one or both of the parties concerned may apply to the governor of the prefecture where the land, etc. they are disputing is located in writing to have mediation committee members mediate the relevant dispute in order to resolve it;",土地収用法第15条の2第1項,,
あっせん,あっせん,3,mediation,紛争解決のための手続,,,,【注】「あっせん」は、「第三者が紛争当事者間を仲介することにより、当事者間の自主的解決を援助、促進するための手続」である。「第三者が紛争当事者間を仲介し、双方の合意に基づく紛争解決を図る手続」である「調停」(conciliation)と一部重なるが、調停の方が積極的に当事者間に介入し、手続をリードしていくニュアンスがある。なお、「あっせん」という言葉自体には様々な意味があり、この「紛争解決のための手続」（(3)mediationの場合）としての意味以外にも、単に「人と人との間を取り持つ」という意味で使われる場合や、「あっせん収賄」という用い方で「あっせん行為を通じて賄賂を得ようとすること」という意味で使われる場合などもある。これらの意味で使われる場合の「あっせん」の訳語について、本辞書は上記(1)arrangementや (2)influenceを掲載しているが、法律用語に相当しない「あっせん」の訳語に関しては、本辞書の掲載語にとらわれずに条文の意味に即した適切な訳語を使用することが求められる（凡例（7）参照）。,
あっせん,あっせん,3,mediation,紛争解決のための手続,,,,,【動詞】mediate
斡旋員,あっせんいん,,mediator,,,,,,
充てる,あてる,1,serve as,特定の者を役職に充てる場合,会長は、内閣総理大臣をもって充てる,the Prime Minister serves as chairperson,,,
充てる,あてる,2,appoint,ある範疇の者を役職に充てる場合,本部の長は、国務大臣をもって充てる,the chairperson of the headquarters is appointed from among the Ministers of State,,,
充てる,あてる,3,allocate,資金・日数等を割り当てる場合,経費に充てるため、基金を積み立てなければならない,must set aside funds to be allocated for covering the expenses,,,
争い,あらそい,,dispute,,,,,,
安全保障,あんぜんほしょう,,(national) security,,国家安全保障,national security,,,
安全保障,あんぜんほしょう,,(national) security,,安全保障に関する重要事項,important matter of national security,,,
安全保障,あんぜんほしょう,,(national) security,,行政機関の長による特定秘密の指定及びその解除に関する基準等が真に安全保障に資するものであるかどうか,whether standards for the Designation of specially designated secrets by the Heads of Administrative Organs and their cancellations of those Designations are truly conductive to national security,特定秘密の保護に関する法律第9条,,
言渡し,いいわたし,1,sentencing,刑事の場合,刑の言渡し,sentencing,,,
言渡し,いいわたし,1,sentencing,刑事の場合,,,,,【動詞】言い渡す：sentence
言渡し,いいわたし,2,rendering,刑事の場合,刑の言渡し,rendering of sentence,,,
言渡し,いいわたし,2,rendering,刑事の場合,,,,,【動詞】言い渡す：render
言渡し,いいわたし,3,pronouncement,民事の場合,判決言渡し,pronouncement of judgment,,,
言渡し,いいわたし,3,pronouncement,民事の場合,,,,,【動詞】言い渡す：pronounce
言渡し,いいわたし,4,rendering,民事の場合,判決言渡し,rendering of judgment,,,
言渡し,いいわたし,4,rendering,民事の場合,,,,,【動詞】言い渡す：render
委員会設置会社,いいんかいせっちかいしゃ,,company with committees,,,,,,
…以下,…いか,1,… or less,原則,,,,,
…以下,…いか,2,not more than …,上限を示すことに重点がある場合,３年以下の,for not more than 3 years,,,
以下「…」という,いか「…」という,,"referred to below as ""…""",,,,,,
以下同じ,いかおなじ,,the same applies below,,,,,,
以下この…において同じ,いかこの…においておなじ,,the same applies below in this …,,,,,,
遺棄,いき,,abandonment,,,,,,【動詞】遺棄する: abandon
異議,いぎ,1,objection,原則,,,,,
異議,いぎ,2,opposition,,特許異議,opposition to a granted patent,,,
異議後の判決,いぎごのはんけつ,,judgment subsequent to objection,,,,,,
異議者,いぎしゃ,,disputing party,,,,,,
異議のある債権者,いぎのあるさいけんしゃ,,creditor who has an objection,,,,,,
異議の申立て,いぎのもうしたて,1,filing of an objection,原則,,,,,
異議の申立て,いぎのもうしたて,2,filing of an opposition to a granted patent,特許異議の申立,,,,,
異議の申出,いぎのもうしで,1,filing of an objection,,,,,,
異議の申出,いぎのもうしで,2,filing of an opposition,,,,,,
異議申立書,いぎもうしたてしょ,1,written objection,,,,,,
異議申立書,いぎもうしたてしょ,2,written opposition,,,,,,
異議申立人,いぎもうしたてにん,1,person filing an objection,書面による異議の場合,,,,【注】定義語としておく場合は「petitioner」とする場合がある。,
異議申立人,いぎもうしたてにん,2,person raising an objection,口頭での異議の場合,,,,,
異議申立人,いぎもうしたてにん,3,opponent,,,,,,
育児,いくじ,,childcare,,,,,,
育児休業,いくじきゅうぎょう,,childcare leave,,,,,,
意見,いけん,,opinion,,,,,,
意見書,いけんしょ,,written opinion,,,,,,
意見聴取,いけんちょうしゅ,1,hearing of opinions,,,,,,
意見聴取,いけんちょうしゅ,2,hearing,,,,,,
意見を述べる,いけんをのべる,,state one's opinion,,,,,,
遺言,いごん,,will,,,,,,
遺言執行者,いごんしっこうしゃ,,executor,,,,,,
遺言者,いごんしゃ,,testator,,,,,,
遺言書,いごんしょ,,will,,,,,,
遺産,いさん,,estate,,,,,,
遺産の分割,いさんのぶんかつ,,division of estate,,,,,,
意思,いし,1,intent,,,,,,
意思,いし,2,intention,,,,,,
遺失物,いしつぶつ,,lost property,,,,,,
意思能力,いしのうりょく,,mental capacity,,,,,,
意思表示,いしひょうじ,,manifestation of intention,,,,,,
慰謝料,いしゃりょう,,solatium,,,,,【注】（出典）所得税法施行令30条,
慰謝料,いしゃりょう,,solatium,,,,,,【複数形】solatia
囲障,いしょう,,fence,,,,,,
意匠,いしょう,,design,,,,,,
…以上,いじょう,1,… or more,原則,２０歳以上,20 years of age or more,,,
…以上,いじょう,2,not less than …,下限を示すことに重点がある場合,１年以上の,for not less than 1 year,,,
…以上,いじょう,3,… or heavier,刑の場合,罰金以上の刑,fine or heavier punishment,,,
意匠権,いしょうけん,,design right,,,,,,
意匠権者,いしょうけんしゃ,,holder of a design right,,,,,,
意匠原簿,いしょうげんぼ,,design register,,,,,,
意匠公報,いしょうこうほう,,design gazette,,,,,,
意匠登録,いしょうとうろく,,design registration,,,,,,
意匠登録出願,いしょうとうろくしゅつがん,,application for design registration,,,,,,
意匠登録証,いしょうとうろくしょう,,certificate of design registration,,,,,,
意匠の創作をした者,いしょうのそうさくをしたもの,,creator of a design,,,,,,
委嘱,いしょく,1,commission,,,,,,【動詞】委嘱する: commission
委嘱,いしょく,2,entrustment,,,,,,【動詞】委嘱する: entrust
委嘱,いしょく,3,delegation,,,,,,【動詞】委嘱する: delegate
移送,いそう,1,transfer,,,,,,【動詞】移送する: transfer
移送,いそう,2,transportation,,,,,,【動詞】移送する: transport
遺贈,いぞう,1,legacy,,,,,,
遺贈,いぞう,2,bequest,,,,,,
移送の裁判,いそうのさいばん,1,decision of transfer,,,,,,
移送の裁判,いそうのさいばん,2,decision to transfer,,,,,,
遺族,いぞく,1,surviving family (member),個々の遺族を指す場合,,,,,
遺族,いぞく,2,bereaved family,,,,,,
遺族基礎年金,いぞくきそねんきん,,basic pension for surviving family,,,,,,
遺族補償一時金,いぞくほしょういちじきん,,lump sum compensation for surviving family,,,,,,
遺族補償年金前払一時金,いぞくほしょうねんきんまえばらいいちじきん,,compensation pension advance for surviving family,,,,,,
委託,いたく,1,entrustment,,,,,,
委託,いたく,2,consignment,,,,,,
委託,いたく,3,delegation,（信託法・信託業法における）権限の委託,,,,,
委託者,いたくしゃ,1,requesting party,,,,,,
委託者,いたくしゃ,2,delegating party,,,,,,
委託者,いたくしゃ,3,entrustor,その他の事務の委託,,,,,
委託者,いたくしゃ,4,settlor,信託,,,,,
委託者,いたくしゃ,5,consignor,販売・運送等の委託,,,,,
委託者指図型投資信託,いたくしゃさしずがたとうししんたく,,investment trust with settlor's instructions,,,,,,
委託者非指図型投資信託,いたくしゃひさしずがたとうししんたく,,investment trust without settlor's instructions,,,,,,
委託する,いたくする,1,request,一般に委託する場合,,,,,
委託する,いたくする,2,ask,一般に委託する場合,,,,,
委託する,いたくする,3,delegate,権限を代わって行使することを委託する場合,,,,,
委託する,いたくする,4,entrust,信認関係の下で事務を委託する場合,,,,,
委託する,いたくする,5,consign,商品の販売を委託する場合,,,,,
委託料金,いたくりょうきん,,commission,,,,,,
一時金,いちじきん,,lump sum payment,,,,,,
一時庇護,いちじひご,,temporary refuge,,,,,,
一時所得,いちじしょとく,,occasional income,,,,,,
著しい,いちじるしい,,extreme,,,,,,
著しい損害又は遅滞,いちじるしいそんがいまたはちたい,,extreme harm or delay,,裁判所は、著しい損害又は遅滞を避けるため必要があると認めるときは、…,"When the court finds it is necessary for avoiding extreme harm or delay,…",会社法第835条,,
一部改正,いちぶかいせい,,partial amendment,,,,,,
一括売却,いっかつばいきゃく,,disposal by a sale en bloc,,,,,【注】（出典）破産法78条2項4号,
一身専属性,いっしんせんぞくせい,,personal nature,,,,,,
一般異議申述期間,いっぱんいぎしんじゅつきかん,,ordinary period for making objections,,,,,【注】（出典）民事再生法222条3項,
一般財団法人,いっぱんざいだんほうじん,,general incorporated foundation,,,,,,
一般社団法人,いっぱんしゃだんほうじん,,general incorporated association,,,,,,
一般承継人,いっぱんしょうけいにん,,general successor,,前項の規定による請求は、…一般承継人と共同してしなければならない,requests pursuant to the provisions of the preceding paragraph must be made jointly …with the person's general successors,会社法第133条第2項,,
一般消費者,いっぱんしょうひしゃ,,general consumers,,,,,,
一般職,いっぱんしょく,,regular service,,,,,,
一般信書便事業,いっぱんしんしょびんじぎょう,,general correspondence delivery service,,,,,,
一般調査期間,いっぱんちょうさきかん,,ordinary period for investigation,,,,,【注】（出典）破産法112条,
一般調査期日,いっぱんちょうさきじつ,,ordinary date of investigation,,,,,,
一般に公正妥当と認められる企業会計の基準,いっぱんにこうせいとみとめられるきぎょうかいけいのきじゅん,,business accounting standards generally accepted as fair and appropriate,,,,,,
一般の先取特権,いっぱんのさきどりとっけん,,general statutory lien,,,,,,
一般の優先権がある債権,いっぱんのゆうせんけんがあるさいけん,,general priority claim,,,,,【注】（出典）民事再生法122条1項,
一般弁済期間,いっぱんべんさいきかん,,general period for payment,,,,,【注】（出典）民事再生法199条,
偽りその他不正の行為,いつわりそのたふせいのこうい,,deception or other wrongful act,,,,,,
偽りその他不正の手段,いつわりそのたふせいのしゅだん,,deception or other wrongful means,,,,,,
移転,いてん,1,transfer,権利等の移転,鉱業権、工業所有権その他これらに類する権利の移転,"transfer of the mining right, industrial property right or other right similar thereto",外国為替令第14条第1項第4号,,
移転,いてん,2,relocation,主たる事務所の移転など,支店の設置、移転及び廃止,"The establishment, relocation and closure of branch offices",会社法第482条第3項第2号,,
移転,いてん,3,removal,人・物の場所的な移動など,,,,,
遺伝子組換え生物,いでんしくみかえせいぶつ,1,genetically modified organism,原則,,,,【注】（出典）生物多様性条約,
遺伝子組換え生物,いでんしくみかえせいぶつ,2,living modified organism,食物等を含まない場合,,,,【注】（出典）カルタヘナ議定書,
遺伝子組換え微生物,いでんしくみかえびせいぶつ,1,genetically modified microorganism,原則,,,,,
遺伝子組換え微生物,いでんしくみかえびせいぶつ,2,modified microorganisms,食物等を含まない場合,,,,,
委任,いにん,1,mandate,民法上の委任契約,委任は、当事者の一方が法律行為をすることを相手方に委託し、相手方がこれを承諾することによって、その効力を生ずる。,"A mandate becomes effective when one of the parties mandates the other party to perform a juridical act, and the other party accepts the mandate.",民法第643条,,
委任,いにん,2,delegation,権限の委任という意味での委任,ある種類又は特定の事項の委任を受けた使用人,Employees to Whom the Authority for a Certain Kind of Matter or a Specific Matter Is Delegated,会社法第14条,,
委任,いにん,3,entrustment,,,,,,
委任事務,いにんじむ,,delegated business,,,,,,
委任状,いにんじょう,1,power of attorney,,,,,,
委任状,いにんじょう,2,proxy,会社法関係や会議の代理委任状,,,,【注】（出典）商法26条,
委任による代理人,いにんによるだいりにん,,privately appointed agent,,委任による代理人は、…復代理人を選任することができない,A privately appointed agent may not appoint a sub-agent …,民法第104条,,
威迫,いはく,,intimidation,,,,,,【動詞】威迫する: intimidate
違反,いはん,1,violation,,違反事件,a case of violation,出入国管理及び難民認定法第31条,,
違反,いはん,1,violation,,,,,,【動詞】違反する: violate
違反,いはん,2,offense,,,,,,【動詞】違反する: offend
違反,いはん,3,contravention,,第三十五条第一項の規定に違反して財務諸表等を備えて置かず、財務諸表等に記載すべき事項を記載せず、若しくは虚偽の記載をし、,"a person who fails to prepare financial statements, etc., fails to record necessary items or makes false records contravening the provisions of Article 35, paragraph (1)",工業標準化法第74条第2号,,
違反,いはん,3,contravention,,,,,,【動詞】違反する: contravene
違反,いはん,4,breach,,秘密保持命令違反の罪,Crime of breach of protective order,特許法第200条の2,,
違反,いはん,4,breach,,,,,,【動詞】違反する: breach
違反行為,いはんこうい,1,violation,,,,,,
違反行為,いはんこうい,2,illegal conduct,,,,,,
違反調査,いはんちょうさ,,investigation into violation,,,,,,
委付,いふ,,abandonment (abandon),,,,,,
違法な,いほうな,1,illegal,,違法行為等の是正,"Rectification of Illegal Acts, etc.",日本銀行法第56条タイトル,,
違法な,いほうな,2,unlawful,,,,,【注】unlawfulは一般にillegalと同義に用いられるが、illegalが法の明示の禁止に違反していることを意味するのに対し、unlawfulは公序良俗に反するなどの理由によって意図された効果を発生させないものを意味するというように、区別して用いられることがある。,
違約金,いやくきん,,penalty,,,,,,
医薬品,いやくひん,1,medicine,,,,,,
医薬品,いやくひん,2,drug,,,,,,
医薬品,いやくひん,3,pharmaceutical,,,,,,
医薬部外品,いやくぶがいひん,,quasi-pharmaceutical products,,,,,,
入会権,いりあいけん,,right of common,,,,,,
遺留した物,いりゅうしたぶつ,,article left behind,,,,,,
遺留分,いりゅうぶん,,statutory reserved share,,,,,,
医療給付,いりょうきゅうふ,,medical care benefit,,,,,,
医療費控除,いりょうひこうじょ,,medical expense deduction,,,,,,
威力,いりょく,,force,,,,,,
印影,いんえい,,seal impression,,,,,,
印鑑,いんかん,1,seal impression,印影の趣旨で用いられる場合,,,,,
印鑑,いんかん,2,seal,印章の趣旨で用いられる場合,,,,,
印鑑証明書,いんかんしょうめいしょ,,registered seal certificate,,,,,,
印鑑登録,いんかんとうろく,,seal registration,,,,,,
印章,いんしょう,,seal,,,,,【注】印影の趣旨で用いられる場合はseal impression,
姻族,いんぞく,1,affinity,,,,,,
姻族,いんぞく,2,relatives by marriage,,,,,,
引致,いんち,,physical escort,,,,,,【動詞】引致する: physically escort
隠匿,いんとく,,concealment,,犯罪による収益の隠匿及び収受,concealment and receipt of proceeds of crime,組織的犯罪処罰法第1条,,
隠匿,いんとく,,concealment,,,,,,【動詞】隠匿する: conceal
隠避させる,いんぴさせる,1,enable to escape,犯人隠避,,,,【注】（出典）刑法103条,
隠避させる,いんぴさせる,2,hide,被略取者,,,,【注】（出典）刑法227条2項,
陰謀,いんぼう,,plot,,,,,,
隠滅,いんめつ,1,destruction,一般的な場合,,,,,
隠滅,いんめつ,2,spoliation,刑事の場合（滅失・改竄を含む）,,,,,
受入れ,うけいれ,1,acceptance,,,,,,【動詞】受け入れる: accept
受入れ,うけいれ,2,receipt,,,,,,
受入移送,うけいれいそう,,incoming transfer,,,,,,
受入収容状,うけいれしゅうようじょう,,writ of commitment for incoming transfer,,,,,,
受入受刑者,うけいれじゅけいしゃ,,incoming sentenced person,,,,,"【注】国連人権Ｂ規約第５回政府報告書において、prison、prisonerという表現を避け、「被収容者」inmate、「受刑者」sentenced inmate、「未決被収容者」unsentenced inmateに統一する扱いとなったが、""inmate""は単独で「受刑者」の意味を持ちうる語であるため、本辞書においては、「受刑者」については""inmate""部分に""person""を充てたsentenced personを、「未決被収容者」については""detainee""を充てたunsentenced detaineeを選定した。",
請負,うけおい,,contract for work,,,,,,
請負人,うけおいにん,,contractor,,,,,,
受取証書,うけとりしょうしょ,,receipt,,,,,,
受取手形,うけとりてがた,,negotiable instrument receivable,会計勘定科目,,,,,
氏,うじ,,surname,,,,,,
打切補償,うちきりほしょう,,compensation for discontinuance,,,,,,
訴え,うったえ,1,action,,訴えを提起する,filing an action,会社法第601条,,
訴え,うったえ,2,suit,,,,,,
訴え,うったえ,3,lawsuit,,,,,,
訴え,うったえ,4,litigation,,審査請求と訴訟との関係,Relationship Between Request for Examination and Litigation,生活保護法第69条,,
訴えによって,うったえによって,,by filing an action,,前項の規定による取消権は、訴え又は抗弁によって、行使する,The rights of rescission under the provisions of the preceding paragraph are exercised by the filing of an action or defense,会社法第544条第2項,,
訴えの提起が悪意によるものであること,うったえのていきがあくいによるものであること,,that the action was filed in bad faith,,,,,,
訴えの変更,うったえのへんこう,,amendment of claim,,,,,【注】この場合の「訴え」は請求の趣旨の変更の意味であるため、claimとする。,
裏書,うらがき,,indorsement,,指図証券の譲渡は、その証券に譲渡の裏書をして譲受人に交付しなければ、その効力を生じない。,Assignment of a negotiable instrument payable to order does not become effective unless the instrument is indorsed and delivered to the assignee.,民法第520条の2,,
裏書,うらがき,,indorsement,,,,,"【注】 本辞書では、手形・小切手等の指図証券の「裏書」の訳語には、negotiable instrumentsやsecurity certificatesに関し法的な文脈で主としてアメリカで使われるindorsement (indorse, indorser)を使う（UCC§3-204(a)、§8-102(a)(11)参照）。イギリス英語圏ではこの場合にendorsement (endorse, endorser)を使うことがある。",
裏書,うらがき,,indorsement,,,,,,【動詞】裏書する: indorse
裏書人,うらがきにん,,indorser,,為替手形の振出人又は裏書人である再生債務者について再生手続が開始された場合において、支払人又は予備支払人がその事実を知らないで引受け又は支払をしたときは、その支払人又は予備支払人は、これによって生じた債権につき、再生債権者としてその権利を行うことができる。,"If a rehabilitation proceeding has commenced against a rehabilitation debtor who is the drawer or indorser of a bill of exchange, and the drawee or the backup drawee accepts or pays the bill in good faith, the drawee or the backup drawee may exercise their rights as a rehabilitation creditor under a claim arising from the acceptance or payment.",民事再生法第46条第1項,,
裏書の連続,うらがきのれんぞく,,uninterrupted series of indorsements,,,,,,
売上原価,うりあげげんか,,cost of sales,会計勘定科目,,,,,
売上高,うりあげだか,1,sales,,,,,,
売上高,うりあげだか,2,sales volume,,,,,,
売上高,うりあげだか,3,net sales,会計勘定科目,,,,,
売掛金,うりかけきん,,accounts receivable,会計勘定科目,,,,,
売出し,うりだし,,secondary distribution,,,,,,
売付け,うりつけ,,selling,,,,,,
売渡し,うりわたし,,sale,,,,,,
売渡株式,うりわたしかぶしき,,shares subject to a cash-out,会社法の場合,,,,,
売渡株式等,うりわたしかぶしきとう,,"shares, etc. subject to a cash-out",会社法の場合,,,,,
売渡株式等の取得の無効の訴え,うりわたしかぶしきとうのしゅとくのむこうのうったえ,,"action to invalidate the acquisition of the shares, etc. subject to a cash-out",会社法の場合,,,,,
売渡株主,うりわたしかぶぬし,,shareholder subject to a cash-out,会社法の場合,,,,,
売渡株主等,うりわたしかぶぬしとう,,"shareholder, etc. subject to a cash-out",会社法の場合,,,,,
売渡新株予約権,うりわたししんかぶよやくけん,,share option subject to a cash-out,会社法の場合,,,,,
売渡新株予約権者,うりわたししんかぶよやくけんしゃ,,share option holder subject to a cash-out,会社法の場合,,,,,
運営,うんえい,1,operation,,,,,,【動詞】運営する: operate
運営,うんえい,2,management,,,,,,【動詞】運営する: manage
運営,うんえい,3,administration,,協議組織の設置及び運営,establishment and administration of a consultative organization,労働安全衛生法第30条第1項第1号,,
運営,うんえい,3,administration,,,,,,【動詞】運営する: administer
運営委員会,うんえいいいんかい,1,management committee,,,,,,
運営委員会,うんえいいいんかい,2,operation committee,,,,,,
運営評議員会,うんえいひょうぎいんかい,,management council,,,,,,
運送,うんそう,,transportation,,,,,,【動詞】運送する: transport
運送業者,うんそうぎょうしゃ,,carrier,,,,,,
運送賃,うんそうちん,,freight (charge),,,,,,
運送取扱営業,うんそうとりあつかいえいぎょう,,forwarding agency,,,,,,
運送取扱人,うんそうとりあつかいにん,,freight forwarder,,,,,,
運送人,うんそうにん,,carrier,,,,,,
運送品,うんそうひん,1,goods,,,,,,
運送品,うんそうひん,2,freight,,,,,,
運送品,うんそうひん,3,cargo,,,,,,
運送保険,うんそうほけん,,cargo insurance,,,,,,
運用,うんよう,1,operation,一般的な場合,,,,,【動詞】運用する: operate
運用,うんよう,2,investment,資産の運用,金銭を運用することによって得られた収益,the profits obtained by investing the money,保険業法第89条第2項,,
運用,うんよう,2,investment,資産の運用,,,,,【動詞】運用する: invest
運用,うんよう,3,utilization,,国内にある資産の運用、保有若しくは譲渡,"utilization, holding or transfer of assets located in Japan",法人税法第138条,,
運用,うんよう,3,utilization,,,,,,【動詞】運用する: utilize
運用資金,うんようしきん,,operating fund,,,,,,
運用報告書,うんようほうこくしょ,,investment report,,,,,,
映画製作者,えいがせいさくしゃ,,maker of cinematographic works,,,,,,
映画の著作物,えいがのちょさくぶつ,,cinematographic work(s),,,,,"【注】通例""works""（複数形）",
営業,えいぎょう,1,business,原則,,,,,
営業,えいぎょう,2,operation,会社法・商法等の関係で「事業（business）」との訳し分けが必要な場合やその他の場合,,,,"【Note】In the Companies Act of 2006, new word ""jigyo"" was introduced to mean those what was called in the past as ""eigyo"", because the word ""jigyo"" was more popular in the actual business world. Therefore, in the new Companies Act, the word ""jigyo"" is used",
営業外費用,えいぎょうがいひよう,,non-operating expenses,会計勘定科目,,,,,
営業所,えいぎょうしょ,1,place of business,商人の営業の本拠で、営業上の活動が行われる一定の場所をいう場合,,,,,
営業所,えいぎょうしょ,2,business office,「事務所」、「事業所」、「事業場」などのように物理的な営業の行われる場所を意味する場合,,,,,
営業損失,えいぎょうそんしつ,,operating loss,会計勘定科目,,,,,
営業年度,えいぎょうねんど,1,business year,原則,,,,,
営業年度,えいぎょうねんど,2,fiscal year,会社法・商法等の関係で「事業年度(business year)」との訳し分けが必要となる場合,,,,,
営業の部類,えいぎょうのぶるい,1,line of business,原則,自己又は第三者のためにその商人の営業の部類に属する取引をすること,"carry out, for the manager or for a third party, any transaction which is in the line of business of the merchant",商法第23条第1項第2号,,
営業の部類,えいぎょうのぶるい,2,line of operations,会社法・商法等の関係で「事業の部類(line of business)」との訳し分けが必要となる場合,,,,,
営業秘密,えいぎょうひみつ,,trade secret,,,,,,
営業報告書,えいぎょうほうこくしょ,1,business report,原則,,,,,
営業報告書,えいぎょうほうこくしょ,2,operating report,会社法・商法等の関係で「事業報告書(business report)」との訳し分けが必要となる場合,,,,,
永小作権,えいこさくけん,,farming right,,永小作権の内容,content of farming right,民法第270条,,
永小作人,えいこさくにん,,farming right holder,,永小作人は、…耕作又は牧畜をする権利を有する,A farming right holder has the right to engage in cultivation or livestock farming …,民法第270条,,
永住,えいじゅう,,permanent residence,,,,,,
永住許可,えいじゅうきょか,,permission for permanent residence,,,,,,
永住者,えいじゅうしゃ,,permanent resident,,,,,,
衛生,えいせい,1,health,,,,,【注】healthの方がsanitationよりも意味が広い。,
衛生,えいせい,2,sanitation,,,,,,
衛生委員会,えいせいいいんかい,,health committee,,,,,,
衛生管理責任者,えいせいかんりせきにんしゃ,,health manager,,,,,,
衛生推進者,えいせいすいしんしゃ,,health promoter,,,,,,
影像,えいぞう,,image,,,,,,
営利,えいり,,profit,,,,,,
営利企業,えいりきぎょう,,enterprise for profit,,,,,,
営利事業,えいりじぎょう,,business for profit,,,,,,
営利の目的,えいりのもくてき,,for (the purpose of) profit,,,,,,
疫学的調査,えきがくてきちょうさ,,epidemiological survey,,,,,,
益金,えききん,,gross income,,,,,,
役務,えきむ,,service,,,,,,
役務提供委託,えきむていきょういたく,,service contract,,,,,,
閲覧,えつらん,,inspection,,,,,,【動詞】閲覧する: inspect
遠隔の地,えんかくのち,,remote place,,,,,,
延期,えんき,,postponement,,,,,,【動詞】延期する: postpone
縁組,えんぐみ,,adoption,,,,,,
援護,えんご,1,aid,,危険を回避するために必要な援護,necessary aid for avoiding danger,障害者自立支援法第5条第4項,,
援護,えんご,2,assistance,,就業の促進、住宅の確保、援護等に関する制度の利用,"employment promotion, housing procurement, and the use of systems for social assistance",DV防止法第3条第3項第4号,,
援助,えんじょ,1,assistance,,,,,,
援助,えんじょ,2,support,,,,,,
延焼,えんしょう,,(fire) spread,,,,,,
延滞税,えんたいぜい,,tax on delinquency,,,,,,
援用,えんよう,1,invocation,法的主張の援用,時効の援用,invocation of prescription,民法第145条,,
援用,えんよう,1,invocation,法的主張の援用,,,,,【動詞】援用する: invoke
援用,えんよう,2,reference,その他資料等の援用,,,,,【動詞】援用する: make a reference
援用,えんよう,3,citation,その他資料等の援用,,,,【注】（出典）刑訴法378条・379条,
押印,おういん,,seal,,,,,,【動詞】押印する: affix a seal
押収,おうしゅう,,seizure,,,,,,【動詞】押収する: seize
押収物,おうしゅうぶつ,,seized article,,,,,,
応訴管轄,おうそかんかつ,,jurisdiction by appearance,,,,,,
応当する日,おうとうするひ,1,corresponding day,,最後の月に応当する日がないときは,where there is no corresponding day in the last month,特許法第3条第1項第2号,,
応当する日,おうとうするひ,2,day corresponding to,「～に応当する日」のような用例の場合,その起算日に応当する日の前日に,on the preceding day of the day corresponding to the first day of the calculation,特許法第3条第1項第2号,,
往来危険,おうらいきけん,,endangering traffic,,,,,,
往来妨害,おうらいぼうがい,,obstructing traffic,,,,,,
横領,おうりょう,,embezzlement,,,,,,【動詞】横領する: embezzle
公の秩序又は善良の風俗,おおやけのちつじょまたはぜんりょうのふうぞく,,public policy,,,,,,
犯す,おかす,,commit,,,,,,
汚職,おしょく,,corruption,,,,,,
汚水,おすい,1,polluted water,有毒物質に汚染された水,,,,,
汚水,おすい,2,sewage,下水,,,,,
汚水,おすい,3,filthy water,汚い水,,,,,
汚染,おせん,1,pollution,原則,ダイオキシン類による土壌の汚染,soil pollution by dioxins,ダイオキシン類対策特別措置法第29条第1項,,
汚染,おせん,2,contamination,放射能、毒物等による汚染,核燃料物質によって汚染された物,material contaminated by nuclear fuel material,核原料物質、核燃料物質及び原子炉の規制に関する法律,,
汚染状態,おせんじょうたい,1,condition of pollution,,,,,,
汚染状態,おせんじょうたい,2,polluted condition,,,,,,
おそれ,おそれ,1,risk,,個人の権利利益が害されるおそれがないと認められるとき,when it is found that there is no risk of harm to an individual's rights and interest,,,
おそれ,おそれ,1,risk,,公共の利益が著しく阻害されるおそれ,a risk of extreme impairment of public interest,電気通信事業法第29条,,
おそれ,おそれ,2,likelihood,,証人が著しく不安又は緊張を覚えるおそれがある,the witness is likely to feel extreme anxiety or tension,刑訴法第157条の2,,
おそれ,おそれ,2,likelihood,,営業上の利益を侵害され、又は侵害されるおそれがある会社,"Any Company the enterprise interests of which have been, or are likely to be, infringed",会社法第8条第1項,,
おそれ,おそれ,2,likelihood,,,,,,【関連】…のおそれがある: be likely to
おそれ,おそれ,3,threat,,紛争のおそれ,threat of a dispute,,,
汚濁,おだく,,pollution,,,,,,
親会社,おやがいしゃ,,parent company,,,,,,
親子,おやこ,1,parent and child,原則,,,,,
親子,おやこ,2,parent and subsidiary,組織関係で用いる場合,,,,,
親事業者,おやじぎょうしゃ,,large procuring enterprise,,,,,,
及び,および,,and,,,,,【注】①　同じ要素が３つ以上あるときは、一番最後の結び目のみに「及び」や「並びに」を用い、あとは「、」を用いる。②　分類が２段階以上あるときは、一番小さな分類のみに「及び」を、それより大きな分類には「並びに」を用いる。,
卸売,おろしうり,,wholesale,,,,,,
音楽の著作物,おんがくのちょさくぶつ,,musical work(s),,,,,"【注】通例""works""（複数形）",
恩赦,おんしゃ,,pardon,恩赦,,,,【注】amnestyは主に政治犯を対象とするため、pardonとする。,
恩赦状,おんしゃじょう,,certificate of pardon,,,,,,
海域,かいいき,,sea area,,,,,,
海員,かいいん,,crew member,,,,,,
買受可能価額,かいうけかのうかかく,,minimum purchase price,,,,,,
海外経済協力,かいがいけいざいきょうりょく,,overseas economic cooperation,,,,,,
買掛金,かいかけきん,,accounts payable,会計勘定科目,,,,,
外貨建債券,がいかだてさいけん,,a foreign currency denominated bond,,,,,,
外患援助,がいかんえんじょ,,assistance to enemy,,,,,,
外患誘致,がいかんゆうち,,instigation of foreign aggression,,,,,,
会議,かいぎ,1,meeting,多数の人員が集まって一定事項を討議し、相談するための集まり,審査会は、会長及び二人以上の委員の出席がなければ、会議を開き、議決をすることができない,The Board may neither hold a meeting nor make a resolution unless the Chairperson and two Board members or more attend the meeting,国家公務員倫理法第20条第1項,,
会議,かいぎ,2,council,行政機関としての会議,総合科学技術会議,Council for Science and Technology Policy,,,
会議,かいぎ,2,council,行政機関としての会議,日本学術会議,Science Council of Japan,,,
会議,かいぎ,2,council,行政機関としての会議,,,,【注】ただし、行政機関としての会議であっても、既に確立した英文呼称がある場合にはこの限りではない。,
会議,かいぎ,3,conference,,国際的規模で開催される会議,international conference,出入国管理及び難民認定法第5条,,
会計,かいけい,,accounting,,,,,,
会計監査人,かいけいかんさにん,,financial auditor,,,,,,
会計監査人設置会社,かいけいかんさにんせっちがいしゃ,,company with financial auditor(s),,,,,,
会計監査報告,かいけいかんさほうこく,,financial audit report,,,,,,
会計参与,かいけいさんよ,,accounting advisor,,,,,,
会計参与設置会社,かいけいさんよせっちがいしゃ,,company with accounting advisor(s),,,,,,
会計参与報告,かいけいさんよほうこく,,accounting advisor's report,,,,,,
会計帳簿,かいけいちょうぼ,,accounting books,,,,,,
会計年度,かいけいねんど,,fiscal year,,,,,,
解雇,かいこ,,dismissal,,,,,,
介護,かいご,1,nursing care,原則,,,,,
介護,かいご,2,elderly care,老人介護の場合,,,,,
介護休暇,かいごきゅうか,,caregiver short-term leave,,,,,,
介護休業,かいごきゅうぎょう,,caregiver leave,,,,,,
介護給付,かいごきゅうふ,,nursing care benefit,,,,,,
戒告,かいこく,,admonition,,,,,,
外国,がいこく,1,foreign state,政治体としての「外国」に言及する場合,外国、国際機関、国際団体又は財務大臣の指定する外国の団体若しくは基金から交付される金品でイからホまでに掲げる年金又は金品に類するもの（給与その他対価の性質を有するものを除く。）のうち財務大臣の指定するもの,"anything issued by a foreign state, international organization, or international association; or by a foreign association or fund designated by the Minister of Finance, which is similar to a pension, money, or valuables stated in (a) through (e) (other than pay or anything else in the nature of consideration), and which is as designated by the Minister of Finance.",所得税法第9条第1項第13号ヘ,,
外国,がいこく,2,foreign country,地理的な場所としての「外国」に言及する場合,居住者による外国にある不動産若しくはこれに関する権利の取得又は非居住者による本邦にある不動産若しくはこれに関する権利の取得,"the acquisition by a resident of real property located in a foreign country or rights to it, or the acquisition by a non-resident of real property located in Japan or rights to it;",外国為替及び外国貿易法第20条第10号,,
外国,がいこく,3,foreign,形容詞として使用する場合,法人（法人でない団体で代表者又は管理人の定めのあるものを含み、外国の法令に準拠して設立された法人その他の外国の団体を除く。）であること。,it is a corporation (including an organization without legal personality for which a representative or administrator has been designated and excluding a corporation incorporated based on foreign laws and regulations or any other foreign organization);,金融商品取引法第156条の67第1項第1号,,
外国会社,がいこくがいしゃ,,foreign company,,,,,,
外国管財人,がいこくかんざいにん,,foreign trustee,,,,,,
外国刑,がいこくけい,,foreign punishment,,,,,,
外国語実用新案登録出願,がいこくごじつようしんあんとうろくしゅつがん,,utility model application in foreign language,,,,,,
外国語書面出願,がいこくごしょめんしゅつがん,,(written) application in foreign language,,,,,,
外国語特許出願,がいこくごとっきょしゅつがん,,patent application in foreign language,,,,,,
外国語要約書面,がいこくごようやくしょめん,,abstract in foreign language,,,,,,
外国裁判所,がいこくさいばんしょ,,foreign court,,,,,,
外国人,がいこくじん,,foreign national,,,,,,
外国人登録,がいこくじんとうろく,,alien registration,,,,,,
外国政府,がいこくせいふ,,foreign government,,,,,,
外国税額控除,がいこくぜいがくこうじょ,,foreign tax credit,,,,,,
外国船舶,がいこくせんぱく,,foreign vessel,,,,,,
外国中央銀行,がいこくちゅうおうぎんこう,,foreign central bank,,,,,,
外国倒産処理手続,がいこくとうさんしょりてつづき,,foreign insolvency proceedings,,,,,,
外国判決,がいこくはんけつ,,foreign judgment,,,,,,
外国弁護士,がいこくべんごし,,foreign lawyer,,,,,,
外国法共同事業,がいこくほうきょうどうじぎょう,,foreign law joint enterprise,,,,,,
外国法事務弁護士,がいこくほうじむべんごし,,registered foreign lawyer,,,,,,
外国法事務弁護士事務所,がいこくほうじむべんごしじむしょ,,office of registered foreign lawyer,,,,,,
外国法人,がいこくほうじん,,foreign corporation,,,,,,
介護福祉士,かいごふくしし,,certified care worker,,,,,,
介護保険,かいごほけん,,nursing care insurance,,,,,,
介護保険施設,かいごほけんしせつ,,nursing care insurance facilities,,,,,,
解散,かいさん,1,dispersion,一般的な解散,解散しなかった,fails to disperse,刑法第107条,,
解散,かいさん,1,dispersion,一般的な解散,,,,,【動詞】解散する: disperse
解散,かいさん,2,dissolution,会社・法人・議会等の場合,法人の解散事由,Causes of Dissolution of Juridical Person,民法第68条,,
解散,かいさん,2,dissolution,会社・法人・議会等の場合,,,,,【動詞】解散する: dissolve
解散の登記,かいさんのとうき,,registration of dissolution,,,,,,
開示,かいじ,1,disclosure,,取締役は、次に掲げる場合には、株主総会において、当該取引につき重要な事実を開示し、その承認を受けなければならない,"In the following cases, a director must disclose the material facts on the relevant transactions at a shareholders meeting and obtain approval of the shareholders meeting",会社法第356条,,
開示,かいじ,1,disclosure,,,,,,【動詞】開示する: disclose
開示,かいじ,2,discovery,,,,,【注】刑事事件で公判前整理手続における証拠開示の場合は、discoveryも使用可。,
外資,がいし,,foreign capital,,,,,,
開始後債権,かいしごさいけん,,post-commencement claim,,,,,,
開示請求,かいじせいきゅう,,request for disclosure,,,,,,
開始の申立て,かいしのもうしたて,,petition to commence,,再生手続開始の申立て,petition to commence rehabilitation proceedings,,,
開始の申立て,かいしのもうしたて,,petition to commence,,破産手続開始の申立て,petition to commence bankruptcy proceedings,,,
開始の申立て,かいしのもうしたて,,petition to commence,,審判開始の申立て,petition to commence trial,,,
開始の申立て,かいしのもうしたて,,petition to commence,,,,,,【動詞】開始の申立てをする: file a petition for commencement of …
会社,かいしゃ,,company,,,,,【注】「会社」を総称する場合。なお、「株式会社」など特定の会社の種類を意味する場合は、それぞれの用語の欄参照。,
解釈,かいしゃく,1,construction,法・クレームの解釈,この法律は、個人の尊厳と両性の本質的平等を旨として、解釈しなければならない,This Code must be construed in accordance with honoring the dignity of individuals and the essential equality of both sexes.,民法第2条,,
解釈,かいしゃく,1,construction,法・クレームの解釈,,,,,【動詞】解釈する: construe
解釈,かいしゃく,2,interpretation,言葉の解釈,当事者は、仲裁廷に対し、仲裁判断の特定の部分の解釈を求める申立てをすることができる,A party may request the arbitral tribunal to give an interpretation of a specific part of the arbitral award,仲裁法第42条第1項,,
解釈,かいしゃく,2,interpretation,言葉の解釈,,,,,【動詞】解釈する: interpret
解釈の誤り,かいしゃくのあやまり,1,misconstruction,,,,,,
解釈の誤り,かいしゃくのあやまり,2,misinterpretation,,,,,,
会社分割,かいしゃぶんかつ,,company split,,,,,,
回収,かいしゅう,1,collection,原則,類似の物品と分別して回収する,collecting products by sorting them by type,資源の有効な利用の促進に関する法律第2条第11項,,
回収,かいしゅう,2,recall,欠陥製品等の回収,当該化学物質又は当該製品の回収を図ること,to make efforts to recall the chemical substance or the product,化学物質の審査及び製造等の規制に関する法律第22条第1項,,
回収,かいしゅう,3,recovery,非有体物の回収,占有回収の訴え,actions for recovery of possession,民法第200条,,
回収,かいしゅう,4,calling,債権の回収,貸付債権の回収,calling of loan claims,保険業法第270条の7第2項,,
解除,かいじょ,,cancellation,,,,,,【動詞】解除する: cancel
海上災害,かいじょうさいがい,,maritime disaster,,,,,,
海上保安官,かいじょうほあんかん,,coast guard officer,,,,,,
海上保安庁,かいじょうほあんちょう,,Japan Coast Guard,,,,,,
解職,かいしょく,,removal (from position/duty),会社法上の「解任」と「解職」の用語の使い分けに対応,設立時取締役は、…設立時委員…を解職し、又は設立時執行役を解任することができる,"…the Directors at Incorporation may remove the Committee Members at Incorporation,… or dismiss the Executive Officers at Incorporation",会社法第48条第2項,,
解職,かいしょく,,removal (from position/duty),会社法上の「解任」と「解職」の用語の使い分けに対応,,,,,【動詞】解職する: remove
解除条件,かいじょじょうけん,,condition subsequent,,,,,,
害する,がいする,1,harm,,残存債権者を害することを知って,with the knowledge that it harms remaining creditors,会社法第23条の2第2項,,
害する,がいする,2,prejudice,,第三者の権利を害することはできない,no right of a third party may be prejudiced,民法第116条但書,,
害する,がいする,2,prejudice,,,,,【注】「Aを害するB」「Aを害しないB」の場合は、B with/without prejudice to A,
害する,がいする,3,damage,秩序・信用を害する場合,秩序若しくは信用を害する,damage the order or the reputation,外国弁護士による法律事務の取扱い等に関する法律第27条,,
改正法,かいせいほう,,amendment act,,この政令は、外国為替及び外国貿易法の一部を改正する法律（次条において「改正法」という。）の施行の日から施行する。,"This Cabinet Order comes into effect as from the date of enforcement of the Act Partially Amending the Foreign Exchange and Foreign Trade Control Act (referred to as the ""Amendment Act"" in the following Article.)",外国為替令附則第1条第1項,,
改善措置,かいぜんそち,,improvement measure,,,,,,
改善命令,かいぜんめいれい,,order for improvement,,,,,,
買付け,かいつけ,,purchase,,,,,,
改定,かいてい,,revision,,,,,,【動詞】改定する: revise
買取請求,かいとりせいきゅう,,appraisal rights,会社法の条文見出しの場合,,,,,
海難,かいなん,1,marine accident,,,,,,
海難,かいなん,2,marine casualty,,,,,,
海難,かいなん,3,disaster at sea,,,,,,
解任,かいにん,,dismissal,,,,,,【動詞】解任する: dismiss
改任,かいにん,,replace,,,,,,
改廃,かいはい,,amendment or repeal,,,,,,
開発途上地域,かいはつとじょうちいき,,developing area,,,,,,
開発費,かいはつひ,,development expenses,会計勘定科目,,,,,
回避する,かいひする,1,avoid,,,,,,
回避する,かいひする,2,withdrawal,,,,,,
回避する,かいひする,3,recuse oneself,裁判官等の回避の場合,,,,【注】訴訟手続等において、裁判官が利害関係の存在等の理由で自ら職務を回避する場合。,
回復することができない損害,かいふくすることができないそんがい,,irreparable damage,,,,,,
改変,かいへん,,alteration,,,,,,
外務員,がいむいん,,sales representative,,,,,,
買戻し,かいもどし,,redemption,,,,,,【動詞】買い戻す: redeem
解約,かいやく,1,termination,将来に向かって契約を失効させる意味,期間の定めのない賃貸借の解約の申入れ,Offers to Terminate Leases with Indefinite Terms,民法第617条,,
解約,かいやく,1,termination,将来に向かって契約を失効させる意味,,,,,【動詞】解約する: terminate
解約,かいやく,2,cancellation,契約解除の意味,,,,,【動詞】解約する: cancel
解約の申入れ,かいやくのもうしいれ,,notice of termination,,,,,,
海洋,かいよう,1,marine,,,,,,【関連】海事の、海上の、海に関する: maritime
海洋,かいよう,2,ocean,海水、水産動植物、海底地形等を含んだ実存する海そのもの,海洋海嶺,oceanic ridges,海洋法に関する国際連合条約第76条,,
海洋,かいよう,2,ocean,海水、水産動植物、海底地形等を含んだ実存する海そのもの,,,,,【形容詞】大洋の: oceanic※用法に注意が必要
海洋,かいよう,3,sea,,,,,,
海洋施設,かいようしせつ,,off-shore structure,,,,,,
外来生物,がいらいせいぶつ,,alien species,,,,,,
害を加える目的,がいをくわえるもくてき,,intent to do harm,,,,,,
加害者,かがいしゃ,1,perpetrator,,,,,,
加害者,かがいしゃ,2,offender,,,,,,
加害者,かがいしゃ,3,injuring party,,,,,,
価格,かかく,1,price,品物の価格・値段,市場価格ある株式,shares with a market price,,,
価格,かかく,2,value,金銭的価値,,,,,
価額,かがく,1,market value,,,,,,
価額,かがく,2,value,,,,,,
寡額,かがく,,minimum amount,,,,,,
科学技術,かがくぎじゅつ,,science and technology,,総合科学技術会議,Council for Science and Technology Policy,,,
価額決定の請求,かがくけっていのせいきゅう,,request for valuation,,,,,,
科学的知見,かがくてきちけん,1,scientific knowledge,,,,,,
科学的知見,かがくてきちけん,2,scientific findings,,,,,,
価格の決定,かかくのけってい,,determination of the price,,,,,,
価格の決定の申立て,かかくのけっていのもうしたて,,petition for the court to determine the price (or petition for determination of the price),,,,,,
価額の償還,かがくのしょうかん,,reimbursement of value,,,,,,
化学物質,かがくぶっしつ,,chemical substance,,,,,,
書留郵便,かきとめゆうびん,,registered mail,,,,,,
下級審,かきゅうしん,,lower instance court,,,,,,
下級の裁判所,かきゅうのさいばんしょ,,lower instance court,,,,,,
閣議,かくぎ,,cabinet meeting,,,,,,
閣議決定,かくぎけってい,,cabinet decision,,,,,,
学識経験,がくしきけいけん,,relevant expertise,,学識経験者,person with relevant expertise,,,
各種学校,かくしゅがっこう,,miscellaneous category school,,,,,,
確知,かくち,,ascertainment,,,,,,【動詞】確知する: ascertain
隔地者,かくちしゃ,,party at a distance,,隔地者に対する意思表示,manifestation of intention to a party at a distance,民法第97条第1項,,
格付,かくづけ,1,rating,一般的,,,,,
格付,かくづけ,2,grading,一般的,,,,,
格付,かくづけ,3,inspection,国が定めた一定基準をクリアしたものという意味で使う場合,,,,,
確定期限,かくていきげん,,fixed due date,,,,,,
確定裁判,かくていさいばん,,final and binding decision,,,,,,
確定審決,かくていしんけつ,,final and binding decision,,,,,,
確定申告,かくていしんこく,,tax return,,,,,,
確定する,かくていする,1,become final and binding,裁判・判決等の場合,,,,,
確定する,かくていする,2,fix,根抵当・根保証の元本の確定,,,,,
確定手続,かくていてつづき,,procedures to fix,,訴訟費用額の確定手続,procedures to fix amount of court costs,,,
確定判決,かくていはんけつ,,final and binding judgment,,,,,,
確定日付,かくていひづけ,,certified date,,確定日付のある証書,an instrument bearing a certified date,民法第467条第2項,,
確認,かくにん,1,confirmation,,,,,,【動詞】確認する: confirm
確認,かくにん,2,check,,,,,,
確認の訴え,かくにんのうったえ,,action for declaratory judgment,,,,,,
可決,かけつ,,approval,,,,,,
加工,かこう,,processing,,,,,,
化合物,かごうぶつ,,compounds,,揮発性有機化合物,volatile organic compounds,,,
化合物,かごうぶつ,,compounds,,けい素化合物,silicon compounds,,,
過誤納,かごのう,,payment by mistake,,,,,,
火災保険,かさいほけん,,fire insurance,,,,,,
加算税,かさんぜい,,additional tax,,,,,,
瑕疵,かし,,defect,,,,,,
瑕疵ある意思表示,かしあるいしひょうじ,,defective manifestation of intention,,,,,,
貸金業者,かしきんぎょうしゃ,,money lender,,,,,,
貸倒引当金,かしだおれひきあてきん,,allowance for doubtful accounts,会計勘定科目,,,,,
瑕疵担保責任,かしたんぽせきにん,,warranty against defects,,,,,,
過失,かしつ,,negligence,,,,,,
果実,かじつ,,fruits,,,,,,
貸付,かしつけ,,loan,,,,,,
貸付債権,かしつけさいけん,,loan claim,,,,,,
貸付信託,かしつけしんたく,,loan trust,,,,,,
過失相殺,かしつそうさい,,comparative negligence,,,,,,
貸主,かしぬし,1,creditor,原則,,,,【注】（反対語）借主: debtor,
貸主,かしぬし,2,lessor,不動産・物品の場合,,,,【注】（反対語）借主: lessee,
貸主,かしぬし,3,lender,金銭の場合,,,,【注】（反対語）借主: borrower,
過少申告加算税,かしょうしんこくかさんぜい,,additional tax for under report,,,,,,
貸渡し,かしわたし,,lease,,,,,,
貸す,かす,1,lend,金銭等原則的な場合,,,,,
貸す,かす,2,lease,不動産・物品の場合,,,,,
課す,かす,,impose,,許可を受ける者に不当な義務を課することとなるものであつてはならない,must not impose any undue obligation on the person receiving the license,職業安定法第32条の5,,
課税所得,かぜいしょとく,,taxable income,,,,,,
課税標準,かぜいひょうじゅん,,tax base,,,,,,
仮設人,かせつにん,,pseudonym,,議決権の保有者（他人（仮設人を含む。）の名義をもつて保有する者を含む）,a person that holds voting rights (including a person that holds those voting rights in the name of another person (or under a pseudonym)),,,
仮設人,かせつにん,,pseudonym,,,,,"【注】仮設人それ自体を単独で示す英語は存在しないので、意訳的ではあるが「仮設人の名義」全体の英訳として""pseudonym""を用いることとする。",
河川,かせん,,river,,,,,,
仮装する,かそうする,,falsify,,,,,,
過疎地域,かそちいき,,underpopulated area,,,,,,
過怠金,かたいきん,,monetary sanction,,組合又は連合会は、規約の定めるところにより、その施設の使用に関し十万円以下の過怠金を徴収することができる。,"A Society or Federation may collect a monetary sanction of not more than 100,000 yen in connection with the use of its facilities, pursuant to the provisions of its bylaws.",国民健康保険法第128条第2項,,
過怠金,かたいきん,,monetary sanction,,国土交通大臣は、国土交通省令で定めるところにより、偽りその他不正の行為により前項の占用料又は土砂採取料の徴収を免れた者から、その徴収を免れた金額の五倍に相当する金額以下の過怠金を徴収することができる。,"Pursuant to the provisions of Order of the Ministry of Land, Infrastructure, Transport and Tourism, the Minister of Land, Infrastructure, Transport and Tourism may impose a monetary sanction on a person that has escaped responsibility for the occupancy and use fee or earth and sand collection fee referred to in the preceding paragraph through fraud or other wrongful means, in an amount equivalent to no more than five times the amount that the person escaped responsibility for.",海洋再生可能エネルギー発電設備の整備に係る海域の利用の促進に関する法律第10条第7項,,
課徴金,かちょうきん,1,administrative monetary penalty,,,,,,
課徴金,かちょうきん,2,surcharge,例えば独占禁止法関連の場合,,,,,
かつ,かつ,,and,,,,,,
学校教育,がっこうきょういく,,school education,,,,,,
学校法人,がっこうほうじん,,incorporated educational institution,,,,,,
合算,がっさん,,totaling,,,,,,
割賦販売,かっぷはんばい,,installment sales,,,,,,
合併,がっぺい,,merger,,,,,,
合併会社,がっぺいがいしゃ,,merged company,,,,,,
合併契約,がっぺいけいやく,,merger agreement,,,,,,
課程,かてい,,course,,,,,,
家庭裁判所,かていさいばんしょ,,family court,,,,,,
加入者保護信託,かにゅうしゃほごしんたく,,beneficiary protection trust,,,,,,
可能性,かのうせい,,possibility,,,,,,
過半数,かはんすう,,majority,,,,,,
株券,かぶけん,,share certificate,,,,,,
株券喪失登録,かぶけんそうしつとうろく,,registration of lost share certificate,,,,,,
株券喪失登録簿,かぶけんそうしつとうろくぼ,,register of lost share certificates,,,,,,
株券発行会社,かぶけんはっこうがいしゃ,,share certificate-issuing company,,,,,,
寡婦控除,かふこうじょ,,widow deduction,,,,,,
寡夫控除,かふこうじょ,,widower deduction,,,,,,
株式,かぶしき,1,share,,,,,,
株式,かぶしき,2,stock,,,,,【注】文脈によりstockも許容される。,
株式移転,かぶしきいてん,,share transfer,,,,,,
株式移転完全子会社,かぶしきいてんかんぜんこがいしゃ,,wholly owned subsidiary company resulting from a share transfer,,,,,,
株式移転計画,かぶしきいてんけいかく,,share transfer plan,,,,,,
株式移転設立完全親会社,かぶしきいてんせつりつかんぜんおやがいしゃ,,wholly owning parent company incorporated in a share transfer,,,,,,
株式売渡請求,かぶしきうりわたしせいきゅう,,demand for a cash-out,会社法の場合,,,,,
株式会社,かぶしきがいしゃ,,stock company,,,,,,
株式買取請求,かぶしきかいとりせいきゅう,,exercise of appraisal rights,会社法の場合,,,,,
株式交換,かぶしきこうかん,,share exchange,,,,,,
株式交換完全親会社,かぶしきこうかんかんぜんおやがいしゃ,,wholly owning parent company resulting from a share exchange,,,,,,
株式交換完全親株式会社,かぶしきこうかんかんぜんおやかぶしきがいしゃ,,wholly owning parent stock company resulting from a share exchange,,,,,,
株式交換契約,かぶしきこうかんけいやく,,share exchange agreement,,,,,,
株式交換等完全親会社,かぶしきこうかんとうかんぜんおやがいしゃ,,"wholly owning parent company resulting from a share exchange, etc.",,,,,,
株式交換等完全子会社,かぶしきこうかんとうかんぜんこがいしゃ,,"wholly owned subsidiary company resulting from a share exchange, etc.",,,,,,
株式交付,かぶしきこうふ,,partial share exchange,,,,,,
株式交付親会社,かぶしきこうふおやがいしゃ,,parent company resulting from a partial share exchange,,,,,,
株式交付計画,かぶしきこうふけいかく,,partial share exchange plan,,,,,,
株式交付子会社,かぶしきこうふこがいしゃ,,subsidiary company resulting from a partial share exchange,,,,,,
株式交付費,かぶしきこうふひ,,stock issuance expenses,会計勘定科目,,,,,
株式所有会社,かぶしきしょゆうがいしゃ,,shareholding company,,,,,,
株式等売渡請求,かぶしきとううりわたしせいきゅう,,"demand for a share, etc. cash-out",会社法の場合,,,,,
株式分割,かぶしきぶんかつ,,share split,,,,,,
株式併合,かぶしきへいごう,,consolidation of shares,,,,,,
株式無償割当て,かぶしきむしょうわりあて,,allotment of share without contribution,,,,,,
貨物引換証,かぶつひきかえしょう,,inland bill of lading,,,,,,
株主,かぶぬし,1,shareholder,,,,,,
株主,かぶぬし,2,stockholder,,,,,【注】文脈によりstockholderも許容される。,
株主資本,かぶぬししほん,,shareholders' equity,会計勘定科目,,,,,
株主資本等変動計算書,かぶぬししほんとうへんどうけいさんしょ,,statement of changes in net assets,,,,,,
株主総会,かぶぬしそうかい,,shareholders meeting,,,,,,
株主総会参考書類,かぶぬしそうかいさんこうしょるい,,reference documents for shareholders meeting,,,,,,
株主名簿,かぶぬしめいぼ,,shareholder register,,,,,,
株主名簿管理人,かぶぬしめいぼかんりにん,,shareholder register administrator,,,,,,
加盟国,かめいこく,1,member state,,,,,,
加盟国,かめいこく,2,member country,,,,,,
加盟国,かめいこく,3,signatory,,,,,,
貨物,かもつ,1,freight,,,,,,
貨物,かもつ,2,goods,,,,,,
貨物,かもつ,3,cargo,,,,,,
…から…以内に,…から…いないに,,within … from …,,告示の日の翌日から起算して６か月以内に,within 6 months from the day following the date of public notice,,,
…から…までの規定,…から…までのきてい,,provisions of … through …,,,,,,
空売り,からうり,,short selling,,当該有価証券の売り付けが空売りであるか否かの別,whether the sale of those securites is a short sale,,,
空売り,からうり,,short selling,,,,,【注】個々の「空売り」には「short sale」が適切な場合もある。,
借入金,かりいれきん,,borrowings,,,,,,
仮拘禁,かりこうきん,,provisional detention,,仮拘禁許可状,provisional detention permit,,,
仮差押え,かりさしおさえ,1,provisional seizure,原則,,,,,
仮差押え,かりさしおさえ,2,provisional attachment,有体物の仮差押えの場合,,,,,
仮差押え,かりさしおさえ,3,provisional garnishment,債権の仮差押えの場合,,,,,
仮執行,かりしっこう,,provisional enforcement,,,,,,
仮指定,かりしてい,,provisional designation,,,,,,
仮釈放,かりしゃくほう,,parole,,,,,,
仮住所,かりじゅうしょ,,temporary address,,,,,,
仮出場,かりしゅつじょう,,provisional release (from misdemeanor detention or detention in workhouse in lieu of payment of fine),,,,,,
仮上陸,かりじょうりく,,provisional landing,,,,,,
仮処分,かりしょぶん,,provisional disposition,,,,,,
仮登記,かりとうき,,provisional registration,,,,,,
仮登録,かりとうろく,,provisional registration,,,,,,
借主,かりぬし,1,debtor,原則,,,,【注】（反対語）貸主: creditor,
借主,かりぬし,2,lessee,不動産・物品の場合,,,,【注】（反対語）貸主: lessor,
借主,かりぬし,3,borrower,金銭の場合,,,,【注】（反対語）貸主: lender,
仮納付,かりのうふ,,provisional payment,,,,,,
仮払,かりばらい,,provisional payment figured by estimate,,,,,,
仮放免,かりほうめん,,provisional release,,,,,,
科料,かりょう,,petty fine,,,,,,
過料,かりょう,,civil fine,,,,,,
仮理事,かりりじ,,provisional director,,,,,,
為替,かわせ,1,exchange,,為替差益,foreign currency transaction gain,,,
為替,かわせ,1,exchange,,為替変動,foreign exchange fluctuation,,,
為替,かわせ,1,exchange,,為替手形,bill of exchange,,,
為替,かわせ,1,exchange,,外国為替,foreign exchange,,,
為替,かわせ,1,exchange,,外国為替相場,foreign exchange rate,,,
為替,かわせ,1,exchange,,基準外国為替相場,base exchange rate,,,
為替,かわせ,1,exchange,,外国為替資金,foreign exchange reserve,,,
為替,かわせ,1,exchange,,先物為替,forward foreign exchange,,,
為替,かわせ,1,exchange,,先物為替予約,forward foreign exchange contract,,,
為替,かわせ,2,fund transfer,,為替取引,fund transfer transaction,,,
款,かん,,Subsection,,第１款,Subsection 1,,,
簡易公判手続,かんいこうはんてつづき,,summary criminal trial,,,,,【注】刑事に固有の手続であるためcriminalを明示した。,
簡易再生,かんいさいせい,,simplified rehabilitation,,,,,,
簡易裁判所,かんいさいばんしょ,,summary court,,,,,,
簡易の引渡し,かんいのひきわたし,,summary transfer,,,,,,
簡易配当,かんいはいとう,,simplified distribution,,,,,,
換価,かんか,1,sale,,,,,,
換価,かんか,2,realization,株式、社債など証券の場合,,,,,【動詞】換価する: realize
管轄,かんかつ,,jurisdiction,,,,,,
管轄区域,かんかつくいき,,jurisdictional district,,,,,,
管轄権,かんかつけん,,jurisdiction,,,,,,
管轄裁判所,かんかつさいばんしょ,,court with jurisdiction,,,,,,
管轄違い,かんかつちがい,,lack of jurisdiction,,,,,,
環境影響評価,かんきょうえいきょうひょうか,,environmental impact assessment,,,,,,
環境基本計画,かんきょうきほんけいかく,,fundamental environment plan,,,,,,
監禁,かんきん,,unlawful confinement,,,,,,【動詞】監禁する: confine
管区海上保安本部,かんくかいじょうほあんほんぶ,,Regional Coast Guard Headquarters,,,,,,
管区海上保安本部長,かんくかいじょうほあんほんぶちょう,,Commander of a Regional Coast Guard Headquarters,,,,,,
…関係,かんけい,,Re:,,輸出貿易管理令別表第一関係,Re: Appended Table 1 of the Export Control Oder,,,
関係会社,かんけいがいしゃ,,related company,,,,,,
関係各大臣,かんけいかくだいじん,,relevant minister,,,,,,
関係行政機関,かんけいぎょうせいきかん,,relevant administrative organ,,,,,,
関係者,かんけいしゃ,1,relevant person,,,,,,
関係者,かんけいしゃ,2,person concerned,,,,,,
関係当事者,かんけいとうじしゃ,1,relevant party,,,,,,
関係当事者,かんけいとうじしゃ,2,party concerned,,,,,,
関係人,かんけいにん,1,relevant person,,,,,,
関係人,かんけいにん,2,person concerned,,事件関係人,person concerned with a case,,,
関係人,かんけいにん,3,interested person,利害関係人,,,,,
官憲,かんけん,,the authorities,,,,,,
刊行物,かんこうぶつ,,publication,,,,,,
監護,かんご,1,custody,,子の監護に関する事項,matters regarding custody of child,民法第766条,,
監護,かんご,1,custody,,,,,【注】（出典）刑事訴訟法481条,
監護,かんご,1,custody,,,,,,【動詞】監護する: to have custody of
監護,かんご,2,care,,,,,,【動詞】監護する: to care for
官公署,かんこうしょ,,public agency,,,,,【注】官署の場合　国の税務官署　the commissioner of the national tax agency（行政手続における特定の個人を識別するための番号の利用等に関する法律附則6条5項）,
官公署,かんこうしょ,,public agency,,,,,,【注】公署の場合　官庁又は公署　government agency or other public office（地球温暖化対策の推進に関する法律48条6項）
勧告,かんこく,,recommendation,,,,,,【動詞】勧告する: recommend
看護師,かんごし,,nurse,,,,,,
監査,かんさ,1,audit,,,,,,【動詞】監査する: audit
監査,かんさ,2,inspection,,法務大臣は、この法律の適正な施行を期するため、その職員のうちから監査官を指名し、各刑事施設について、毎年一回以上、これに実地監査を行わせなければならない。,"In the interests of the appropriate enforcement of this Act, the Minister of Justice must designate inspectors from among the minister's staff and order the inspectors to conduct on-the-spot inspections at each penal institution at least once per annum.",刑事収容施設及び被収容者等の処遇に関する法律第5条,,
監査委員,かんさいいん,1,audit committee member,原則,,,,,
監査委員,かんさいいん,2,inspection committee member,特別清算の場合,,,,,
監査委員会,かんさいいんかい,,audit committee,,,,,,
管財人,かんざいにん,,trustee (in bankruptcy),,,,,,
管財人代理,かんざいにんだいり,,deputy trustee,,,,,,
監査証明,かんさしょうめい,,audit certification,,,,,,
鑑札,かんさつ,,permit,,,,,,
観察処分,かんさつしょぶん,,surveillance action,,,,,,
監査等委員,かんさとういいん,,audit and supervisory committee member,,,,,,
監査等委員会,かんさとういいんかい,,audit and supervisory committee,,,,,,
監査等委員会設置会社,かんさとういいんかいせっちがいしゃ,,company with audit and supervisory committee,,,,,,
監査報告,かんさほうこく,,audit report,,,,,,
監査法人,かんさほうじん,,audit corporation,,,,,,
監査役,かんさやく,,(company) auditor,原則としてcompany auditor であるが、前後関係から明らかである場合には、companyを省略し、auditorとするのも可。,,,,"【注】公益社団法人日本監査役協会のホームページ（http://www.kansa.or.jp/system/20120829.pdf）では、「監査役」の英訳は""audit & supervisory board member""であるが、監査役会のない会社の監査役の訳語に使用した場合、誤解を招く等の理由から法令英訳では使用しない。",
監査役会,かんさやくかい,,board of company auditors,,,,,,
監査役会設置会社,かんさやくかいせっちがいしゃ,,company with board of company auditors,,,,,,
監査役設置会社,かんさやくせっちがいしゃ,,company with company auditor(s),,,,,,
換算,かんさん,1,calculation,一般的な算定・算出と同義で用いられている場合,,,,,
換算,かんさん,2,translation,主に会計・税務上の目的から、外貨建資産・負債の価値を邦価で表すのに用いられている場合,為替換算差額,foreign currency translation differences,,,
換算,かんさん,2,translation,主に会計・税務上の目的から、外貨建資産・負債の価値を邦価で表すのに用いられている場合,為替換算調整勘定,foreign currency translation adjustments,,,
換算,かんさん,2,translation,主に会計・税務上の目的から、外貨建資産・負債の価値を邦価で表すのに用いられている場合,評価・換算差額等,valuation and translation adjustments,,,
換算,かんさん,3,conversion,計量単位を別のものに変換するときに用いられている場合,,,,,
監視,かんし,1,monitoring,,,,,,【動詞】監視する: monitor
監視,かんし,2,surveillance,,,,,,【動詞】監視する: survey
監事,かんじ,1,inspector,一般的な場合,,,,,
監事,かんじ,2,auditor,会計監査に近い場合,,,,,
幹事,かんじ,,executive secretary,,,,,,
慣習,かんしゅう,1,custom,原則,任意規定と異なる慣習,Custom Inconsistent with Default Rules,民法第92条,,
慣習,かんしゅう,2,usage,customより一般性が小さく規範性が弱い場合,取引上の慣習,usage of trade,民法第526条第2項,,
慣習,かんしゅう,3,practice,習俗・慣行,,,,,
慣習法,かんしゅうほう,,customary law,,,,,,
看守者,かんしゅしゃ,,guard,,,,,,
看守する,かんしゅする,,guard,,,,,,
勧奨,かんしょう,,encouragement,,,,,,
勘定,かんじょう,,account,,,,,,
勘定科目,かんじょうかもく,,accounting title,,,,,,
官職,かんしょく,,government position,,,,,,
関税,かんぜい,,customs,,,,,,
間接強制,かんせつきょうせい,,indirect enforcement,,,,,,
完全親会社,かんぜんおやがいしゃ,,wholly owning parent company,,,,,【注】実務では100％ parent company が使われることも多い,
完全子会社,かんぜんこがいしゃ,,wholly owned subsidiary company,,,,,,
鑑定,かんてい,1,expert examination,「鑑定する」という動作に言及する場合,相当の設備を有する法人に鑑定させる,have a corporation that has adequate equipment conduct an expert examination,,,
鑑定,かんてい,1,expert examination,「鑑定する」という動作に言及する場合,家庭裁判所に対し、証人尋問、鑑定、検証その他の証拠調べの申出をする,"make a request to the family court for examination of witnesses, expert evaluation, inspection, or other examination of evidence",,,
鑑定,かんてい,1,expert examination,「鑑定する」という動作に言及する場合,,,,"【注】""examination""には「尋問」の意味もあるため、そちらと混同されかねない場合、""examination by an expert""などと変形させたり、「何を鑑定するのか」に応じて""analysis""や""evaluation""などの語を用いたりすること。",
鑑定,かんてい,2,expert opinion,鑑定の結果としての「専門家の意見」に言及する場合,審理員は鑑定を求めることができる。,A review officer may seek an expert opinion.,,,
鑑定,かんてい,3,appraisal,「価格・価値を評価する」という動作に言及する場合,,,,,
鑑定書,かんていしょ,,written expert opinion,,,,,,
鑑定証人,かんていしょうにん,,expert witness,,,,,,
鑑定人,かんていにん,1,expert,裁判上の証拠方法としての鑑定の場合,,,,【注】鑑定人は、法廷で証言するとは限らない。,
鑑定人,かんていにん,2,appraiser,評価人の意味の場合,,,,,
鑑定の嘱託,かんていのしょくたく,,request for an expert examination,,,,,,
鑑定留置,かんていりゅうち,,detention for (expert) examination,,,,,,
鑑定留置状,かんていりゅうちじょう,,writ of detention for expert examination,,,,,,
監督,かんとく,,supervision,,,,,,【動詞】監督する: supervise
監督委員,かんとくいいん,,supervisor,,,,,,
監督員,かんとくいん,,supervisor,,,,,,
監督機関,かんとくきかん,,supervising body,,,,,,
監督人,かんとくにん,,supervisor,,,,,,
監督命令,かんとくめいれい,,supervision order,,,,,,
還付,かんぷ,,refund,,,,,【注】 供託金の場合,
還付加算金,かんぷかさんきん,,interest on tax refund,,,,,,
官報,かんぽう,,official gazette,,,,,,
元本,がんぽん,,principal,,元本に充当しなければならない,must be appropriated to satisfaction of the principal,民法第405条,,
元本確定期日,がんぽんかくていきじつ,,principal determination date,,,,,,
元本猶予期間,がんぽんゆうよきかん,,grace period to pay principal,,,,,【注】（出典）民事再生法199条3項,
勧誘,かんゆう,,solicitation,,,,,,【動詞】勧誘する: solicit
関与,かんよ,,participation,,,,,,【動詞】関与する: participate
関与行為,かんよこうい,1,involvement,,,,,,
関与行為,かんよこうい,2,participation,,,,,,
管理,かんり,1,administration,,,,,,
管理,かんり,2,management,,,,,【注】（出典）民事再生法66条,
管理職員,かんりしょくいん,,managerial personnel,,,,,,
管理責任者,かんりせきにんしゃ,,custodian,,,,,,
管理票,かんりひょう,,control documentation,,,,,,
管理命令,かんりめいれい,,administration order,,,,,,
関連会社,かんれんがいしゃ,,affiliated company,,,,,,
議案,ぎあん,1,proposal,,,,,,
議案,ぎあん,2,bill,,,,,,
起因して,きいんして,1,as a result of,,作業行動その他業務に起因して,as a result of the worker's occupational activities or duties,労働安全衛生法第2条第1号,,
起因して,きいんして,2,caused by,,公務上の負傷又は疾病に起因する職員の死亡,death of the personnel caused by injury or disease incurred in line of public duty,国家公務員法第94条第3号,,
起因して,きいんして,3,resulting from,,,,,,
帰化,きか,,naturalization,,,,,,
議会,ぎかい,1,assembly,国や独立した州レベルで使う場合が多い,,,,【注】使い分け基準は絶対的なものではない。,
議会,ぎかい,2,council,地方公共団体レベルで使う場合が多い、地方議会,,,,,
機械装置,きかいそうち,,machinery and equipment,会計勘定科目,,,,,
期間,きかん,1,period (of time),,,,,,
期間,きかん,2,term,,,,,,
機関訴訟,きかんそしょう,,interagency action,,,,,,
期間の経過後,きかんのけいかご,1,after (a period/term) has passed,,,,,,
期間の経過後,きかんのけいかご,2,after the expiration of (a period/term),,,,,,
期間の計算,きかんのけいさん,,computation of a period of time,,,,,,
期間の定めのある労働契約,きかんのさだめのあるろうどうけいやく,,fixed-term labor contract,,,,,,
期間の満了,きかんのまんりょう,,expiration of a period (of time),,,,,,
毀棄,きき,,destruction,,,,,,【動詞】毀棄する: damage
棄却,ききゃく,,dismissal,訴訟物（本案）に関する判断,,,,,【動詞】棄却する：dismiss
棄却,ききゃく,,dismissal,訴訟物（本案）に関する判断,抗告裁判所は、第八十八条第一項の規定による抗告状の写しの送付及びこれに代わる即時抗告があったことの通知をすることを要しないときは、前項において準用する第七十一条の規定による審理の終結の手続を経ることなく、即時抗告を却下し、又は棄却することができる。,"When the court in charge of an appeal is not required to send a copy of a petition for appeal or give notice of the filing of an immediate appeal as provided in the provisions of Article 88, paragraph (1), it may deny or dismiss the immediate appeal, without taking the step of concluding proceedings under the provisions of Article 71 as applied mutatis mutandis pur suant to the preceding paragraph.",家事事件手続法第93条第2項,,
棄却,ききゃく,,dismissal,訴訟物（本案）に関する判断,,,,"【注】「上告棄却」など、本案審理を伴わないものは、例外的に""denial""を使用することもある。",
企業,きぎょう,,enterprise,,,,,,
企業組合,きぎょうくみあい,,enterprise cooperative,,,,,,
起業者,きぎょうしゃ,1,entrepreneur,,,,,,
起業者,きぎょうしゃ,2,expropriator,,この法律において「起業者」とは、土地、第五条に掲げる権利若しくは第六条に掲げる立木、建物その他土地に定着する物件を収用し、若しくは使用し、又は前条に規定する土石砂れきを収用することを必要とする第三条各号の一に規定する事業を行う者をいう。,"The term ""expropriator"" as used in this Act means a person handling an undertaking in the public interest provided for in any of the items of Article 3, that needs to expropriate or use land, the rights stated in Article 5, or the standing trees, buildings, or other articles fixed on land stated in Article 6, or to expropriate the earth, stones, or gravel provided for in the preceding Article.",土地収用法第8条,,
起業者,きぎょうしゃ,2,expropriator,,,,,【注】「起業者」は、土地収用法に関する文脈では「事業にあたり土地を収用・使用する必要がある?」をいう。,
企業集団,きぎょうしゅうだん,,group of enterprises,,,,,,
企業担保権,きぎょうたんぽけん,,floating charge,,企業担保権の実行,enforcement of a floating charge,,,
基金,ききん,1,foundation,,,,,,
基金,ききん,2,fund,,,,,,
偽計,ぎけい,,fraudulent means,,,,,,
議決,ぎけつ,,resolution,,,,,,
議決権,ぎけつけん,1,voting rights,原則,,,,,
議決権,ぎけつけん,2,right to vote,議決権の有無が問題の場合,,,,【注】right to vote は議決する権利があるかないかの問題なので英語では不可算である。,
議決権,ぎけつけん,3,( a ) vote,議決権の数が問題の場合すなわち票・投票そのもの,株主総会の決議は、定款に別段の定めがある場合を除き、議決権を行使することができる株主の議決権の過半数を有する株主が出席し、出席した当該株主の議決権の過半数をもって行う。,"Unless otherwise provided for in the articles of incorporation, the resolution　at a shareholders meeting is passed by a majority of the votes of the shareholders presentat the meeting where the shareholders holding a majority of the votes of the shareholders who are entitled to vote are present.",会社法第309条第1項,,
議決権行使書面,ぎけつけんこうししょめん,,voting form,,,,,,
議決権制限株式,ぎけつけんせいげんかぶしき,,share with restricted voting right,,,,,,
期限,きげん,1,time limit,,条件及び期限,conditions and time limit,民法第1編第5章第5節見出し,,
期限,きげん,2,assigned time,,期限の到来の効果,effect of arrival of assigned time,民法第135条見出し,,
期限,きげん,3,term,,,,,,
期限,きげん,4,period of time,,,,,,
危険運転,きけんうんてん,,dangerous driving,,,,,,
危険な作業,きけんなさぎょう,1,dangerous work,,,,,,
危険な作業,きけんなさぎょう,2,dangerous operations,,,,,,
危険負担,きけんふたん,,bearing of risk,,,,,,
危険物,きけんぶつ,1,hazardous material,原則,,,,,
危険物,きけんぶつ,2,dangerous goods,,,,,"【注】「物」についてはmaterial, goodsのほかsubstanceを適宜文脈に応じて使用する。",
寄港地,きこうち,,port of call,,,,,,
記載又は記録事項,きさいまたはきろくじこう,1,information required to be specified or recorded (in the articles of incorporation),記録すべき場合,定款の記載又は記録事項,information required to be specified or recorded in the articles of incorporation,会社法第27条、第576条,,
記載又は記録事項,きさいまたはきろくじこう,2,information specified or recorded (in the articles of incorporation),実際に記録されている場合,定款の記載又は記録事項,information specified or recorded in the articles of incorporation,会社法第33条,,
議事,ぎじ,1,meeting,議事の経過,議事を開き、議決することができない,may not open a meeting or pass any resolutions,更生保護法第11条第2項,,
議事,ぎじ,2,decision,議事を決す場合,議事は、出席委員の過半数で決し、,"Decisions are effected by a majority of the members present,",労働組合法第21条第4項,,
議事,ぎじ,3,business,会議の内容をさす場合,創立総会の議事については、議事録を作成しなければならない,Minutes must be prepared with respect to the business of Organizational Meeting,会社法第81条,,
期日,きじつ,,date,,払込期日,the payment date,,,
期日外,きじつがい,,other than the appearance date,,,,,【注】訴訟法上の意義での「期日」は、裁判所、当事者その他の関係人が会合して訴訟行為をなすための時間 。期日外という場合（民事訴訟法149条など）、「期日」の開かれた時間外のことであり、期日と同日であってもよい。,
期日間整理手続,きじつかんせいりてつづき,,interim conference procedure,,,,,,
期日の変更,きじつのへんこう,,change of date,,,,,,
期日の呼出し,きじつのよびだし,,summons for appearance date,,,,,,
技術,ぎじゅつ,1,technology,,,,,,
技術,ぎじゅつ,2,skill,,,,,,
技術基準,ぎじゅつきじゅん,,technical standard,,,,,,
技術協力,ぎじゅつきょうりょく,,technical cooperation,,,,,,
技術的指導,ぎじゅつてきしどう,,technical guidance,,,,,,
技術的能力,ぎじゅつてきのうりょく,1,technical capability,,,,,,
技術的能力,ぎじゅつてきのうりょく,2,technical competence,,,,,,
技術的範囲,ぎじゅつてきはんい,,technical scope,,,,,,
技術評価,ぎじゅつひょうか,,technical opinion,,,,,,
基準,きじゅん,1,standard,,承認の基準,standard for approval,外国弁護士による法律事務の取扱い等に関する法律第12条,,
基準,きじゅん,2,requirement,,,,,,
基準,きじゅん,3,criterion,,,,,,
基準債権,きじゅんさいけん,,standard claim,,,,,【注】（出典）民事再生法231条2項3号,
基準割合,きじゅんわりあい,,benchmark rate,,,,,,
偽証,ぎしょう,,perjury,,,,,,
議事録,ぎじろく,,minutes,,創立総会の議事については、…議事録を作成しなければならない,Minutes must be prepared with respect to the business of Organizational Meetings,会社法第81条,,
規制,きせい,1,regulation,,ヒトに関するクローン技術等の規制,Regulation of Human Cloning Techniques,ヒトに関するクローン技術等の規制に関する法律,,
規制,きせい,2,control,,土地利用の規制に関する措置,Measures to control land use,土地基本法第12条第1項,,
擬制,ぎせい,,deemed,,,,,【注】「擬制」に適切に対応する英語はない。他方、法文中で「擬制」の言葉が出てくるのは全て見出しであり、本文には出てこない。例えば外国等に対する我が国の民事裁判権に関する法律第６条には、見出しとして「同意の擬制」が掲げてある。本文では「外国等が次に掲げる行為をした場合には、前条第一項の同意があったものとみなす。」となっており、みなし規定となっている。見出しに「擬制」が使われている他の例も全て同様である。そこで、例えば、「同意の擬制」はdeemed consent、「訴えの取下げの擬制」はdeemed withdrawal of action、「陳述の擬制」はdeemed statementというように、「Aの擬制」をdeemed Aのように翻訳する。,
規制基準,きせいきじゅん,,regulation standard,,,,,,
既成条件,きせいじょうけん,1,fulfilled condition,,,,,,
既成条件,きせいじょうけん,2,satisfied condition,,,,,,
規制措置,きせいそち,,control measure,,,,,,
規制地域,きせいちいき,,regulated area,,,,,,
起訴,きそ,,institution of prosecution,,,,,【注１】prosecutionのみでは、公訴の提起から公判維持活動を含む訴追活動の全過程を意味するため。【注２】indictmentはアメリカで大陪審起訴を意味し、誤解を避けるため。,
起訴,きそ,,institution of prosecution,,,,,,【動詞】起訴する: institute prosecution
偽造,ぎぞう,1,counterfeit,,偽造私文書等行使,Uttering of Counterfeit Private Documents,刑法第161条,,
偽造,ぎぞう,1,counterfeit,,,,,,【動詞】偽造する: counterfeit
偽造,ぎぞう,2,forgery,,相続に関する被相続人の遺言書を偽造し、変造し、破棄し、又は隠匿した者,"a person who forges, alters, destroys, or conceals the will of the decedent as regards succession.",民法第891条,,
規則,きそく,1,Regulation,法形式が省令の場合,商法施行規則,Regulations for Enforcement of the Commercial Code,,,
規則,きそく,2,Rule,法形式が規則の場合,民事訴訟規則,Rules of Civil Procedure,,,
規則,きそく,2,Rule,法形式が規則の場合,公正取引委員会規則,Fair Trade Commission Rules,,,
基礎控除,きそこうじょ,,basic personal exemption,,,,,,
起訴状,きそじょう,,charging instrument,,,,,【注】indictmentはアメリカで大陪審起訴を意味し、誤解を避けるため。,
毀損,きそん,1,defamation,名誉毀損,名誉毀損における原状回復,Recovery in Defamation,民法第723条,,
毀損,きそん,1,defamation,名誉毀損,,,,,【動詞】名誉を毀損する: defame
毀損,きそん,2,damage,（信用や物の）毀損,信用毀損,Damage to Credit,刑法第233条,,
毀損,きそん,2,damage,（信用や物の）毀損,,,,,【動詞】毀損する: damage
寄託,きたく,,bailment,,,,,,【動詞】寄託する: make a bailment of …
寄託者,きたくしゃ,,bailor,,,,,,
寄託物,きたくぶつ,,bailed goods,,,,,,
議長,ぎちょう,,chairperson,,,,,,
規程,きてい,1,rules,,,,,,
規程,きてい,2,procedure,,,,,,
規程,きてい,3,regulation,,,,,,
規定,きてい,,provision,,,,,,【動詞】規定する: provide
議定書,ぎていしょ,,protocol,,,,,,
議定書附属書,ぎていしょふぞくしょ,,annex (to protocol),,,,,,
技能,ぎのう,1,skill,,,,,,
技能,ぎのう,2,technique,,,,,,【形容詞】技能の: technical
既判力,きはんりょく,,res judicata,,,,,,
忌避,きひ,,challenge,,,,,【注】訴訟手続における裁判官の忌避の意味。,
忌避する,きひする,1,evade,,検査を忌避する,evade inspection,,,
忌避する,きひする,2,challenge,,裁判官を忌避する,challenge the judge,,,
忌避する,きひする,3,demand the recusal of,,裁判官を忌避する,demand the recusal of the judge,,,
寄附金,きふきん,,contribution,,,,,,
寄附行為,きふこうい,1,act of endowment,財団法人を設立する行為,,,,,
寄附行為,きふこうい,2,articles of endowment,財団法人の根本規則,,,,,
基本契約,きほんけいやく,,master agreement,,手続実施基本契約,master agreement for implementation of dispute resolution procedures,,,
基本原則,きほんげんそく,,fundamental principle,,,,,,
基本的,きほんてき,1,basic (matter),,,,,,
基本的人権,きほんてきじんけん,,fundamental human rights,,,,,,
基本法,きほんほう,,Basic Act,,原子力基本法,Basic Act on Atomic Energy,,,
基本法,きほんほう,,Basic Act,,環境基本法,Basic Act on the Environment,,,
基本法,きほんほう,,Basic Act,,男女共同参画社会基本法,Basic Act on Gender-Equal Society,,,
義務,ぎむ,1,obligation,原則,義務のないこと,no obligation to perform,刑法第223条,,
義務,ぎむ,2,duty,権利と対比される義務,業務を執行する社員は、善良な管理者の注意をもって、その職務を行う義務を負う。,Partners who execute the business have the duty to perform their duties with due care of a prudent manager.,会社法第593条,,
義務教育,ぎむきょういく,,compulsory education,,,,,,
義務承継人の訴訟引受け,ぎむしょうけいにんのそしょうひきうけ,,assumption of suit by successor of obligation,,,,,,
義務付けの訴え,ぎむづけのうったえ,,mandamus action,,,,,,
記名押印,きめいおういん,,affixing the name and seal,,,,,,【動詞】記名押印する: affix the name and seal
記名式,きめいしき,1,registered,原則,,,,,
記名式,きめいしき,2,open,記名投票の場合,,,,,
記名式,きめいしき,3,special,記名式裏書の場合,,,,,
記名社債,きめいしゃさい,,registered bond,,,,,,
規約,きやく,1,constitution,,労働組合の規約,the constitution of a labor union,労働組合法第5条第2項,,
規約,きやく,2,rules,,事業者又は事業者団体は、…公正な競争を確保するための協定又は規約を締結し、…,An enterprise or a trade association may conclude an agreement or establish rules …,不当景品類及び不当表示防止法第12条,,
規約,きやく,3,bylaws,,,,,,
却下,きゃっか,1,denial,手続きに関する判断についての原則的な場合,,,,,【動詞】却下する：deny
却下,きゃっか,1,denial,手続きに関する判断についての原則的な場合,申立てによってのみ裁判をすべき場合において申立てを却下した決定,an order to deny a petition if a judicial decision is to be made only when a petition is filed,非訟事件手続法第59条第1項第1号,,
却下,きゃっか,1,denial,手続きに関する判断についての原則的な場合,,,,"【注】「上告棄却」など、本案審理を伴わないものは、例外的に""denial""を使用することもある。",
却下,きゃっか,2,dismissal,手続きに関する判断についてであるが、条約が国内法化された法律において条約原文がこの訳語を用いている等の例外的な場合,,,,,【動詞】却下する：dismiss
却下,きゃっか,2,dismissal,手続きに関する判断についてであるが、条約が国内法化された法律において条約原文がこの訳語を用いている等の例外的な場合,日本国返還援助申請の却下,Dismissal of Application for Assistance in Child's Return to Japan,国際的な子の奪取の民事上の側面に関する条約の実施に関する法律第13条,,
休暇,きゅうか,,leave,,,,,,
救急業務,きゅうきゅうぎょうむ,,ambulance service,,,,,,
休業,きゅうぎょう,,(temporary) absence from work,,,,,,
休業給付,きゅうぎょうきゅうふ,,benefit for (temporary) absence from,,,,,,
休業補償,きゅうぎょうほしょう,,compensation for absence from work,,,,,,
休止,きゅうし,1,discontinuance,それ以上継続させない停止,,,,,【動詞】休止する: discontinue
休止,きゅうし,2,suspension,一時休止,,,,,【動詞】休止する: suspend
吸収合併,きゅうしゅうがっぺい,,absorption-type merger,,,,,,
吸収合併契約,きゅうしゅうがっぺいけいやく,,absorption-type merger agreement,,,,,,
吸収合併消滅会社,きゅうしゅうがっぺいしょうめつがいしゃ,,company disappearing in an absorption-type merger,,,,,,
吸収合併消滅株式会社,きゅうしゅうがっぺいしょうめつかぶしきがいしゃ,,stock company disappearing in an absorption-type merger,,,,,,
吸収合併存続会社,きゅうしゅうがっぺいそんぞくがいしゃ,,company surviving an absorption-type merger,,,,,,
吸収合併存続株式会社,きゅうしゅうがっぺいそんぞくかぶしきがいしゃ,,stock company surviving an absorption-type merger,,,,,,
吸収分割,きゅうしゅうぶんかつ,,absorption-type company split,,,,,,
吸収分割会社,きゅうしゅうぶんかつがいしゃ,,company splitting in an absorption-type split,,,,,,
吸収分割株式会社,きゅうしゅうぶんかつかぶしきがいしゃ,,stock company splitting in an absorption-type split,,,,,,
吸収分割契約,きゅうしゅうぶんかつけいやく,,absorption-type company split agreement,,,,,,
吸収分割契約新株予約権,きゅうしゅうぶんかつけいやくしんかぶよやくけん,,share option in an absorption-type company split agreement,,,,,,
吸収分割承継会社,きゅうしゅうぶんかつしょうけいがいしゃ,,company succeeding in an absorption-type split,,,,,,
吸収分割承継株式会社,きゅうしゅうぶんかつしょうけいかぶしきがいしゃ,,stock company succeeding in an absorption-type split,,,,,,
吸収分割承継持分会社,きゅうしゅうぶんかつしょうけいもちぶんがいしゃ,,membership company succeeding in an absorption-type split,,,,,,
救助,きゅうじょ,1,rescue,人命等の救助,人命の救助,rescue of human life,海上交通安全法第9条,,
救助,きゅうじょ,2,aid,裁判上の救助,,,,,
救助,きゅうじょ,3,salvage,海難救助,,,,,
求償権,きゅうしょうけん,1,right to reimbursement,原則,,,,,
求償権,きゅうしょうけん,2,right to indemnification,保証人の求償権の場合,,,,,
求償権,きゅうしょうけん,3,right to remedy over,賠償責任に係る求償権の場合,,,,,
休職,きゅうしょく,,administrative leave,,,,,,
救助の決定,きゅうじょのけってい,,ruling to grant aid,,,,,,
救助料,きゅうじょりょう,,salvage charge,船舶救助料,,,,,
急速,きゅうそく,,urgency,,,,,,【形容詞】急速な: urgent
急速を要する場合,きゅうそくをようするばあい,,in case of urgency,,,,,,
急迫,きゅうはく,,imminence,,,,,,【形容詞】急迫な: imminent
急迫の事情,きゅうはくのじじょう,,pressing circumstances,,委任が終了した場合において、急迫の事情があるときは、…,"In cases where a mandate has terminated, if there are pressing circumstances, …",民法第654条,,
急迫不正の侵害,きゅうはくふせいのしんがい,,imminent and unlawful infringement,,,,,,
給付,きゅうふ,1,performance,原則,不法な原因のために給付をした者は、その給付したものの返還を請求することができない,A person who has tendered performance of an obligation for an illegal cause may not demand the return of the thing tendered,民法第708条,,
給付,きゅうふ,1,performance,原則,,,,,【動詞】給付する: perform
給付,きゅうふ,2,payment,金銭等の場合,災害補償に相当する給付,payments equivalent to accident compensation,労働基準法第84条,,
給付,きゅうふ,2,payment,金銭等の場合,,,,,【動詞】給付する: pay
給付,きゅうふ,3,delivery,物等の場合,債務者が物の給付をするのに必要な行為を完了し、…,"the obligor has completed the acts necessary to deliver the Thing,…",民法第401条第2項,,
給付,きゅうふ,3,delivery,物等の場合,,,,,【動詞】給付する: deliver
給付,きゅうふ,4,benefit,医療給付・傷害給付等、「～給付」等の場合,救済給付,Relief Benefits,石綿に寄る健康被害の救済に関する法律第3条,,
給付,きゅうふ,5,distribution,信託法における給付,,,,,
給付基礎日額,きゅうふきそにちがく,,basic daily benefit amount,,,,,,
旧法,きゅうほう,,former act,,,,,,
休眠会社,きゅうみんがいしゃ,,dormant company,,,,,,
給与準則,きゅうよじゅんそく,,remuneration plan,,,,,,
給与所得,きゅうよしょとく,,salary income,,,,,,
給与所得者等再生,きゅうよしょとくしゃとうさいせい,,"rehabilitation for salaried workers, etc.",,,,,,
給与簿,きゅうよぼ,,payroll,,,,,,
給料,きゅうりょう,1,salary,原則,,,,,
給料,きゅうりょう,2,compensation,俸給その他の用語と区別する必要がある場合,俸給及び給料の支払,payment of salaries and compensation,国家公務員法第13条,,
寄与,きよ,,contribution,,,,,【注】寄与分: amount of contribution（後記「寄与分」参照）,
寄与,きよ,,contribution,,,,,,【動詞】寄与する: contribute
教育,きょういく,1,education,,,,,,【動詞】教育する: educate
教育,きょういく,2,instruction,,災害を受けた児童及び生徒の応急の教育に関する事項,matters involved in temporary instruction of children and school children affected by disaster,災害対策基本法第50条,,
教育,きょういく,2,instruction,,,,,,【動詞】教育する: instruct
教育委員会,きょういくいいんかい,,board of education,,,,,,
教育課程,きょういくかてい,,curriculum,,,,,【複数形の場合】curricula,
共益債権,きょうえきさいけん,,common-benefit claim,,,,,,
共益費用,きょうえきひよう,1,expenses for common benefit,原則,,,,,
共益費用,きょうえきひよう,2,administrative expenses,会社更生・民事再生等の場合,,,,,
境界,きょうかい,,boundary,,,,,,
境界線,きょうかいせん,,boundary line,,,,,,
境界標,きょうかいひょう,,boundary marker,,,,,,
恐喝,きょうかつ,,extortion,,,,,,【動詞】恐喝する: extort
凶器,きょうき,,weapon,,,,,,
協議,きょうぎ,1,consultation,"主として、専門家などの、より詳しい者に意見や助言を求める場合。そのほか、動詞ではなく名詞 ""consultation""を使う場合は、契約当事者間など対等な立場の者の間での話し合いを意味する場合もある",,,,,【動詞】協議する: consult with
協議,きょうぎ,2,deliberation,委員会における委員間での審議や評議など、対等な立場の者が話し合う場合,,,,,【動詞】協議する: deliberate
協議,きょうぎ,3,agreement,合意,協議上の離婚,divorce by agreement,民法第767条,,
協議会,きょうぎかい,1,council,,,,,,
協議会,きょうぎかい,2,(joint) committee,,,,,,
協議上の離婚,きょうぎじょうのりこん,,divorce by agreement,,,,,,
協業組合,きょうぎょうくみあい,,cooperative partnerships,,,,,,
強行規定,きょうこうきてい,,mandatory rules,,,,,,
教唆,きょうさ,1,abetment,,,,,,
教唆,きょうさ,2,solicitation,,,,,,
教唆,きょうさ,3,inducement,,,,,"【注】正犯（被教唆者）が犯罪の実行に着手する必要がある。【Note】""Inducement"" is punishable in case where a principal subsequently commences the commission of a crime.",
教唆,きょうさ,3,inducement,,,,,,【動詞】教唆する: induce
共済掛金,きょうさいかけきん,,mutual aid premium,,,,,,
共済金,きょうさいきん,,mutual aid proceeds,,,,,,
共済組合,きょうさいくみあい,,mutual aid association,,,,,,
共済契約,きょうさいけいやく,,mutual aid contract,,,,,,
共済年金,きょうさいねんきん,,mutual aid pension,,,,,,
教唆者,きょうさしゃ,,abettor,,,,,,
業種,ぎょうしゅ,,business type,,,,,,
供述,きょうじゅつ,,statement,,,,,,
供述者,きょうじゅつしゃ,,declarant,,,,,,
共助,きょうじょ,1,assistance,,,,,,
共助,きょうじょ,2,mutual legal assistance,,,,,,
共助,きょうじょ,3,cooperation,援助ではなく、共同して行う場合,確定裁判の執行の共助,cooperation in the enforcement of final and binding decisions,国際受刑者移送法第1条,,
共助,きょうじょ,3,cooperation,援助ではなく、共同して行う場合,共助刑,cooperative punishment,,,
共助,きょうじょ,3,cooperation,援助ではなく、共同して行う場合,,,,,【形容詞】 cooperative
供する,きょうする,,provide,,公務所の用に供する文書,document provided for use of the public office,刑法第258条,,
行政,ぎょうせい,,administration,,,,,,【形容詞】行政の: administrative
強制換価手続,きょうせいかんかてつづき,,compulsory selling-out procedure,,,,,,
強制管理,きょうせいかんり,,compulsory administration,,,,,,
行政機関,ぎょうせいきかん,,administrative organ,,,,,,
強制競売,きょうせいけいばい,,compulsory auction,,,,,,
行政事件訴訟,ぎょうせいじけんそしょう,,administrative case litigation,,,,,,
強制執行,きょうせいしっこう,,(judicial) enforcement,,訴訟代理人は、委任を受けた事件について、反訴、参加、強制執行、仮差押え及び仮処分に関する訴訟行為をし、かつ、弁済を受領することができる。,"A litigation representative may perform procedural acts involved in a counterclaim, intervention, judicial enforcement, provisional seizure, or provisional disposition and may receive payments, in connection with a case with which the representative has been entrusted.",民事訴訟法第55条第1項,,
強制執行,きょうせいしっこう,,(judicial) enforcement,,,,,"【注】文脈上、""enforcement""の意味が「強制執行」であることが明らかである場合は""judicial""は要しない。",
行政指導,ぎょうせいしどう,,administrative guidance,,,,,,
行政事務,ぎょうせいじむ,,administrative affairs,,,,,,
行政処分,ぎょうせいしょぶん,,administrative disposition,,,,,,
行政措置,ぎょうせいそち,,administrative measure,,,,,,
行政庁,ぎょうせいちょう,,administrative authority,,,,,,
行政手続,ぎょうせいてつづき,,administrative procedure,,行政手続法,Administrative Procedure Act,,,
行政不服審査,ぎょうせいふふくしんさ,,administrative appeal,,,,,,
強制履行,きょうせいりこう,,compulsory performance,,,,,【注】「強制履行」とは、債務者が任意に履行しない場合に、国家機関によって強制的に債権の内容を実現することをいう。,
競争上の地位,きょうそうじょうのちい,,competitive position,,,,,,
供託,きょうたく,,deposit with an official depository,,,,,,
供託金,きょうたくきん,,deposit money (deposited with an official depository),,,,,,
供託所,きょうたくしょ,,official depository,,,,,,
協定,きょうてい,,agreement,,,,,,
共同海損,きょうどうかいそん,,general average,,,,,,
協同組合,きょうどうくみあい,,cooperative,,,,,,
共同原告,きょうどうげんこく,,coplaintiff,,,,,,
共同正犯,きょうどうせいはん,,coprincipal (in crime),,,,,,
共同相続,きょうどうそうぞく,,joint succession,,,,,,
共同相続人,きょうどうそうぞくにん,,coheir,,,,,,
協同組織金融機関,きょうどうそしききんゆうきかん,,cooperative financial institution,,,,,,
共同訴訟,きょうどうそしょう,1,joint suit,,,,,,
共同訴訟,きょうどうそしょう,2,joint action,,,,,,
共同訴訟参加,きょうどうそしょうさんか,,intervention as coparty,,,,,,
共同訴訟人,きょうどうそしょうにん,,coparty (in action),,,,,,
共同著作物,きょうどうちょさくぶつ,,work of joint authorship,,,,,,
共同抵当,きょうどうていとう,,joint mortgage,,,,,,
共同根抵当,きょうどうねていとう,,joint revolving mortgage,,共同根抵当の変更,alterations of joint revolving mortgages,民法第398条の17見出し,,
共同被告,きょうどうひこく,,codefendant,,,,,,
共同被告人,きょうどうひこくにん,,codefendant,,,,,【注】（出典）刑事訴訟法148条,
共同不法行為,きょうどうふほうこうい,,joint tort,,,,,,
共同保証人,きょうどうほしょうにん,,joint guarantor,,,,,,
業として,ぎょうとして,1,on a regular basis,反復・継続して,試験研究のため第一種特定化学物質を業として使用しようとするとき,intends to use a Class I Specified Chemical Substance on a regular basis for testing and research purposes,化学物質の審査及び製造等の規制に関する法律第15条,,
業として,ぎょうとして,2,in the course of trade,営利目的をもって,動物の販売を業として行う者,A person who sells animals in the course of trade,動物の愛護及び管理に関する法律第8条,,
強迫,きょうはく,,duress,,,,,,
脅迫,きょうはく,,intimidation,,,,,,【動詞】脅迫する: intimidate
共犯,きょうはん,1,complicity,共犯関係を指す場合,,,,,
共犯,きょうはん,2,accomplice,共犯である人を指す場合,…身分のない者であっても、共犯とする,…the person is an accomplice even without such status,刑法第65条第1項,,
業務,ぎょうむ,1,operations,,,,,,
業務,ぎょうむ,2,business,,,,,,
業務,ぎょうむ,3,duties,,,,,,
業務規程,ぎょうむきてい,,operational rules,,,,,,
業務災害,ぎょうむさいがい,,employment injury,,,,,,
業務執行,ぎょうむしっこう,,execution of business,,,,,,
業務執行者,ぎょうむしっこうしゃ,1,person who executes (the) business,,,,,,
業務執行者,ぎょうむしっこうしゃ,2,executive,会社法の場合,,,,,
業務執行社員,ぎょうむしっこうしゃいん,1,managing member,,,,,,
業務執行社員,ぎょうむしっこうしゃいん,2,executive member,,,,,,
業務執行取締役,ぎょうむしっこうとりしまりやく,,executive director,,,,,,
業務上,ぎょうむじょう,,in the course of their duties,,弁理士又は弁理士であった者は、正当な理由がなく、その業務上取り扱ったことについて知り得た秘密を漏らし、又は盗用してはならない。,"It is prohibited for a patent attorney or a person that has held this position to divulge or misappropriate any secret learned in the course of their duties, without legitimate grounds for doing so.",弁理士法第第30条第1項,,
業務上,ぎょうむじょう,,in the course of their duties,,,,,"【注】「業務上〇〇する」の動作主が企業や団体の場合、""in the course of business""を用いること。",
業務の委託,ぎょうむのいたく,1,entrustment of operation,,,,,,
業務の委託,ぎょうむのいたく,2,request of the provision of services,,,,,,
業務妨害,ぎょうむぼうがい,,obstruction of business,,,,,,【動詞】業務を妨害する: obstruct business
業務方法書,ぎょうむほうほうしょ,,operational method statement,,,,,,
享有,きょうゆう,,enjoyment,,,,,,【動詞】享有する: enjoy
共有,きょうゆう,,co-ownership,,,,,"【注】「共有」の""co""の後にはハイフンを入れることで統一する",
共有者,きょうゆうしゃ,,co-owners,,,,,,
共有著作権,きょうゆうちょさくけん,,joint copyright,,,,,,
共有物,きょうゆうぶつ,,property in co-ownership,,,,,,
共有物の分割,きょうゆうぶつのぶんかつ,,partition of property in co-ownership,,,,,,
共有持分,きょうゆうもちぶん,,co-ownership interest,,共有持分の買戻特約,co-ownership interest with special agreements on redemption,民法第584条,,
供与,きょうよ,,give,,,,,,【動詞】供与する: give
強要,きょうよう,1,compulsion,,,,,,
強要,きょうよう,2,coercion,,,,,,
強要,きょうよう,3,force,,,,,,
許可,きょか,1,permission,原則,法務大臣は、再入国の許可を与える場合には、当該許可が効力を生ずるものとされた日から五年を超えない範囲内においてその有効期間を定めるものとする。,"When granting re-entry permission, the Minister of Justice must set a term of validity that extends no more than five years beyond the date on which the permission becomes valid.",出入国管理及び難民認定法第26条第3項,,
許可,きょか,1,permission,原則,,,,,【動詞】許可する: permit
許可,きょか,2,license,一回的でなく継続的な許可,事業の許可,Business License,ガス事業法第3条見出し,,
許可,きょか,2,license,一回的でなく継続的な許可,,,,,【動詞】許可する: license
許可抗告,きょかこうこく,,appeal with permission,,,,,,
許可書,きょかしょ,,permit,,,,,,
許可状,きょかじょう,,permit,,,,,,
虚偽,きょぎ,,false,,,,,,
虚偽記載,きょぎきさい,,false statement,,,,,,
虚偽表示,きょぎひょうじ,1,false manifestation of intention,瑕疵ある意思表示の意で用いる場合,相手方と通じてした虚偽の意思表示は、無効とする,Any false manifestation of intention made in collusion with another party(ies) is void,民法第94条,,
虚偽表示,きょぎひょうじ,2,misrepresentation,不実表示の意で用いる場合,,,,,
虚偽表示,きょぎひょうじ,3,simulation,,,,,,
漁業,ぎょぎょう,,fishing industry,,,,,,
極度額,きょくどがく,,maximum amount,,根抵当権の極度額の変更,alterations in the maximum amount of a revolving mortgage,民法第398条の5,,
極度方式基本契約,きょくどほうしききほんけいやく,,basic contract for a revolving credit loan,,,,,,
居住,きょじゅう,,residence,,,,,,【動詞】居住する: reside
居住者,きょじゅうしゃ,,resident,,,,,,
居住地,きょじゅうち,,place of residence,,,,,,
拠出金,きょしゅつきん,,contribution,,当初拠出金,initial contribution,,,
拠出金,きょしゅつきん,,contribution,,売却時拠出金,contribution upon sale,,,
居所,きょしょ,,residence,,,,,,
挙証者,きょしょうしゃ,,party who offers the evidence,,,,,,
拒絶,きょぜつ,1,refusal,,,,,,【動詞】拒絶する: refuse
拒絶,きょぜつ,2,rejection,,（特許の）拒絶査定,rejection decision,,,
拒絶,きょぜつ,2,rejection,,,,,,【動詞】拒絶する: reject
拒絶,きょぜつ,3,denial,,,,,,
拒絶証書,きょぜつしょうしょ,,protest,,,,,,
拒絶審査不服審判,きょぜつしんさふふくしんぱん,,appeal against a rejection,,,,,,
拒絶理由通知,きょぜつりゆうつうち,,notice of grounds for rejection,,,,,,
許諾,きょだく,1,authorization,,,,,,
許諾,きょだく,2,grant,,,,,,
許諾,きょだく,3,permission,,,,,,
拒否,きょひ,1,refusal,,,,,,【動詞】拒否する: refuse
拒否,きょひ,2,rejection,,,,,,
拒否,きょひ,3,denial,,,,,,
拒否,きょひ,4,veto,,,,,,
寄与分,きよぶん,,amount of contribution,,,,,【注】寄与: contribution（前記「寄与」参照）,
許容限度,きょようげんど,,maximum permissible limit,,,,,,
規律,きりつ,,discipline,,,,,,
記録,きろく,,record,,,,,,【動詞】記録する: record
記録の送付,きろくのそうふ,,forwarding of record,,,,,,
記録媒体,きろくばいたい,,recording medium,,,,,,
記録命令付差押え,きろくめいれいつきさしおさえ,,seizure with an order to produce a copy of records,,,,,,
記録命令付差押状,きろくめいれいつきさしおさえじょう,,seizure warrant with an order to produce a copy of records,,,,,,
緊急,きんきゅう,1,emergency,一般的,,,,,
緊急,きんきゅう,2,urgency,「応急に」の意味が含まれている場合。切羽詰っている状態の時。,生物多様性影響を防止するため緊急の必要があると認めるとき,when recognizing urgency to be necessary in order to prevent Adverse Effect on Biological Diversity,遺伝子組換え生物等の使用等の規制による生物の多様性の確保に関する法律第10条,,
緊急,きんきゅう,2,urgency,「応急に」の意味が含まれている場合。切羽詰っている状態の時。,,,,,【副詞】緊急に: urgently
緊急災害対策本部,きんきゅうさいがいたいさくほんぶ,,headquarters for emergency disaster control,,,,,,
緊急集会,きんきゅうしゅうかい,,emergency session,,,,,,
緊急上陸,きんきゅうじょうりく,,emergency landing,,,,,,
緊急の必要,きんきゅうのひつよう,,urgent necessity,,,,,,
緊急避難,きんきゅうひなん,1,necessity,,,,,,
緊急避難,きんきゅうひなん,2,emergency evacuation,検疫法の場合,,,,,
禁錮,きんこ,,imprisonment without work,,懲役、禁錮、旧拘留及び刑法等一部改正法第二条の規定による改正後の刑法（以下「新刑法」という。）第九条に規定する主刑の軽重は、死刑、懲役、拘禁刑、禁錮、罰金、拘留、旧拘留及び科料の順序による。,"The following is the order of severity that applies to imprisonment under the former Penal Code, imprisonment without work under the former Penal Code, penal detention under the former Penal Code, and the principal punishments provided for in Article 9 of the Penal Code following its amendment under the provisions of Article 2 of the Act Partially Amending the Penal Code and Related Acts (referred to below as ""the new Penal Code""): the death penalty, imprisonment under the former Penal Code, imprisonment under the new Penal Code, imprisonment without work under the former Penal Code, fines, penal detention, penal detention under the former Penal Code, and petty fines.",刑法等の一部を改正する法律の施行に伴う関係法律の整理等に関する法律第444条,,
禁錮以上の刑に処せられた者,きんこいじょうのけいにしょせられたもの,,a person who has been sentenced to imprisonment without work or heavier punishment,,,,,,
銀行債券,ぎんこうさいけん,,bank bond,,,,,,
禁止,きんし,1,prohibition,,,,,,【動詞】禁止する: prohibit
禁止,きんし,2,ban,,通行禁止,traffic ban,災害対策基本法第76条の2,,
禁止,きんし,2,ban,,坑内労働の禁止,Ban on Belowground Labor,労働基準法第70条,,
禁止,きんし,2,ban,,,,,,【動詞】禁止する: ban
禁止,きんし,3,restriction,,,,,,【動詞】禁止する: restrict
禁止命令,きんしめいれい,1,prohibitory injunction,,,,,,
禁止命令,きんしめいれい,2,stay order,破産法の場合,,,,,
近親者,きんしんしゃ,,close relative,,,,,,
金銭,きんせん,,money,,,,,,【形容詞】金銭的な: monetary
金銭債権,きんせんさいけん,,monetary claim,,,,,,
金銭債務,きんせんさいむ,,monetary debt,,,,,,
金銭信託,きんせんしんたく,,money trust,,,,,,
金品,きんぴん,,money and goods,,,,,,
勤務,きんむ,1,work,原則,,,,,【動詞】勤務する: work
勤務,きんむ,2,service,公務員の勤務,,,,,【動詞】勤務する: serve
勤務実績,きんむじっせき,,work record,,,,,,
勤務条件,きんむじょうけん,,working terms and conditions,,,,,,
金融機関,きんゆうきかん,,financial institution,,,,,,
金融商品,きんゆうしょうひん,,financial instruments,,,,,,
金融商品仲介業,きんゆうしょうひんちゅうかいぎょう,,financial instruments intermediary service,,,,,,
金融商品仲介業者,きんゆうしょうひんちゅうかいぎょうしゃ,,financial instruments intermediary service provider,,,,,,
金融商品仲介行為,きんゆうしょうひんちゅうかいこうい,,intermediation for financial instruments,,,,,,
金融商品取引業,きんゆうしょうひんとりひきぎょう,,financial instruments business,,,,,,
金融商品取引業者,きんゆうしょうひんとりひきぎょうしゃ,,financial instruments business operator,,,,,"【注】「financial instruments business operator」は、これはFIBOと略記されることもあるが、金融商品取引法で定義された法令用語「金融商品取引業者」に対する日本ではある程度定着した訳語である。それは実際には、証券会社や投資助言、投資運用などを営む会社を意味する。しかし、operatorは英語では通常は機械設備の操作人を意味し、ビジネスではtour operatorなど限定的にしか使われないことから、この訳語は英語国人には多少違和感があるようである。その点を考慮するなら、「financial services provider」という訳語が、英語国人にはより抵抗が少ないだろう。【Note】""Financial instruments business operator,"" occasionally abbreviated as FIBO, is customarily used in Japan as a translation  for the Japanese legal term ""金融商品取引業者"" defined in the Financial Instruments and Exchange Act. The term actually indicates firms such as securities corporations, and companies conducting investment advisory and investment management.  However, this translation sounds unnatural to English speakers, since ""operator"" usually means a person who operates machinery and equipment, or some limited occupations such as ""tour operator"" in the business scene. Considering actual usage among English speakers, ""financial services provider"" would be a more appropriate translation for this term.",
金融商品取引業協会,きんゆうしょうひんとりひきぎょうきょうかい,,financial instruments firms association,,,,,,
金融商品取引所,きんゆうしょうひんとりひきじょ,,financial instruments exchange,,,,,,
勤労者財産形成住宅貯蓄,きんろうしゃざいさんけいせいじゅうたくちょちく,,workers' property accumulation housing savings,,,,,,
勤労者財産形成年金貯蓄,きんろうしゃざいさんけいせいねんきんちょちく,,workers' property accumulation pension savings,,,,,,
区域,くいき,1,area,,,,,,
区域,くいき,2,zone,,通行禁止区域等,traffic ban zones,災害対策基本法第76条の3,,
区域,くいき,3,section,,,,,,
偶発債務,ぐうはつさいむ,,contingent liability,会計勘定科目,,,,,
区検察庁,くけんさつちょう,,Local Public Prosecutors Office,,,,,,
くじ,くじ,,drawing of lots,,,,,,
苦情,くじょう,,complaint,,,,,,
苦情処理,くじょうしょり,,complaint processing,,,,,,
区長,くちょう,1,mayor of special ward,特別区の場合,,,,,
区長,くちょう,2,director of ward,一般の区、総合区の場合,,,,,
区長,くちょう,3,headman of ward,一般の区、総合区の場合,,,,,
国,くに,1,the State,原則,,,,,
国,くに,2,national government,地方公共団体と比較する場合,,,,,
国の機関,くにのきかん,,national government organ,,国の行政機関,national government administrative organ,,,
区分経理,くぶんけいり,,separate accounting,,,,,,
組合,くみあい,,partnership,民法上の組合,,,,,
組合員,くみあいいん,1,partner,第三者や組合員相互の権利や責任を論ずる場合,,,,,
組合員,くみあいいん,2,member,組合への参加者としての意味の場合,,,,,
組合財産,くみあいざいさん,,partnership property,,,,,,
区役所,くやくしょ,,ward office,,市役所、区役所、町村役場又はこれらに準ずる施設,"city office, ward office, or town hall or any facility equivalent to the above",民法第98条第2項,,
倉荷証券,くらにしょうけん,,warehouse receipt,,,,,,
繰越し,くりこし,,carry forward,,,,,,
繰延資産,くりのべしさん,,deferred assets,会計勘定科目,,,,,
繰延税金資産,くりのべぜいきんしさん,,deferred tax assets,会計勘定科目,,,,,
繰延税金負債,くりのべぜいきんふさい,,deferred tax liability,会計勘定科目,,,,,
繰延ヘッジ損益,くりのべへっじそんえき,,deferred gains or losses on hedges,会計勘定科目,,,,,
繰戻し,くりもどし,,carry back,,,,,,
軍属,ぐんぞく,,the civilian military,,,,,,
刑,けい,,punishment,,,,,,
契印,けいいん,,seal to confirm page continuation,,,,,,
経営,けいえい,1,management,管理、管理者側（経営側）,経営の基本方針,basic management policy,会社法第416条第1項第1号イ,,
経営,けいえい,1,management,管理、管理者側（経営側）,,,,,【動詞】経営する: manage
経営,けいえい,2,operation,事業の運営,事業経営上の特別の必要に基づき、物品を買い入れ若しくは製造させ、造林をさせ又は土地若しくは建物を借り入れるとき。,"when purchasing an article or having it manufactured, having a forest planted, or borrowing land or buildings, based on a special necessity in business operations;",予算決算及び会計令第99条第23号,,
経営,けいえい,2,operation,事業の運営,,,,,【動詞】経営する: operate
経営,けいえい,3,business,経営の状況,その他当該銀行持株会社の経営に重要な影響を及ぼす事象,or any other event that has a significant effect on the business of the bank holding company,銀行法施行規則第34条の26第1項第6号,,
計画,けいかく,1,plan,,,,,,
計画,けいかく,2,program,,,,,,
計画審理,けいかくしんり,,well-organized proceedings,,,,,,
計画的に,けいかくてきに,,systematically,,,,,,
経過措置,けいかそち,,transitional measure,,,,,,
刑期,けいき,,term (of sentence),,,,,,
警告,けいこく,,warning,,,,,,【動詞】警告する: warn
掲載,けいさい,,publication,,,,,,【動詞】掲載する: publish
掲載された,けいさいされた,,published,,,,,,
警察官,けいさつかん,,police officer,,,,,,
警察署,けいさつしょ,,police station,,,,,,
警察本部長,けいさつほんぶちょう,,Chief of Prefectural Police Headquarters,,,,,,
計算,けいさん,1,account,会計上の計算,自己の営業のためにその計算において,for the person's own business based on the person's own account,,,
計算,けいさん,1,account,会計上の計算,,,,,【動詞】計算する: account
計算,けいさん,2,calculation,期間等の計算,期間の計算の通則,Common Rules on Calculation of Period,民法第138条,,
計算,けいさん,2,calculation,期間等の計算,延滞金の計算,calculation of penal interest,石綿による健康被害の救済に関する法律第50条の3,,
計算,けいさん,2,calculation,期間等の計算,,,,,【動詞】計算する: calculate
計算書類,けいさんしょるい,,financial statements,,,,,,
掲示,けいじ,1,posting,,掲示場に掲示すること,posting the notice at the posting area,行政手続法第15条,,
掲示,けいじ,1,posting,,,,,,【動詞】掲示する: post
掲示,けいじ,2,display,,,,,,【動詞】掲示する: display
掲示,けいじ,3,notification,,,,,,
刑事施設,けいじしせつ,1,penal institution,原則,,,,,
刑事施設,けいじしせつ,2,prison,刑務所の場合に可,,,,,
刑事訴訟,けいじそしょう,1,criminal procedure,「刑事訴訟法」の場合,,,,,
刑事訴訟,けいじそしょう,2,criminal proceedings,,,,,,
刑事訴追,けいじそつい,,criminal prosecution,,,,,,
形質,けいしつ,,characteristic,,,,,,
軽車両,けいしゃりょう,,light vehicle,,,,,,
経常損失,けいじょうそんしつ,,ordinary loss,会計勘定科目,,,,,
係属,けいぞく,,pending,,,,,,
継続的給付,けいぞくてききゅうふ,,continuous supply,,,,,【注】（出典）破産法55条、民事再生法50条、会社更生法62条,
芸能,げいのう,,performing art,,,,,,
競売,けいばい,,auction,,,,,,
競売申立人,けいばいもうしたてにん,,auction applicant,,,,,【注】（出典）民事再生法31条,
経費,けいひ,,expense,,,,,,
軽微な,けいびな,1,minor,,,,,,
軽微な,けいびな,2,slight,,,,,,
景品類,けいひんるい,,premiums,,,,,"【注】通例""premiums""（複数形）",
契約,けいやく,,contract,,,,,,
契約金,けいやくきん,,signing bonus,,,,,,
契約者配当,けいやくしゃはいとう,,policyholder dividends,,,,,,
契約書,けいやくしょ,,contract,,,,,,
契約の終了,けいやくのしゅうりょう,1,end of a contract,原則,契約終了日の設定,setting the contract end date,,,
契約の終了,けいやくのしゅうりょう,1,end of a contract,原則,相手方がその受け取った物について…契約が終了したときに返還をすることを約する,the other party promises to return the thing received once the contract has ended,民法第593条,,
契約の終了,けいやくのしゅうりょう,1,end of a contract,原則,銀行は、第二条第十四項各号に掲げる行為を外国において委託する旨の契約を締結しようとするとき、又は当該契約を終了しようとするときは、内閣府令で定めるところにより、内閣総理大臣の認可を受けなければならない。,"A bank must obtain the authorization of the Prime Minister pursuant to the provisions of Cabinet Office Order if it seeks to enter into or end a contract under which it entrusts a person with an activity stated in one of the items of Article 2, paragraph (14) in a foreign state.",銀行法第8条第3項,,
契約の終了,けいやくのしゅうりょう,1,end of a contract,原則,,,,,【自動詞】契約が終了する: the contract ends 【他動詞】契約を終了させる: (a party) ends the contract
契約の終了,けいやくのしゅうりょう,2,expiration of a contract,契約期間の終了の場合,第七十一条第二項に規定する金融庁長官が定める再保険の契約を締結しようとし、又は当該契約を契約期間の終了前に解約しようとする場合,"if the insurance company seeks to conclude the reinsurance contract prescribed by the Commissioner of the Financial Services Agency that is provided for in Article 71, paragraph (2), or to cancel such a contract before its expiration;",保険業法施行規則第85条第1項第11号,,
経理,けいり,,accounting,,,,,,
激甚災害,げきじんさいがい,,disaster of extreme severity,,,,,,
化粧品,けしょうひん,,cosmetics,,,,,,
下水道,げすいどう,1,sewerage system,設備全体の場合,,,,,
下水道,げすいどう,2,sewer drain,下水道管単体の場合,,,,,
欠員,けついん,,vacancy,,,,,,
欠格,けっかく,,disqualification,,欠格者,disqualified person,,,
決議,けつぎ,,resolution,,,,,,【動詞】決議する: resolve
決議について特別の利害関係を有する,けつぎについてとくべつのりがいかんけいをゆうする,,(person) with a special interest in a resolution,,,,,,
決済,けっさい,1,settlement,原則,,,,,
決済,けっさい,2,payment,窓口での支払決済など,,,,,
決済,けっさい,3,clearing,相殺勘定の決済など,,,,,
決算,けっさん,,settlement (of account),,,,,,
決算期,けっさんき,1,accounting period,期間を指す場合,,,,,
決算期,けっさんき,2,fiscal year end,決算期末の期日を指す場合,,,,,
決算報告,けっさんほうこく,,statement of accounts,,,,,,
血族,けつぞく,,relative by blood,,,,,,
決定,けってい,1,ruling,手続内での決定・証拠の採否、手続に関する申立ての許可・不許可などについての裁判所の判断,,,,,
決定,けってい,2,decision,事実問題・法律問題の双方を考慮して得られた結論（司法判断のほか行政判断等にも用いられる）,,,,,
決定,けってい,3,order,裁判形式としての「決定」,,,,,
決定,けってい,4,determination,,株式買取請求があった場合において、株式の価格の決定について、株主と株式会社との間に協議が調ったときは、株式会社は、効力発生日から六十日以内にその支払をしなければならない。,"In cases where a Share Purchase Demand is made, if an agreement is reached between the shareholder and the Stock Company on the determination of the price of the shares, the Stock Company must make the payment within sixty days from the Effective Day.",会社法第117条第1項,,
決定書,けっていしょ,1,written decision,事実問題・法律問題の双方を考慮して得られた結論（司法判断のほか行政判断等にも用いられる。）,,,,,
決定書,けっていしょ,2,written ruling,手続内での決定・証拠の採否、手続に関する申立ての許可・不許可などについての裁判所の判断の書面,,,,,
結了,けつりょう,1,completion,,,,,,
結了,けつりょう,2,conclusion,,,,,,
結了,けつりょう,3,closure,,,,,【注】（出典）一般社団法人法212条1項1号,
県,けん,,prefecture,,,,,,
検案,けんあん,1,doctor's examination after death,,,,,,
検案,けんあん,2,fact examination,,,,,,
検疫,けんえき,,quarantine,,,,,,
検疫所,けんえきしょ,,quarantine station,,,,,,
検閲,けんえつ,,censorship,,,,,,【動詞】検閲する: censor
減価償却,げんかしょうきゃく,1,depreciation,,,,,,
減価償却,げんかしょうきゃく,2,amortization,無形固定資産の場合,,,,,
減価償却資産,げんかしょうきゃくしさん,,depreciable assets,,,,,,
嫌疑,けんぎ,,suspicion,,,,,,
建議,けんぎ,,proposal,,,,,,【動詞】建議する: propose
現業,げんぎょう,,government enterprise,,,,,,
兼業業務,けんぎょうぎょうむ,,concurrent business,,,,,,
減軽,げんけい,1,reduction,刑そのものの減軽,,,,,【動詞】減軽する: reduce
減軽,げんけい,2,mitigation,執行における減軽,,,,,【動詞】減軽する: mitigate
減刑,げんけい,,commutation,,,,,,【動詞】減刑する: commute
権限,けんげん,1,authority,,その権限は、…と解釈してはならない,the authority must not be construed as …,会社法第958条第3項,,
権限,けんげん,1,authority,,,,,,【形容詞】権限のある: authorized
権限,けんげん,2,power,,最高裁判所は、この法律に定めるものの外、他の法律において特に定める権限を有する。,The Supreme Court has powers specially provided for by other laws in addition to those provided for in this Act.,裁判所法第8条,,
権限,けんげん,3,jurisdiction,,裁判所の権限,jurisdiction of the court,裁判所法第25条,,
権原,けんげん,1,title,,権原の性質上占有者に所有の意思がないものとされる場合には、,"In cases where it is assumed, due to the nature of the title, that a possessor does not have the intention to own,",民法第185条,,
権原,けんげん,2,authority,,その取引によって取得した権原の範囲内,within the scope of authority acquired through such transaction,不正競争防止法第19条,,
健康で文化的な生活,けんこうでぶんかてきなせいかつ,,healthy and cultured living,,,,,,
現行犯人,げんこうはんにん,,perpetrator caught in the act,,,,,,
健康保険,けんこうほけん,,health insurance,,,,,,
原告,げんこく,,plaintiff,,,,,,
原告適格,げんこくてきかく,,standing to sue,,,,,,
検査,けんさ,1,inspection,原則,,,,,【動詞】検査する: inspect
検査,けんさ,2,audit,会計検査,会計検査院,the Board of Audit,,,
検査,けんさ,3,examination,身体検査,,,,,
減殺,げんさい,,reduction,,,,,,
現在地,げんざいち,1,current residence,,,,,,
現在地,げんざいち,2,whereabouts,,,,,,
現在の危難,げんざいのきなん,,present danger,,,,,,
原裁判所,げんさいばんしょ,,court of prior instance,,,,,,
検査機関,けんさきかん,1,inspection organization,,,,,,
検査機関,けんさきかん,2,inspection body,,,,,,
原作,げんさく,,original,,,,,,
検索の抗弁,けんさくのこうべん,,defense of debtor's solvency,,,,,,
原作品,げんさくひん,,original work(s),,,,,,
検査所,けんさじょ,,inspection station,,,,,,
検査証,けんさしょう,,inspection certificate,,,,,,
検察官,けんさつかん,,public prosecutor,,,,,,
検察事務官,けんさつじむかん,,public prosecutor's assistant officer,,,,,,
検察庁,けんさつちょう,,public prosecutors office,,,,,,
検査役,けんさやく,,inspector,,,,,,
検視,けんし,,coroner's inspection,,,,,,
検事正,けんじせい,,Chief Prosecutor,,,,,,
検事総長,けんじそうちょう,,Prosecutor General,,,,,,
検事長,けんじちょう,,Superintending Prosecutor,,,,,,
現実数値,げんじつすうち,,actual figure,,,,,,
現実の引渡し,げんじつのひきわたし,,actual delivery,,,,,,
現住建造物,げんじゅうけんぞうぶつ,,inhabited building,,,,,,
検証,けんしょう,1,observation,,,,,,
検証,けんしょう,2,inspection,刑事手続の場合,,,,,
原状回復,げんじょうかいふく,1,restoration,原則,,,,【注】賃借人が負う原状回復義務の場合は、restorationが用いられる。,
原状回復,げんじょうかいふく,2,recovery,,,,,,
兼職,けんしょく,,concurrent holding of positions,,,,,,
原子力,げんしりょく,,nuclear (power),,,,,,
原子力損害,げんしりょくそんがい,,nuclear damage,,,,,,
原子炉,げんしろ,,(nuclear) reactor,,,,,,
建設仮勘定,けんせつかりかんじょう,,construction in progress,会計勘定科目,,,,,
建設業,けんせつぎょう,1,construction industry,「産業」という意味で用いる場合,建設業その他政令で定める業種,construction or other industries prescribed by Cabinet Order,労働安全衛生法第15条,,
建設業,けんせつぎょう,2,construction business,「業種・職業」として用いる場合,製造業、建設業、運輸業その他の業種,"manufacturing business, construction business, transportation business, or any other business",独占禁止法第7条の2,,
減損損失,げんそんそんしつ,,impairment loss,会計勘定科目,,,,,
源泉徴収,げんせんちょうしゅう,,withholding (at source),,,,,,
源泉徴収税,げんせんちょうしゅうぜい,,withholding tax,,,,,,
源泉徴収票,げんせんちょうしゅうひょう,,withholding certificate,,,,,,
建造物,けんぞうぶつ,,building,,,,,,
現存利益,げんぞんりえき,,remaining benefit,,更生会社の受けた反対給付によって生じた利益の全部が更生会社財産中に現存する場合　共益債権者としてその現存利益の返還を請求する権利,"if all of the benefit arising from the counter-performance received by the reorganizing company remains within the reorganizing company's assets: a right to claim, as a holder of a common-benefit claim, return of the remaining benefit",会社更生法第91条の2第2項,,
建築主,けんちくぬし,,(building) owner,,,,,,
建築物,けんちくぶつ,,building,,,,,,
原著作物,げんちょさくぶつ,,original work,,,,,,
限定承認,げんていしょうにん,,qualified acceptance,,,,,,
原動機付自転車,げんどうきつきじてんしゃ,,motorized bicycle,,,,,,
現に受けている利益,げんにうけているりえき,,benefit that (the person) retains,,,,,【注】（出典）破産法第167条、民事再生法第132条、会社更生法第91条,
現に利益を受けている限度において,げんにりえきをうけているげんどにおいて,,to the extent that (the person) retains a benefit,,ただし、現に利益を受けている限度においてのみ、その財産を返還する義務を負う,"provided, however, that the person has the obligation to return the property only to the extent that the person retains a benefit.",民法第32条第2項後段,,
検認,けんにん,1,probate,遺言書の検認,,,,,
検認,けんにん,2,verification,一般的な検認,,,,,
現場,げんば,1,the scene,原則,二人以上の者が現場において共同して犯した…罪,crimes … are committed jointly by two or more persons who are at the scene of crime.,刑法第180条第2項,,
現場,げんば,2,site,工事現場,工事現場,construction site,エネルギーの使用の合理化に関する法律第25条,,
原盤,げんばん,,matrix,,,,,,
原判決,げんはんけつ,,judgment in prior instance,,,,,,
現物出資,げんぶつしゅっし,,contribution in kind,,,,,,
現物出資財産,げんぶつしゅっしざいさん,,property contributed in kind,,,,,,
建ぺい率,けんぺいりつ,,building coverage ratio,,,,,,
原簿,げんぼ,,register,,,,,,
憲法,けんぽう,,Constitution,,日本国憲法,the Constitution of Japan,,,
原本,げんぽん,,original,,,,,,
減免,げんめん,,reduction or release,,,,,,
権利,けんり,,right,,,,,,
権利管理情報,けんりかんりじょうほう,,rights management information,,,,,,
権利質,けんりしち,,pledge of right,,,,,,
権利承継人の訴訟参加,けんりしょうけいにんのそしょうさんか,,intervention by transferee of right,,,,,,
権利能力,けんりのうりょく,,(legal) capacity (to hold rights),,,,,,
権利の濫用,けんりのらんよう,,abuse of right,,,,,,
権利変動の対抗要件,けんりへんどうのたいこうようけん,,requirements for perfection of change in rights,,,,,,
権利を専有する,けんりをせんゆうする,,have an exclusive right,,,,,,
権利を有する者,けんりをゆうするもの,,person entitled to,,,,,【注】entitled to a right は不可,
故意,こい,,intention,,,,,,"【注】「故意に」「故意により」intentionally, 「故意又は過失により」intentionally or with negligence, 「故意又は重過失により」intentionally or with gross negligence, 「故意又は過失がなかったこと」fact that there was no specific intention or negligence, 「故意の犯罪行為」intentional criminal act, 「故意犯」criminal act that requires an intention"
項,こう,1,paragraph,,第２項,paragraph (2),,,
項,こう,2,para.,,第２項,para. (2),,,
項,こう,3,(2)(3)(4),見出しとして用いる場合,,,,,
項,こう,4,row,法令の表・別表中において、縦の線で区画されている区切りを指す場合,第２項,row (2),,,
号,ごう,1,item,,第３号,item (iii),,,
号,ごう,2,(i)(ii)(iii),見出しとして用いる場合,,,,【注】号がさらに細分されている場合には、イロハ…は(a)(b)(c)…、（１）（２）（３）…は1. 2. 3.…、（i）（ii）（iii）…はi. ii. iii.…とする。,
公安,こうあん,1,public security,,,,,,
公安,こうあん,2,public safety,,,,,,
考案,こうあん,,device,,,,,,
公安委員会,こうあんいいんかい,,public safety commission,,,,,,
考案者,こうあんしゃ,,creator,,,,,,
行為,こうい,1,act,,,,,,
行為,こうい,2,conduct,,,,,,
合意,ごうい,,agreement,,,,,,【動詞】合意する: agree
行為地,こういち,,place of the act,,行為地法,law of place of the act,,,
行為能力,こういのうりょく,,(legal) capacity (to act),,譲渡につき行為能力の制限を受けた所有者,a possessor who has limited capacity to act with respect to the act of assignment,民法第476条,,
公印,こういん,,official seal,,,,,,
勾引,こういん,,physical escort,,,,,,【動詞】勾引する： physically escort
勾引状,こういんじょう,,writ of physical escort,,,,,,
公益,こうえき,,public interest,,,,,,【形容詞】公益の: public
公益委員,こうえきいいん,,public interest member,,,,,,
公益財団法人,こうえきざいだんほうじん,,public interest incorporated foundation,,,,,,
公益事業,こうえきじぎょう,1,public welfare undertaking,,,,,,
公益事業,こうえきじぎょう,2,public benefit service,,,,,,
公益社団法人,こうえきしゃだんほうじん,,public interest incorporated association,,,,,,
公益信託,こうえきしんたく,,public trust,,,,,,
公益通報,こうえきつうほう,,whistleblowing,,,,,,
公益通報者,こうえきつうほうしゃ,,whistleblower,,,,,,
公益法人,こうえきほうじん,,public interest corporation,,,,,,
公演,こうえん,,(public) performance,,,,,,
公課,こうか,,public charges,,,,,,
公開,こうかい,1,opening to the public,原則,,,,,"【動詞】公開する: open to the public【動詞】公開する：publish ［特許の場合］【形容詞】公開の: open, public, open to the public【関連】非公開 : closed to the public"
公開,こうかい,2,disclosure,情報公開,行政機関の保有する情報の公開,Administrative Organs Information Disclosure,行政機関の保有する情報の公開に関する法律第12条の2,,
公開,こうかい,2,disclosure,情報公開,,,,,【動詞】公開する: disclose
更改,こうかい,,novation,,,,,,
公開会社,こうかいがいしゃ,,public company,,,,,,
公開買付け,こうかいかいつけ,,tender offer (bid),,,,,,
公害対策会議,こうがいたいさくかいぎ,,conference on environmental pollution control,,,,,,
公害防止,こうがいぼうし,,pollution control,,,,,,
交換,こうかん,,exchange,,,,,,
綱紀委員会,こうきいいんかい,,discipline committee,,,,,,
公記号,こうきごう,,official mark,,,,,,
合議制,ごうぎせい,,council system,,,,,,
合議体,ごうぎたい,1,council,原則,,,,,
合議体,ごうぎたい,2,panel,裁判体・審判体の場合,,,,,
降給,こうきゅう,,reduction of pay,,,,,,
恒久的施設,こうきゅうてきしせつ,,permanent establishment,,,,,,
興行,こうぎょう,1,entertainment,,,,,,
興行,こうぎょう,2,entertainer,在留資格の場合,,,,,
鉱業,こうぎょう,,mining,,鉱業権,mining right,外国弁護士による法律事務の取扱い等に関する法律第3条第1項第6号,,
公共施設,こうきょうしせつ,,public facility,,,,,,
公共職業安定所,こうきょうしょくぎょうあんていしょ,,public employment security office,,,,,,
工業所有権,こうぎょうしょゆうけん,,industrial property right,,,,,,
公共の安全,こうきょうのあんぜん,,public safety,,,,,,
公共の危険,こうきょうのきけん,,danger to the public,,,,,,
公共の福祉,こうきょうのふくし,,public welfare,,,,,,
公共の利益,こうきょうのりえき,,public interest,,,,,,
拘禁,こうきん,,detention,一般的な場合,,,,,【動詞】拘禁する: detain
拘禁許可状,こうきんきょかじょう,,detention permit,,,,,【注】逃亡犯罪人引渡法に使用される用語,
拘禁刑,こうきんけい,,imprisonment,,懲役、禁錮、旧拘留及び刑法等一部改正法第二条の規定による改正後の刑法（以下「新刑法」という。）第九条に規定する主刑の軽重は、死刑、懲役、拘禁刑、禁錮、罰金、拘留、旧拘留及び科料の順序による。,"The following is the order of severity that applies to imprisonment under the former Penal Code, imprisonment without work under the former Penal Code, penal detention under the former Penal Code, and the principal punishments provided for in Article 9 of the Penal Code following its amendment under the provisions of Article 2 of the Act Partially Amending the Penal Code and Related Acts (referred to below as ""the new Penal Code""): the death penalty, imprisonment under the former Penal Code, imprisonment under the new Penal Code, imprisonment without work under the former Penal Code, fines, penal detention, penal detention under the former Penal Code, and petty fines.",刑法等の一部を改正する法律の施行に伴う関係法律の整理等に関する法律第444条,,
拘禁状,こうきんじょう,,detention order,,,,,【注】逃亡犯罪人引渡法、国際捜査共助等に関する法律に使用される用語,
航空機,こうくうき,,aircraft,,,,,,
航空・鉄道事故調査委員会,こうくうてつどうじこちょうさいいんかい,,aircraft and railway accidents investigation commission,,,,,,
攻撃防御方法,こうげきぼうぎょほうほう,,allegation and evidence,,,,,,
後見,こうけん,,guardianship,,,,,,
後見開始の審判,こうけんかいしのしんぱん,,(court) decision to establish a guardianship,,,,,,
後見監督人,こうけんかんとくにん,,guardianship supervisor,,,,,,
後見人,こうけんにん,,guardian,,,,,,
航行,こうこう,,navigation,,,,,,
公告,こうこく,,public notice,,,,,,
抗告,こうこく,,appeal from/against a ruling,,,,,,【動詞】抗告する: lodge an appeal
抗告裁判所,こうこくさいばんしょ,,a court in charge of an appeal,,,,,,
抗告訴訟,こうこくそしょう,,action for judicial review of administrative disposition,,,,,,
抗告人,こうこくにん,,appellant,,,,,,
交互計算,こうごけいさん,,open account,,,,,,
公債,こうさい,,public bond,,,,,,
口座管理機関,こうざかんりきかん,,account management institution,,,,,,
工作物,こうさくぶつ,1,structure,,,,,,
工作物,こうさくぶつ,2,facilities,,,,,,
行使,こうし,1,use,,,,,,
行使,こうし,2,exercise,,,,,,
行使,こうし,3,uttering,偽造文書等の場合,,,,,
公使,こうし,,minister,,,,,,【関連】大使: ambassador
公示,こうじ,,public notice,,,,,,"【動詞】公示する: issue (provide, give, etc.) public notice"
合資会社,ごうしがいしゃ,,limited partnership company,,,,,,
公示催告,こうじさいこく,,public notice to interested parties,,,,,,
公示送達,こうじそうたつ,,service by publication,,,,,【注】但し、FRCPや州の民事訴訟法で使われている 'service by publication' の場合は、通常、新聞紙上に掲載する方法で行われることとの違いに留意,
公私の,こうしの,,public or private,,公私の機関,public or private organization,出入国管理及び難民認定法第7条第1項第2号の基準を定める省令前文,,
公社,こうしゃ,,public corporation,,,,,,
公社債,こうしゃさい,,public and corporate bond,,,,,,
強取,ごうしゅ,,robbery,,,,,,
公衆,こうしゅう,,public,,,,,,
公衆衛生,こうしゅうえいせい,,public health,,,,,,
控除,こうじょ,1,deduction,所得控除の場合,,,,,【動詞】（～から）控除する［税法関係の場合］：deduct from ～ （税法関係以外の場合はsubtract from ～ も可。）以下、(2)、(3)の場合も同様。
控除,こうじょ,2,tax credit,税額控除の場合,,,,,
控除,こうじょ,3,exemption,,,,,,
控除限度額,こうじょげんどがく,1,maximum credit,税額控除の場合,,,,,
控除限度額,こうじょげんどがく,2,maximum deduction,所得控除の場合,,,,,
恒常的,こうじょうてき,1,constant,,,,,,
恒常的,こうじょうてき,2,permanent,,,,,,
公証人,こうしょうにん,,notary,,公証人の職務に関する債権,a claim regarding the duties of a notary,民法第172条,,
公証人,こうしょうにん,,notary,,,,,"【注】日本の公証人は大陸法系であるためnotaryと表記し、英米法系のnotary publicと区別する意味の訳 【Note】""Notary"" is similar to that of the Civil Law and different from ""notary public"" in Common Law.",
控除項目,こうじょこうもく,,deduction (item),会計勘定項目,,,,,
控除対象配偶者,こうじょたいしょうはいぐうしゃ,,spouse qualified for tax deduction,,,,,,
更新,こうしん,,renewal,,,,,,【動詞】更新する: renew
更新登録,こうしんとうろく,,registration of renewal,,,,,,
更正,こうせい,1,correction,原則,,,,,
更正,こうせい,2,reassessment,税務,,,,,
更生,こうせい,1,rehabilitation,犯罪者,,,,,
更生,こうせい,2,reorganization,会社,,,,,
公正競争規約,こうせいきょうそうきやく,,fair competition code,,,,,,
更正決定,こうせいけってい,1,ruling of correction,判決の更正,,,,,
更正決定,こうせいけってい,2,reassessment,税務上の更正,,,,,
更生債権,こうせいさいけん,,reorganization claim,,,,,,
更生事件,こうせいじけん,,reorganization case,,,,,,
公正証書,こうせいしょうしょ,1,notarial instrument,公証人が作成する公正証書の場合,,,,,
公正証書,こうせいしょうしょ,2,authentic instrument,広義の「公正証書」。すなわち、公務員がその権限内で適法に作成した一切の証書。例えば、民法施行法5条1号、刑法157条1項,,,,,
更生担保権,こうせいたんぽけん,,secured reorganization claim,,,,,,
更生手続,こうせいてつづき,,(corporate) reorganization proceeding,,更生手続開始,commencement of reorganization proceedings,,,
更生手続,こうせいてつづき,,(corporate) reorganization proceeding,,更生手続終結,completion of reorganization proceedings,,,
更生手続,こうせいてつづき,,(corporate) reorganization proceeding,,更生手続（の）終了,closing of reorganization proceedings,,,
更生手続,こうせいてつづき,,(corporate) reorganization proceeding,,更生手続廃止,discontinuance of reorganization proceedings,,,
更生手続,こうせいてつづき,,(corporate) reorganization proceeding,,この節において「更生手続」とは、会社更生法第二条第一項に規定する更生手続をいう。,"The term ""reorganization proceedings"" as used in this Section means reorganization proceedings as prescribed in Article 2, paragraph (1) of the Corporate Reorganization Act.",金融機関等の更生手続の特例等に関する法律第341条第4項,,
更生手続,こうせいてつづき,,(corporate) reorganization proceeding,,,,,"【注】一連の手続を指す場合は、""proceedings""と複数形になる。",
公正取引,こうせいとりひき,,fair trade,,,,,,
公正な,こうせいな,1,fair,原則,,,,,
公正な,こうせいな,2,impartial,偏りのない・中立な,,,,,
公正な慣行,こうせいなかんこう,,fair practice,,,,,,
公正な競争,こうせいなきょうそう,,fair competition,,,,,,
厚生年金,こうせいねんきん,1,employees pension insurance,厚生年金保険、厚生年金保険事業といった制度や仕組みを指す場合,,,,【注】厚生年金基金はEmployees Pension Fund,
厚生年金,こうせいねんきん,2,employees pension,老齢厚生年金、遺族厚生年金、障害厚生年金など、支給される年金を指す場合,老齢厚生年金,old-age employees pension,,,
厚生年金,こうせいねんきん,2,employees pension,老齢厚生年金、遺族厚生年金、障害厚生年金など、支給される年金を指す場合,遺族厚生年金,survivor's welfare pension,,,
厚生年金,こうせいねんきん,2,employees pension,老齢厚生年金、遺族厚生年金、障害厚生年金など、支給される年金を指す場合,障害厚生年金,disability employees pension,,,
更生保護,こうせいほご,1,rehabilitation,一般的な表現,,,,,
更生保護,こうせいほご,2,offenders rehabilitation,犯罪者の更生保護を明確にする場合,,,,,
更生保護,こうせいほご,3,rehabilitation service,担当機関や業務を意味する場合,,,,,
公然,こうぜん,,in public,,,,,,
控訴,こうそ,,appeal (to the court of second instance),,,,,【注】原則はappealのみでよい。他の上訴と明確に区別する必要のある場合に（to the court of second instance）を付記する。,
控訴,こうそ,,appeal (to the court of second instance),,,,,,【動詞】控訴する: appeal
公訴棄却,こうそききゃく,,dismissal of prosecution,,,,,,【動詞】公訴棄却する: dismiss prosecution
拘束,こうそく,1,binding,原則,上級審の裁判の拘束力,Binding Power of Superior Judicial Decision,裁判所法第4条見出し,,
拘束,こうそく,1,binding,原則,,,,,【動詞】拘束する: bind
拘束,こうそく,2,custody,拘禁,被疑者が身体を拘束された時から四十八時間以内,within 48 hours from the time when the suspect was taken into custody,出入国管理及び難民認定法第65条第2項,,
拘束,こうそく,3,restraint,直接的な身体拘束,身体の拘束,physical restraint,刑事訴訟法第113条,,
拘束,こうそく,4,restriction,制限,再販売価格の拘束,resale price restriction,不公正な取引方法第12条,,
高速自動車国道,こうそくじどうしゃこくどう,,national expressway,,,,,,
拘束力,こうそくりょく,,binding effect,,,,,,
控訴裁判所,こうそさいばんしょ,,court of second instance,,,,,,
公訴事実,こうそじじつ,,charged fact,,,,,,
控訴趣意書,こうそしゅいしょ,,statement of reasons for appeal,,,,,,
控訴状,こうそじょう,,petition for appeal,,,,,,
控訴審,こうそしん,,court of second instance,,,,,,
控訴人,こうそにん,,appellant,,,,,,
公訴の提起,こうそのていき,,institution of prosecution,,,,,【注】「起訴」と同義。,
公訴を提起する,こうそをていきする,,institute prosecution,,,,,【注】「起訴する」と同義。,
後段,こうだん,,second sentence,,,,,【注】３文に区切られている場合には、中段がsecond sentence で、後段はthird sentence（４文以上の場合もこれに準じる）。,
構築物,こうちくぶつ,,structures,会計勘定科目,,,,,
拘置する,こうちする,,detain,,,,,,
港長,こうちょう,,captain of the port,,,,,,
公聴会,こうちょうかい,,public hearing,,,,,,
公道,こうどう,,public road,,公道に至るための他の土地の通行権,right of passage over other land for access to public roads,民法第210条,,
強盗,ごうとう,1,robbery,罪名,,,,,
強盗,ごうとう,2,robber,人,,,,,
合同運用信託,ごうどううんようしんたく,,jointly operated trust,,,,,,
合同会社,ごうどうがいしゃ,,limited liability company,,,,,,
高等学校,こうとうがっこう,,high school,,,,,,
高等裁判所,こうとうさいばんしょ,,high court,,,,,,
口頭審理,こうとうしんり,1,hearing,,処分を受けた職員から請求があつたときは、口頭審理を行わなければならない。,a hearing must be accorded if so requested by the employee subject to the disposition,国家公務員法第91条,,
口頭審理,こうとうしんり,2,oral hearing,,,,,,
口頭審理,こうとうしんり,3,oral proceedings,,特許無効審判及び延長登録無効審判は、口頭審理による。,A trial for patent invalidation or a trial for invalidation of the registration of extension of the duration of a patent must be conducted by oral proceedings,特許法第145条,,
高等専修学校,こうとうせんしゅうがっこう,,upper secondary specialized training school,,,,,,
高等専門学校,こうとうせんもんがっこう,,college of technology,,,,,,
口頭の,こうとうの,,oral,,,,,,【副詞】口頭で: orally
口頭弁論,こうとうべんろん,,oral argument,,,,,【注】oral argumentは、日本の「口頭弁論」より狭い。,
口頭弁論調書,こうとうべんろんちょうしょ,,record of oral argument,,,,,【注】oral argumentは、日本の「口頭弁論」より狭い。,
口頭弁論の期日,こうとうべんろんのきじつ,,date for oral argument,,,,,,
口頭弁論の終結,こうとうべんろんのしゅうけつ,,conclusion of oral argument,,,,,,
口頭弁論の全趣旨及び証拠調べの結果,こうとうべんろんのぜんしゅしおよびしょうこしらべのけっか,,all oral arguments and the result of the examination of evidence,,,,,,
高度な専門的知識,こうどなせんもんてきちしき,,sophisticated expertise,,,,,,
坑内労働,こうないろうどう,,underground work,,,,,【注】ILO第45号条約（日本批准）及び176号条約（日本未批准）英語原文においは、「underground work」とされている。,
降任,こうにん,,demotion,,,,,,
公認会計士,こうにんかいけいし,,certified public accountant,,,,,,
高年齢者,こうねんれいしゃ,,senior citizen,,,,,,
公判,こうはん,,(criminal) trial,,,,,,
公判期日,こうはんきじつ,,trial date,,,,,,
公判準備,こうはんじゅんび,,trial preparation,,,,,,
公判前整理手続,こうはんぜんせいりてつづき,,pretrial conference procedure,,,,,,
公判調書,こうはんちょうしょ,,trial record,,,,,,
公判廷,こうはんてい,1,open court,,,,,,
公判廷,こうはんてい,2,court room,,,,,,
公判手続,こうはんてつづき,,trial procedure,,,,,,
公表,こうひょう,1,publication,,,,,,"【動詞】公表する: publicize, make public, release"
公表,こうひょう,2,announcement,,,,,,
公表,こうひょう,3,public announcement,,,,,,
公表,こうひょう,4,release,,,,,,
公表,こうひょう,5,disclosure,,研究開発等の状況の公表,"disclosure of status of research and development, etc",特定電子メール法第13条,,
公表された著作物,こうひょうされたちょさくぶつ,,work(s) already made public,,,,,"【注】通例""works""（複数形）",
交付,こうふ,1,delivery,原則,配当財産の交付の方法,Methods of Delivery of Dividend Property,会社法第457条見出し,,
交付,こうふ,1,delivery,原則,,,,,【動詞】交付する: deliver
交付,こうふ,2,issuance,免許・命令等,債権者集会参考書類及び議決権行使書面の交付,Issuance of Reference documents for Creditors' Meetings and Voting Forms,会社法第550条,,
交付,こうふ,2,issuance,免許・命令等,,,,,【動詞】交付する: issue
交付,こうふ,3,grant,交付金等,国は、…補助金を交付することができる,The national government may grant a subsidy,植物防疫法第25条,,
交付送達,こうふそうたつ,,personal service,,,,,,
公布の日,こうふのひ,,the date of promulgation,,,,,,
公布の日から起算して…を経過した日,こうふのひからきさんして…をけいかしたひ,,the day after the final day in the … period that commences on the promulgation date,,,,,,
公布の日から起算して…を超えない範囲内において政令で定める日,こうふのひからきさんして…をこえないはんいないにおいてせいれいでさだめるひ,,the day specified by Cabinet Order within a period not exceeding … from the date of promulgation,,,,,,
公文書,こうぶんしょ,,official document,,,,,,
抗弁,こうべん,,(affirmative) defense,,,,,,
合弁企業,ごうべんきぎょう,,joint venture,,,,,,
公報,こうほう,,gazette,,,,,,
航法,こうほう,,navigation rules,,,,,,
公務,こうむ,1,public service,性質としての公務,日本銀行の役員及び職員は、法令により公務に従事する職員とみなす。,The Bank of Japan's officers and employees are deemed to be personnel engaged in public service pursuant to laws and regulations.,日本銀行法第30条,,
公務,こうむ,2,public duty,具体的な公務,公務上の負傷又は疾病に起因する職員の死亡,death of the personnel caused by injury or disease incurred in line of public duty,国家公務員法第94条第3号,,
公務員,こうむいん,,public employee,,,,,【注】外国公務員：foreign public officials,
公務執行妨害,こうむしっこうぼうがい,,obstruction of performance of public duty,,,,,,
公務所,こうむしょ,,public office,,,,,,
公務上,こうむじょう,,in line of public duty,,,,,,
合名会社,ごうめいがいしゃ,,general partnership company,,,,,,
拷問,ごうもん,,torture,,,,,,
公有水面,こうゆうすいめん,,public waters,,公有水面埋立法,Act on Reclamation of Public Waters,,,
公有水面,こうゆうすいめん,,public waters,,公有水面の埋立地,land reclaimed from public waters,,,
公用文書,こうようぶんしょ,,document for governmental use,,,,,,
小売業,こうりぎょう,1,retail,,,,,,
小売業,こうりぎょう,2,retail business,,,,,,
小売業者,こうりぎょうしゃ,,retailer,,,,,,
合理的,ごうりてき,,reasonable,,,,,,
合理的理由,ごうりてきりゆう,,reasonable grounds,,,,,,
交流,こうりゅう,,exchange,,,,,,
勾留,こうりゅう,,detention,,,,,,【動詞】勾留する: detain
拘留,こうりゅう,,penal detention,,,,,,
勾留状,こうりゅうじょう,,detention warrant,,,,,,
効力,こうりょく,1,effect,,,,,,
効力,こうりょく,2,validity,,他の連帯債務者の債務は、その効力を妨げられない,the validity of the obligation(s) of other joint and several obligor(s) is not impaired.,民法第433条,,
効力を失う,こうりょくをうしなう,1,cease to be effective,原則,申込者が前項の申込みに対して同項の期間内に承諾の通知を受けなかったときは、その申込みは、その効力を失う。,"If an offeror does not receive notice of acceptance of the offer referred to in the preceding paragraph within the period referred to in the same paragraph, the offer ceases to be effective.",民法第523条第2項,,
効力を失う,こうりょくをうしなう,2,expire,期限満了,製造業又は輸入業の登録は、五年ごとに、販売業の登録は、六年ごとに、更新を受けなければ、その効力を失う。,"A commercial manufacture or commercial import registration expires unless it is renewed every five years, and a commercial sales registration expires unless it is renewed every six years.",毒物及び劇物取締法第4条第3項,,
効力を生ずる,こうりょくをしょうずる,,become effective,,停止条件付法律行為は、停止条件が成就した時からその効力を生ずる,A juridical act which is subject to a condition precedent becomes effective upon fulfillment of the condition,民法第127条第1項,,
高齢者,こうれいしゃ,,elderly person,,,,,,
航路,こうろ,1,traffic route,原則,,,,,
航路,こうろ,2,passage,港湾内の航路,,,,,
港湾,こうわん,,port and harbor,,,,,,
子会社,こがいしゃ,,subsidiary company,,,,,,
小型武器,こがたぶき,,small arms and light weapons,,,,,,
小切手,こぎって,,check,,,,,,
小切手訴訟,こぎってそしょう,,action on checks,,,,,,
国語,こくご,1,Japanese,,,,,,
国語,こくご,2,language,,第一項の申請書には、締結しようとする協定が、日本語以外の国語で書かれている場合においては、その日本語による翻訳文書を添えなければならない。,"An application under the provision of paragraph (1) shall, in case written in any language other than Japanese, be accompanied by its translation.",航空法施行規則第221条第3項,,
国債,こくさい,,Japanese Government Bonds,,,,,,
国際機関,こくさいきかん,,international organization,,,,,,
国際規制物資,こくさいきせいぶっし,,internationally controlled material,,,,,,
国際協力,こくさいきょうりょく,,international cooperation,,,,,,
国際緊急援助隊,こくさいきんきゅうえんじょたい,,international disaster rescue team,,,,,,
国際金融,こくさいきんゆう,,international finance,,,,,,
国際公開,こくさいこうかい,,international publication,,,,,,
国際実用新案登録出願,こくさいじつようしんあんとうろくしゅつがん,,international application for utility model registration,,,,,,
国際出願,こくさいしゅつがん,,international application,,,,,,
国際出願日,こくさいしゅつがんび,,international application date,,,,,,
国際商標登録出願,こくさいしょうひょうとうろくしゅつがん,,international application for trademark registration,,,,,,
国際登録,こくさいとうろく,,international registration,,,,,,
国際登録出願,こくさいとうろくしゅつがん,,application for international registration,,,,,,
国際登録簿,こくさいとうろくぼ,,international register,,,,,,
国際特許出願,こくさいとっきょしゅつがん,,international patent application,,,,,,
国際文化交流,こくさいぶんかこうりゅう,,international cultural exchange,,,,,,
国際平和協力,こくさいへいわきょうりょく,,international peace cooperation,,,,,,
国際約束,こくさいやくそく,,international agreement,,,,,,
告示,こくじ,,public notice,,,,,,
国税,こくぜい,,national tax,,,,,,
国税不服審判所,こくぜいふふくしんぱんしょ,,National Tax Tribunal,,,,,,
国税不服審判所長,こくぜいふふくしんぱんしょちょう,,President of National Tax Tribunal,,,,,,
国籍,こくせき,,nationality,,国籍の喪失,loss of nationality,国籍法第11条,,
告訴,こくそ,,first-hand crime report,,犯罪により害を被つた者は、告訴をすることができる。,A person who is a victim of a criminal offense may file a first-hand crime report.,刑事訴訟法第230条第1項,,
告訴,こくそ,,first-hand crime report,,前項の罪は、告訴がなければ公訴を提起することができない。,Prosecution may not be brought for a criminal offense as referred to in the preceding paragraph if the crime has not been reported first-hand.,臨床検査技師等に関する法律第23条第2項,,
告知,こくち,1,notification,,裁判長は…まず、被告人に対し、終始沈黙し、又は個々の質問に対し陳述を拒むことができる旨を告知しなければならない,the presiding judge must … begin by informing the accused that the accused may remain silent at all times or may refuse to answer particular questions.,刑事訴訟法第316条の9第3項,,
告知,こくち,1,notification,,,,,,"【動詞】 notify, inform"
告知,こくち,2,announcement,裁決の告知など、公的機関の決定を知らせる場合,裁決の告知は、審判廷における言渡しによつてこれをする,The announcement of determination must be made by the pronouncement in the court of inquiry.,海難審判法第42条,,
告知,こくち,3,disclosure,保険法関係の場合,,,,,
国道,こくどう,,national highway,,,,,,
国内,こくない,1,domestic,原則,,,,,
国内,こくない,2,in Japan,日本国内であることを強調する場合,,,,,
国内,こくない,3,within this/the country,外国の国内を意味する場合,,,,,
国内売上高,こくないうりあげだか,,domestic sales (volume),,,,,,
国内源泉所得,こくないげんせんしょとく,,domestic source income,,,,,,
国内公表,こくないこうひょう,1,national publication,,,,,,
国内公表,こくないこうひょう,2,national announcement,,,,,,
国内受刑者,こくないじゅけいしゃ,,domestic sentenced person,,,,,,
国内書面提出期間,こくないしょめんていしゅつきかん,,period for filing national form paper,,,,,,
国内倒産処理手続,こくないとうさんしょりてつづき,,domestic insolvency proceedings,,,,,,
国内登録検査機関,こくないとうろくけんさきかん,,domestic registered conformity inspection body,,,,,,
告発,こくはつ,,third-party crime report,,司法警察員は、告訴又は告発を受けたときは、速やかにこれに関する書類及び証拠物を検察官に送付しなければならない。,"When a first-hand or third-party crime report has been filed with a judicial police officer, the officer must promptly send the related documents and articles of evidence to the public prosecutor.",刑事訴訟法第242条第1項,,
国宝,こくほう,,national treasure,,,,,,
国民,こくみん,1,citizen,,,,,,
国民,こくみん,2,national,,,,,,
国民,こくみん,3,the people,,,,,,
国民経済,こくみんけいざい,,national economy,,,,,,
国民審査,こくみんしんさ,,national referendum,,,,,,
国民年金,こくみんねんきん,,national pension,,,,,,
国有財産,こくゆうざいさん,,national government asset,,,,,,
国立大学法人,こくりつだいがくほうじん,,national university corporation,,,,,,
小商人,こしょうにん,,petty merchant,,,,,,
個人,こじん,,individual,,,,,,
個人再生委員,こじんさいせいいいん,,individual rehabilitation commissioner,,,,,,
個人識別情報,こじんしきべつじょうほう,,information for personal identification,,,,,,
個人事業者,こじんじぎょうしゃ,,sole proprietor,,,,,,
個人情報,こじんじょうほう,,personal information,,,,,,
戸籍,こせき,,family register,,,,,,
戸籍簿,こせきぼ,,family register book,,,,,,
護送,ごそう,,escort,,,,,,
国家公務員,こっかこうむいん,,national public employee,,,,,【注】外国公務員：foreign public officials,
国家公務員倫理審査会,こっかこうむいんりんりしんさかい,,National Public Service Ethics Board,,,,,,
国家試験,こっかしけん,,national examination,,,,,,
国旗,こっき,,national flag,,,,,,
国庫,こっこ,1,treasury,原則,収入を国庫に納めなければならない,must turn over all the receipts to the Treasury,会計法第2条,,
国庫,こっこ,2,national treasury,国民との関係で「国庫」が国のものであることを強調する場合,国庫の状況その他財政の状況について、国会及び国民に報告しなければならない,must give an account to the Diet and the people about the situation of national treasury and others concerning finance,財政法第46条第2項,,
国庫金,こっこきん,,treasury money,,国庫金の状況,state of the Treasury money,財政法第34条第2項,,
国庫納付金,こっこのうふきん,,payment to national treasury,,,,,,
固定資産,こていしさん,,fixed assets,会計勘定科目,,,,,
固定資産税,こていしさんぜい,,fixed asset tax,,,,,,
固定負債,こていふさい,,fixed liabilities,会計勘定科目,,,,,
異なる種類の株式,ことなるしゅるいのかぶしき,,shares of different classes,,,,,,
この場合において、…中「…」とあるのは、「…」と読み替えるものとする,このばあいにおいて、…ちゅう「…」とあるのは、「…」とよみかえるものとする,,"in this case, the term ""…"" in … is deemed to be replaced with ""…""",,,,,,
この法律において、次の各号に掲げる用語の意義は、当該各号に定めるところによる,このほうりつにおいて、つぎのかくごうにかかげるようごのいぎは、とうがいかくごうにさだめるところによる,,"in this Act, the terms listed in the following items have the meanings provided in those items",,,,,,
この法律において「…」とは、…をいう,このほうりつにおいて「…」とは、…をいう,,"the term ""…"" as used in this Act means …",,,,,,
この法律に規定するもののほか、…は、…で定める,このほうりつにきていするもののほか、…は、…でさだめる,,beyond what is provided for in this Act … prescribes …,,,,,,
この法律による改正後の,このほうりつによるかいせいごの,,amended by this Act,,この法律による改正後の関連法律の規定,the provisions of concerned Acts amended by this Act,,,
この法律による改正前の,このほうりつによるかいせいまえの,,before amendment by this Act,,この法律による改正前の特許法の規定,the provisions of the Patent Act before its amendment by this Act,,,
この法律は、…限り、その効力を失う,このほうりつは、…かぎり、そのこうりょくをうしなう,,this Act ceases to be effective at the end of …,,,,,,
この法律は、…から施行する,このほうりつは、…からしこうする,,this Act comes into effect on …,,,,,,
この法律は、…に関し必要な事項を定めるものとする,このほうりつは、…にかんしひつようなじこうをさだめるものとする,,this Act provides for the necessary matters in connection with …,,,,,,
この法律は、…を目的とする,このほうりつは、…をもくてきとする,,the purpose of this Act is …,,,,,,
顧問,こもん,1,adviser,,,,,,
顧問,こもん,2,consultant,,,,,,
雇用,こよう,,employment,,,,,,
雇用対策,こようたいさく,,employment measures,,,,,,
婚姻,こんいん,,marriage,,,,,,
婚姻関係,こんいんかんけい,,marital relationship,,,,,,
混同,こんどう,1,confusion,異なるものが混ざること,混同,confusion of rights,民法第179条見出し,,
混同,こんどう,2,merger,相対立する二つの法律上の地位が同一人に帰すること,連帯債務者の一人との間の混同,merger with one joint and several obligor,民法第438条,,
混同,こんどう,3,commingle,,,,,,
混和,こんわ,1,mixture,別々の所有者に属する物が識別・分離できなくなること,所有者を異にする物が混和して識別することができなくなった場合,cases where the Things of different owners are mixed together and can no longer be distinguished,民法第245条,,
混和,こんわ,2,commingling,穀類・材木・株式等が混合して保管されること,,,,,
サービス業,さあびすぎょう,1,service industry,,,,,,
サービス業,さあびすぎょう,2,service sector,,,,,,
在外者,ざいがいしゃ,,overseas resident,,,,,,
災害対策,さいがいたいさく,,disaster control measures,,災害対策本部,headquarters for disaster control,,,
災害復旧,さいがいふっきゅう,,disaster recovery efforts,,,,,,
災害復旧事業,さいがいふっきゅうじぎょう,,disaster recovery project,,,,,,
裁決,さいけつ,,administrative determination,,審査請求、再調査の請求その他の不服申立てに対する行政庁の裁決、決定その他の処分,"an administrative determination, decision, or other disposition rendered by an administrative agency relating to a request for administrative review, request for re-investigation, or other appeal",行政手続法第3条第1項第15号,,
裁決,さいけつ,,administrative determination,,,,,【注】文脈によっては、determinationのみで使用することも可能。,
裁決の取消しの訴え,さいけつのとりけしのうったえ,,action for revocation of administrative determination on appeal,,,,,,
債権,さいけん,1,claim,,金銭債権,monetary claim,電子記録債権法第2条,,
債権,さいけん,1,claim,,自己の労力の提供又は演芸を業とする者の報酬又はその供給した物の代価に係る債権,"a claim for remuneration of any person whose business is to provide the person's own labor or performing art, or the price of the Thing supplied by such person",民法第174条,,
債権,さいけん,2,(account) receivable,,,,,,
債権,さいけん,3,credit,,使用者は、前借金その他労働することを条件とする前貸の債権と賃金を相殺してはならない。,An employer must not set-off wages against advances of money or advances of other credits made as a condition for work.,労働基準法第17条,,
債権,さいけん,4,right in personam,,,,,,
債券,さいけん,,bond (certificate),,,,,,
債権質,さいけんしち,1,pledge on claim,,,,,,
債権質,さいけんしち,2,pledge of claim,,,,,,
債権者,さいけんしゃ,1,obligee,債権一般の場合,債務者がその債務の本旨に従った履行をしないときは、債権者は、これによって生じた損害の賠償を請求することができる,"If an obligor fails to perform consistent with the purpose of its obligation, the obligee may claim compensation for loss or damage arising from such failure.",民法第415条第1項,,
債権者,さいけんしゃ,2,creditor,特に金銭債権を指す場合、倒産法の場合,,,,,
債権者委員会,さいけんしゃいいんかい,,creditors' committee,,,,,,
債権者一覧表,さいけんしゃいちらんひょう,,list of creditors,,,,,【注】（出典）破産規則14条1項,
債権者集会,さいけんしゃしゅうかい,,meeting of creditors,,,,,,
債権者代位権,さいけんしゃだいいけん,,creditor's right of subrogation,,,,,,
債権者代位訴訟,さいけんしゃだいいそしょう,,action by the subrogee,,,,,,
債権者の一般の利益,さいけんしゃのいっぱんのりえき,,common interests of the creditors,,,,,,
債権者表,さいけんしゃひょう,,schedule of creditors,,,,,,
債権者名簿,さいけんしゃめいぼ,,list of holders of dischargeable claims,,,,,,
債権者を害する行為,さいけんしゃをがいするこうい,,act that would harm creditors,,,,,【注】（出典）破産法160条1項、民事再生法127条1項,
債権証書,さいけんしょうしょ,,instrument evidencing claims,,,,,,
債権届出期間,さいけんとどけできかん,,period for filing of proofs of claims,,,,,,
債権の調査及び確定,さいけんのちょうさおよびかくてい,,investigation and allowance of claims,,,,,,
債権の届出,さいけんのとどけで,,filing of proofs of claims,,,,,,
再抗告,さいこうこく,,re-appeal from an appeal from a ruling,,,,,,
最高裁判所,さいこうさいばんしょ,,Supreme Court,,,,,,
再交付,さいこうふ,1,redelivery,原則,,,,,【動詞】再交付する: redeliver
再交付,さいこうふ,2,reissuance,命令・免許等,,,,,【動詞】再交付する: reissue
催告,さいこく,1,request (for action),,,,,,
催告,さいこく,2,demand (letter),,,,,"【注】基本的には""demand""を用いるが、「催告」が書面によるものを意味する場合に限っては""demand letter""と訳しても構わない。",
催告の抗弁,さいこくのこうべん,,defense of no demand by obligee,,,,,,
最後配当,さいごはいとう,,final distribution,,,,,,
再雇用,さいこよう,,rehire,,,,,,
再婚,さいこん,,re-marriage,,,,,,
財産,ざいさん,1,property,,出資は、金銭以外の財産ですることができない,Contribution may not be made by using any property other than money.,商品取引所法,,
財産,ざいさん,2,assets,,抵当不動産以外の財産からの弁済,Payment from Assets Other Than Mortgaged Real Property,民法第394条,,
財産開示手続,ざいさんかいじてつづき,,asset disclosure procedure,,,,,【注】（出典）民事執行法第196 条,
財産権,ざいさんけん,,property right,,,,,,
財産上の不正な利益,ざいさんじょうのふせいなりえき,,unlawful economic benefit,,,,,,
財産上の利益,ざいさんじょうのりえき,,economic benefit,,,,,,
財産的基礎,ざいさんてききそ,,financial basis,,,,,,
財産分与,ざいさんぶんよ,,equitable distribution,,協議上の離婚をした者の一方は、相手方に対して財産の分与を請求することができる,One party to a divorce by agreement may ask the other party to effectuate an equitable distribution of property.,民法第768条第1項,,
財産分離,ざいさんぶんり,,division of property,,,,,,
財産目録,ざいさんもくろく,,inventory of assets,,,,,,
祭祀,さいし,1,worship,,祭祀に関する権利の承継,assumption of rights relating to worship,民法第897条見出し,,
祭祀,さいし,2,religious services dedicated to,,,,,,
再資源化,さいしげんか,,recycling,,,,,,
再資源化事業,さいしげんかじぎょう,,recycling business,,,,,,
最終完全親会社等,さいしゅうかんぜんおやがいしゃとう,,"ultimate, wholly owning parent company, etc.",,,,,,
最終事業年度,さいしゅうじぎょうねんど,,most recent business year,,,,,【注】会社法の場合,
再就職,さいしゅうしょく,,re-employment,,,,,,
最終処分場,さいしゅうしょぶんじょう,,final disposal site,,,,,,
最終日,さいしゅうび,,last day,,,,,,
再使用,さいしよう,,reuse,,,,,,
罪証,ざいしょう,,evidence of crime,,,,,,
再商品化,さいしょうひんか,,recycling,,,,,,
再処理,さいしょり,,reprocessing,,,,,,
再審,さいしん,,retrial,,,,,,
再審開始の決定,さいしんかいしのけってい,,order of commencement of retrial,,,,,,
再審査,さいしんさ,1,re-examination,,,,,,
再審査,さいしんさ,2,review,,その処分に対する再審査の申立てを却下する,dismiss an appeal for review of such dispositions,労働組合法第25条第2項,,
再審査請求,さいしんさせいきゅう,,request for re-examination,,,,,,
再審の訴え,さいしんのうったえ,,action for retrial,,,,,,
再審の事由,さいしんのじゆう,,grounds for retrial,,,,,,
再尋問,さいじんもん,,re-examination,,,,,,
再生,さいせい,1,rehabilitation,民事再生法上の手続,,,,,
再生,さいせい,2,recycle,再利用,,,,,
再生,さいせい,3,recovery,回復,,,,,
再生,さいせい,4,revitalization,「活力の再生」のような場合,,,,,
財政,ざいせい,,finance,,,,,,
再生医療等製品,さいせいいりょうとうせいひん,,regenerative medical product,,,,,,
再生計画,さいせいけいかく,,(proposed) rehabilitation plan,,,,,,
再生計画認可,さいせいけいかくにんか,,confirmation/disconfirmation of the rehabilitation plan,,,,,,
再生計画の取消し,さいせいけいかくのとりけし,,revocation of the rehabilitation plan,,,,,【注】（出典）民事再生法189条,
再生債権,さいせいさいけん,,rehabilitation claim,,,,,,
再生債権者,さいせいさいけんしゃ,,rehabilitation creditors,,,,,,
再生裁判所,さいせいさいばんしょ,,rehabilitation court,,,,,,
再生債務者,さいせいさいむしゃ,,rehabilitation debtor,,,,,,
再生債務者財産,さいせいさいむしゃざいさん,,rehabilitation debtor's assets,,,,,,
再生事件,さいせいじけん,,rehabilitation case,,,,,,
財政上の,ざいせいじょうの,1,financial,原則,,,,,
財政上の,ざいせいじょうの,2,fiscal,「金融」と並列的に用いる場合,,,,,
再生手続,さいせいてつづき,,rehabilitation proceeding,,再生手続開始,commencement of rehabilitation proceedings,,,
再生手続,さいせいてつづき,,rehabilitation proceeding,,再生手続終結,completion of rehabilitation proceedings,民事再生法第188条,,
再生手続,さいせいてつづき,,rehabilitation proceeding,,再生手続終了,closing of rehabilitation proceedings,民事再生法第249条,,
再生手続,さいせいてつづき,,rehabilitation proceeding,,再生手続廃止,discontinuance of rehabilitation proceedings,民事再生法第195条,,
再生手続,さいせいてつづき,,rehabilitation proceeding,,,,,"【注】一連の手続を指す場合は、""proceedings""と複数形になる。",
罪跡,ざいせき,,(criminal) evidence,,,,,,
採石権,さいせきけん,,quarrying right,,,,,,
細則,さいそく,,detailed regulations,,,,,,
財団,ざいだん,,foundation,,,,,,
財団債権,ざいだんさいけん,,claim on the estate (estate claim),,,,,,
財団法人,ざいだんほうじん,,incorporated foundation,,,,,,
再調査,さいちょうさ,,re-investigation,,,,,,
裁定,さいてい,1,ruling,一般的な場合,,,,,
裁定,さいてい,2,award,仲裁の場合,仲裁裁定,arbitration award,労働関係調整法第33条,,
裁定,さいてい,2,award,仲裁の場合,,,,,【動詞】裁定する: award
在廷して,ざいていして,,be present in court,,,,,,
最低賃金,さいていちんぎん,,minimum wage,,,,,,
最低賃金審議会,さいていちんぎんしんぎかい,,minimum wage council,,,,,,
再入国,さいにゅうこく,,re-entry,,,,,,【動詞】再入国する: re-enter
再任,さいにん,,reappointment,,,,,,
在任する,ざいにんする,1,be in office,,,,,【注】「在任する～」のように、形容詞的に用いる場合には、「in office」,
在任する,ざいにんする,2,hold office,,委員の任期は、五年とする。但し、補欠の委員は、前任者の残任期間在任する。,The term of office of a committee member is five years. A substitute committee member holds office during the remaining term of the predecessor.,警察法8条1項,,
在任する,ざいにんする,2,hold office,,委員会は、委員長が出席し、かつ、現に在任する委員の総数の三分の二以上の出席がなければ、会議を開き、議決をすることができない。,A committee may not hold a meeting nor vote on a resolution unless the chairman is in attendance and at least two-thirds of all committee members actually holding office are in attendance.,株式会社海外交通・都市開発事業支援機構法第19条第2項,,
在任する,ざいにんする,2,hold office,,,,,【注】「在任する～」のように、形容詞的に用いる場合は、「holding office」,
在任中,ざいにんちゅう,1,while in office,,委員は、在任中、政党その他の政治的団体の役員となり、又は積極的に政治運動をしてはならない。,A committee member may not become the officer of a political party or other political organization nor actively engage in political activities while in office (while holding office).,食品安全基本法第32条第2項,,
在任中,ざいにんちゅう,2,while holding office,,,,,,
再犯,さいはん,1,second offense,刑法第１０章における「再犯」の場合,三犯以上の者についても、再犯の例による。,A person convicted of a third or further offense is handled in the same way as with a second offense.,刑法第59条,,
再犯,さいはん,2,repeat offense,刑法以外において、特定の者が犯した「再犯」に言及する場合,刑法犯検挙者中の再犯者数及び再犯者率,Number of repeat offenders and ratio of repeat offenders among persons arrested for penal code offenses,再犯防止推進計画,,
再犯,さいはん,2,repeat offense,刑法以外において、特定の者が犯した「再犯」に言及する場合,全員が犯罪を再犯することなく生活している。,All of them have been living their lives without reoffending.,,,
再犯,さいはん,2,repeat offense,刑法以外において、特定の者が犯した「再犯」に言及する場合,,,,,【動詞】再犯する: reoffend
再犯,さいはん,3,recidivism,刑法以外において、「再犯防止」などの形で「再犯」一般に言及する場合,国民の間に広く再犯の防止等についての関心と理解を深めるため、再犯防止啓発月間を設ける。,Recidivism Prevention Awareness Month is hereby established in order to deepen the interest and understanding of the public at large regarding preventing recidivism.,再犯の防止等の推進に関する法律第6条第1項,,
再犯,さいはん,3,recidivism,刑法以外において、「再犯防止」などの形で「再犯」一般に言及する場合,,,,"【注】アメリカ英語以外の英語では""recidivism""の平易な言い方として""reoffending""を用いることもある。",
裁判,さいばん,1,judicial decision,抽象的概念（判決・決定・命令を包含する意味の場合）,,,,,
裁判,さいばん,2,sentence,刑事有罪判決の場合,,,,,
裁判官,さいばんかん,,judge,,,,,,
裁判官会議,さいばんかんかいぎ,,judicial assembly,,,,,,
裁判権,さいばんけん,1,jurisdiction,,,,,,
裁判権,さいばんけん,2,power of judicial decision,,,,,,
裁判所,さいばんしょ,,court,,,,,,
裁判書,さいばんしょ,,written judgment,,,,,,
裁判上の請求,さいばんじょうのせいきゅう,,demand by litigation,,裁判上の請求があったものとみなす,it is deemed that a demand by litigation has been made,会社法第545条第3項,,
裁判上の離婚,さいばんじょうのりこん,,judicial divorce,,,,,,
裁判上又は裁判外の行為,さいばんじょうまたはさいばんがいのこうい,,acts in or out of court,,,,,,
裁判所書記官,さいばんしょしょきかん,,court clerk,,,,,,
裁判所速記官,さいばんしょそっきかん,,court stenographer,,,,,,
裁判所調査官,さいばんしょちょうさかん,,judicial research official,,,,,,
裁判長,さいばんちょう,,presiding judge,,,,,,
裁判手続,さいばんてつづき,1,judicial proceedings,立法・行政と対比して司法の作用であることを強調するとき,,,,,
裁判手続,さいばんてつづき,2,court proceedings,裁判所という機関の手続であることに着目するとき,,,,,
裁判の脱漏,さいばんのだつろう,,omission in judicial decision,,,,,,
再販売価格,さいはんばいかかく,,resale price,,,,,,
裁判費用,さいばんひよう,,court costs,,,,,,
財物,ざいぶつ,,property,,,,,,
債務,さいむ,1,obligation,債務一般の場合,,,,,
債務,さいむ,2,debt,特に金銭債務を指す場合,,,,,
財務,ざいむ,,finance,,,,,,
債務者,さいむしゃ,1,obligor,債権一般の場合,連帯債務者の一人に対する履行の請求は、他の連帯債務者に対しても、その効力を生ずる,A request for performance made to one joint and several obligor is also effective with respect to other joint and several obligor(s),民法第434条,,
債務者,さいむしゃ,2,debtor,特に金銭債権を指す場合、倒産法の場合,,,,,
財務諸表,ざいむしょひょう,,financial statements,,,,,,
債務超過,さいむちょうか,,insolvency,,,,,,
債務の減免,さいむのげんめん,,reduction or release of debts,,債務の減免、期限の猶予その他の権利の変更の一般的基準,"reduction or release of debts, extensions of terms and other general standards for the change in rights",会社法第564条第2項,,
債務引受,さいむひきうけ,1,assumption of obligation,,,,,,
債務引受,さいむひきうけ,2,debt assumption,,,,,,
債務不履行,さいむふりこう,1,non-performance,,ただし、その解除の当時、賃貸人が賃借人の債務不履行による解除権を有していたときは、この限りでない。,"provided, however, that this does not apply if at the time of the cancellation the lessor had the right to cancel due to non-performance by the lessee.",民法第613条第3項ただし書,,
債務不履行,さいむふりこう,2,default,金銭債務の場合,金銭の給付を目的とする債務の不履行については、その損害賠償の額は、債務者が遅滞の責任を負った最初の時点における法定利率によって定める。,The amount of damages for defaulting on the obligation to make payment is determined based on the statutory interest rate as of the time when the obligor first assumes the responsibility for the delay.,民法第419条第1項,,
債務不履行,さいむふりこう,2,default,金銭債務の場合,,,,"【注】ただし、特に「債務の不履行」と表記されている場合など、英訳において動詞で訳す必要がある際は、""fail to perform the obligation""とするなど、文脈に応じて適切に翻訳すること。",
債務名義,さいむめいぎ,,title of obligation,,,,,"【注】後記「執行力（の）ある債務名義」""enforceable title of obligation""も参照",
罪名,ざいめい,1,charged offense,審理対象としての罪名を意味する場合,逮捕状には、被疑者の氏名及び住居、罪名、被疑事実の要旨…を記載し、,"An arrest warrant must contain the name and residence of the suspect, the charged offense, a gist of the alleged facts of the crime…",刑事訴訟法第200条,,
罪名,ざいめい,2,offense,抽象的意味の場合,,,,,
細目,さいもく,,details,,,,,,
在来生物,ざいらいせいぶつ,1,native species,原則,,,,,
在来生物,ざいらいせいぶつ,2,indigenous species,地域固有性が強い場合,,,,,
在留,ざいりゅう,1,stay,事実上の在留,,,,,
在留,ざいりゅう,2,residence,資格等に基づく在留,在留資格の変更,change of status of residence,出入国管理及び難民認定法第20条,,
在留期間,ざいりゅうきかん,,period of stay,,,,,,
在留資格,ざいりゅうしかく,,status of residence,,,,,,
在留資格証明書,ざいりゅうしかくしょうめいしょ,,certificate of status of residence,,,,,,
再利用,さいりよう,,reutilization,,,,,,
詐害営業譲渡,さがいえいぎょうじょうと,,fraudulent transfer of business,,,,,【注】「詐害事業譲渡」と同じ条文に出てくる場合には、fraudulent transfer of operationsとする。,
詐害行為取消権,さがいこういとりけしけん,,right to demand rescission of fraudulent act,,,,,,
詐害行為取消訴訟,さがいこういとりけしそしょう,,action for rescission of fraudulent act,,,,,,
詐害事業譲渡,さがいじぎょうじょうと,,fraudulent transfer of business,,,,,,
さかのぼって,さかのぼって,,retroactively,,追認は、別段の意思表示がないときは、契約の時にさかのぼってその効力を生ずる,Ratification is effective retroactively as of the time of the conclusion of the contract unless another intention is manifested,民法第116条,,
詐欺,さぎ,,fraud,,,,,,
先取特権,さきどりとっけん,,statutory lien,,,,,,
詐欺破産罪,さぎはさんざい,,bankruptcy (rehabilitation) fraud,,,,,,
先物取引,さきものとりひき,,futures transactions,会計勘定科目,,,,,
作為,さくい,,action,,,,,,
錯誤,さくご,,mistake,,,,,,
削除,さくじょ,,deletion,,,,,,【動詞】削除する: delete
策定,さくてい,1,formulation,,,,,,【動詞】策定する: formulate
策定,さくてい,2,establishment,,,,,,【動詞】策定する: establish
差置送達,さしおきそうたつ,,service by leaving documents,,,,,,
差押え,さしおさえ,1,attachment,,,,,,
差押え,さしおさえ,2,seizure,,,,,,
差押禁止,さしおさえきんし,,seizure-prohibition,,,,,,
差押債権者,さしおさえさいけんしゃ,,attaching creditor,,,,,,
差押状,さしおさえじょう,,seizure warrant,,,,,,
差押命令,さしおさえめいれい,,attachment order,,,,,,
指図債権,さしずさいけん,,debt instrument payable to order,,,,,,
指図による占有移転,さしずによるせんゆういてん,,transfer of possession by instruction,,,,,,
差戻し,さしもどし,,remand,,,,,,
詐術,さじゅつ,,fraudulent means,,,,,,
査証,さしょう,,visa,,,,,,
撮影,さつえい,,photography,,,,,,【動詞】撮影する: photograph
雑所得,ざつしょとく,,miscellaneous income,,,,,,
雑損控除,ざつそんこうじょ,,casualty loss deduction,,,,,,
雑損失,ざつそんしつ,,miscellaneous loss,会計勘定科目,,,,,
殺人,さつじん,,homicide,,,,,,
雑則,ざっそく,,miscellaneous provision,,,,,,
査定,さてい,1,assessment,原則,査定決定,assessment order,,,
査定,さてい,1,assessment,原則,査定の裁判,assessment decision,,,
査定,さてい,1,assessment,原則,,,,,【動詞】査定する: assess
査定,さてい,2,decision,特許査定など判断の形式,拒絶査定,rejection decision,,,
査定,さてい,2,decision,特許査定など判断の形式,,,,,【動詞】査定する: decide
差別,さべつ,,discrimination,,,,,,【動詞】差別する: discriminate【形容詞】差別の: discriminatory
差別的取扱い,さべつてきとりあつかい,1,discriminatory treatment,,,,,,
差別的取扱い,さべつてきとりあつかい,2,differential treatment,,,,,,
参加,さんか,1,participation,原則,,,,,"【動詞】参加する: participate, join"
参加,さんか,2,intervention,訴訟参加,,,,,【動詞】参加する: intervene
参加人,さんかにん,1,intervenor,訴訟参加,,,,,
参加人,さんかにん,2,participant,その他,,,,,
産業構造審議会,さんぎょうこうぞうしんぎかい,,Industrial Structure Council,,,,,,
産業廃棄物,さんぎょうはいきぶつ,,industrial waste,,,,,,
産業廃棄物処分業者,さんぎょうはいきぶつしょぶんぎょうしゃ,,industrial waste disposal service,,,,,,
参考人,さんこうにん,1,person of reference,問題の当事者以外の立場で、行政庁から参考意見を求められる者を指す場合、または、国会の委員会において、その委員会の審査又は調査のため必要があるとき、その求めに応じて出頭して意見を述べる者を指す場合,,,,,
参考人,さんこうにん,2,unsworn witness,捜査機関が犯罪捜査をする場合に、必要に応じて取調べをする被疑者以外の第三者を指す場合,,,,,
参考人,さんこうにん,3,witness,行政審判における参考人,,,,,
残存債権者,ざんぞんさいけんしゃ,,remaining creditors,,,,,,
残存債権者を害することを知って,ざんぞんさいけんしゃをがいすることをしって,,with the knowledge that it harms remaining creditors,,,,,,
算定,さんてい,,calculation,,,,,,【動詞】算定する: calculate
暫定措置法,ざんていそちほう,,Act on Temporary Measures,,,,,,
暫定予算,ざんていよさん,,provisional budget,,,,,,
算入,さんにゅう,,inclusion,,,,,,【動詞】算入する: include
残任期間,ざんにんきかん,,remaining term,,前任者の残任期間,during the remaining term of such predecessor,,,
残余財産,ざんよざいさん,,residual assets,,,,,,
山林,さんりん,,forest,,,,,,
山林所得,さんりんしょとく,,timber income,,,,,,
私印,しいん,,private seal,,,,,,
死因贈与,しいんぞうよ,,gift on donor's death,,,,,,
自衛官,じえいかん,,(Uniformed) Self-Defense Forces personnel,,,,,,
自衛隊,じえいたい,,Self-Defense Forces,,,,,,
自衛隊員,じえいたいいん,,Self-Defense Forces personnel,,,,,,
市街化区域,しがいかくいき,,urbanization promotion area,,,,,,
市街化調整区域,しがいかちょうせいくいき,,urbanization control area,,,,,,
市街地開発事業,しがいちかいはつじぎょう,,urban development project,,,,,,
資格,しかく,1,qualification,能力・免許としての資格,原資格国,country of primary qualification,外国弁護士による法律事務の取扱い等に関する法律第2条,,
資格,しかく,2,status,地位としての資格,在留資格,status of residence,外国人登録法第4条,,
資格,しかく,3,capacity,法定資格,,,,,
仕掛品,しかかりひん、しかけひん,,work in progress,会計勘定科目,,,,,
時価,じか,,market value,,,,,,
時間外労働,じかんがいろうどう,,overtime work,,,,,,
指揮,しき,1,direction,原則,,,,,【動詞】指揮する: direct
指揮,しき,2,command,軍事,,,,,【動詞】指揮する: command
始期,しき,,time of commencement,,,,,,
敷金,しききん,,security deposit,,,,,,
敷地,しきち,1,site,場所を示すような場合,,,,,
敷地,しきち,2,grounds,敷地面積のような場合,,,,,
磁気ディスク,じきでぃすく,,magnetic disk,,,,,,
磁気的方式,じきてきほうしき,,magnetic form,,,,,,
識別,しきべつ,1,discernment,区別,,,,,【動詞】識別する: discern
識別,しきべつ,2,identification,同定,,,,,【動詞】識別する: identify
支給,しきゅう,1,payment,金銭,,,,,【動詞】支給する: pay
支給,しきゅう,2,provision,物,,,,,【動詞】支給する: provide
事業,じぎょう,,business,商法上の「営業」に対し、会社法上の「事業」の訳語として使用する。,,,,"【Note】In the Companies Act of 2006, new word ""jigyo"" was introduced to mean those what was called in the past as ""eigyo"", because the word ""jigyo"" was more popular in the actual business world. Therefore, in the new Companies Act, the word ""jigyo"" is used",
事業活動,じぎょうかつどう,,business activities,,,,,,
事業協同組合,じぎょうきょうどうくみあい,,business cooperative,,,,,,
事業協同小組合,じぎょうきょうどうしょうくみあい,,small business cooperative,,,,,,
事業者,じぎょうしゃ,,,,,,,【注】文脈に応じて、下記用例に準じて訳す。,
事業者,じぎょうしゃ,,company,,鉄道事業者,railway company,,,
事業者,じぎょうしゃ,,company,,一般電力事業者,general power company,,,
事業者,じぎょうしゃ,,company,,（公害防止事業費事業者負担法における）事業者,industrial company,,,
事業者,じぎょうしゃ,,provider,,有線テレビジョン放送事業者,cable TV provider,,,
事業者,じぎょうしゃ,,provider,,タクシー事業者,taxi service provider,,,
事業者,じぎょうしゃ,,carrier,,電気通信事業者,telecommunications carrier,,,
事業者,じぎょうしゃ,,carrier,,貨物自動車運送業者,cargo truck carrier,,,
事業者,じぎょうしゃ,,employer,労働者に対する関係での事業者,,,,,
事業者,じぎょうしゃ,,contractor,,下請事業者,subcontractor,,,
事業者,じぎょうしゃ,,enterprise,,親事業者（下請中小企業振興法）,large procuring enterprise,,,
事業者,じぎょうしゃ,,enterprise,,小規模事業者,small enterprise,,,
事業者,じぎょうしゃ,,firm,,,,,,
事業者,じぎょうしゃ,,business,,法人たる事業者,person doing business as a corporation,,,
事業者,じぎょうしゃ,,business,,,,,【注】その他の例として、事業者団体（独占禁止法）trade association、元方事業者 （労働安全衛生法） beneficiary of third party servicesがある。,
事業者団体,じぎょうしゃだんたい,,trade association,独占禁止法,,,,,
事業所,じぎょうしょ,,place of business,,,,,,
事業場,じぎょうじょう,1,workplace,労務の提供の場所に意味がある場合,,,,,
事業場,じぎょうじょう,2,place of business,事業者あるいは事業から見た場合,,,,,
事業譲渡等,じぎょうじょうととう,,"business transfer, etc.",,,,,,
事業所管大臣,じぎょうしょかんだいじん,,competent minister for the business,,,,,,
事業体,じぎょうたい,,business entity,,事業体,business entity,外国弁護士による法律事務の取扱い等に関する法律第46条,,
事業所得,じぎょうしょとく,,business income,,,,,,
事業主,じぎょうぬし,1,employer,労働関係の場合,,,,,
事業主,じぎょうぬし,2,a person in control of business,事業経営の主体を意味する場合,,,,,
事業年度,じぎょうねんど,,business year,,,,,,
事業の譲渡,じぎょうのじょうと,1,business transfer,,,,,,
事業の譲渡,じぎょうのじょうと,2,transfer of business,,,,,"【注】「事業の譲渡等」（見出しで用いられる）は、「事業譲渡等」と区別するため、transfer, etc. of business とする。",
事業の部類,じぎょうのぶるい,,line of business,,自己又は第三者のために会社の事業の部類に属する取引をすること,"carry out, personally or for a third party, any transaction which is in the line of business of the company",会社法第12条第1項第2号,,
事業の譲受け,じぎょうのゆずりうけ,,acquisition of a business,,,,,,
事業報告,じぎょうほうこく,,business report,,,,,,
事業方法書,じぎょうほうほうしょ,,business method statement,,,,,,
資金,しきん,,fund,,,,,,【関連】資金計画: financial plan
資金決済,しきんけっさい,,fund settlement,,,,,,
死刑,しけい,,death penalty,,,,,,
試験,しけん,1,examination,原則,,,,,
試験,しけん,2,experiment,研究的,,,,,
試験,しけん,3,test,実証的,,,,,
私権,しけん,,private right,,,,,,
資源,しげん,,resource,,,,,,
事件,じけん,,case,,,,,,
試験員,しけんいん,1,examiner,原則,,,,,
試験員,しけんいん,2,experimenter,研究的,,,,,
試験員,しけんいん,3,tester,実証的,,,,,
試験機関,しけんきかん,1,examining body,,,,,,
試験機関,しけんきかん,2,test laboratory,,,,,,
試験研究,しけんけんきゅう,1,test and research,,,,,,
試験研究,しけんけんきゅう,2,research and development,,,,,,
試験事務,しけんじむ,,examination affairs,,,,,,
事故,じこ,,accident,,,,,,
事項,じこう,1,matter,,,,,,
事項,じこう,2,information,,,,,,
事項,じこう,3,particular,,,,,【注】辞書中、（事項）と表示してある場合は、前後の文脈に応じて適切な訳語を用いる。,
次項,じこう,1,immediately following paragraph,,,,,,
次項,じこう,2,the following paragraph,,,,,,
時効,じこう,1,prescription,一般的な場合,,,,【注】取得時効・消滅時効の両方を含む,
時効,じこう,2,statute of limitations,刑事訴訟法における公訴時効の場合,,,,,
時効完成,じこうかんせい,1,completion of prescription,一般的な場合,,,,,
時効完成,じこうかんせい,2,lapse of the statute of limitations,刑事の場合,,,,,
時効期間,じこうきかん,1,period of prescription,一般的な場合,,,,,
時効期間,じこうきかん,2,statute of limitations (period),刑事の場合,,,,,
施行期日,しこうきじつ,,effective date,,,,,,
施行規則,しこうきそく,,Regulations for Enforcement of the … Act,,銀行法施行規則,Regulations for Enforcement of the Banking Act,,,
時効の完成猶予,じこうのかんせいゆうよ,,postponement of (the) expiration (of the prescription period),,,,,,
時効の更新,じこうのこうしん,1,renewal of the period of prescription,,,,,,
時効の更新,じこうのこうしん,2,renewal of (the) prescription (period),,,,,,
時効の中断,じこうのちゅうだん,,renewal,,時効の中断,Renewal of Prescription,刑法第34条,,
時効の停止,じこうのていし,1,suspension of prescription,一般的な場合,,,,,
時効の停止,じこうのていし,2,tolling of the statute of limitations,刑事の場合,,,,,
施行の日,しこうのひ,1,the date on which … comes into effect,,,,,,
施行の日,しこうのひ,2,effective date,,,,,,
時効の利益,じこうのりえき,,benefit of prescription,,時効の利益は、あらかじめ放棄することができない,The benefits of the prescription may not be waived in advance,民法第146条,,
施行日,しこうび,,effective date,,,,,,
施行法,しこうほう,,Act for Enforcement,,刑法施行法,Act for Enforcement of the Penal Code,,,
施行令,しこうれい,,Order for Enforcement of the … Act,,金融商品取引法施行令,Order for Enforcement of the Financial Instruments and Exchange Act,,,
事故があるとき,じこがあるとき,,(be) unavailable (to),,人事院総裁に事故のあるとき、又は人事院総裁が欠けたときは、先任の人事官が、その職務を代行する。,"A senior Commissioner acts in place of the President of the National Personnel Authority in the performance of duties if the President is unavailable, or if the President's position is vacant.",国家公務員法第11条第3項,,
事故があるとき,じこがあるとき,,(be) unavailable (to),,,,,【注】法令用語において「事故があるとき」とある場合の「事故」とは、ある人の業務の執行に支障となるような出来事を意味する。,
自己株式,じこかぶしき,1,own share,,,,,,
自己株式,じこかぶしき,2,treasury share,,,,,,
自己契約,じこけいやく,,self-contract,,,,,,
事後強盗,じごごうとう,,constructive robbery,,,,,【注】評価としての強盗であるため端的な訳とした。,
事後指定,じごしてい,,subsequent designation,,,,,,
自己資本,じこしほん,,equity capital,,,,,,
自己資本規制比率,じこしほんきせいひりつ,,capital adequacy ratio,,,,,,
自己新株予約権,じこしんかぶよやくけん,,own share option,,,,,,
自己新株予約権付社債,じこしんかぶよやくけんつきしゃさい,,own bond with share option,,,,,,
自己の,じこの,1,one's own,,,,,,
自己の,じこの,2,…'s,,,,,,
自己の計算において,じこのけいさんにおいて,,on one's own account,,,,,,
自己の財産におけるのと同一の注意義務をもって,じこのざいさんにおけるのとどういつのちゅういぎむをもって,,with the same care a person would exercise over the person's own property,,相続の放棄をした者は、…自己の財産におけるのと同一の注意をもって、その財産の管理を継続しなければならない,A person renouncing a succession must continue to administer the estate with the same care that the person would exercise over the person's own property.,民法第940条第1項,,
自己の名,じこのな,,one's own name,,,,,,
事後評価,じごひょうか,1,post facto assessment,一般的な場合,,,,,
事後評価,じごひょうか,2,ex-post evaluation,政策評価法に基づき、行政機関が自らその所掌の政策の評価を行う場合,EU予算支出を伴うプログラムの評価手引書（事後評価及び中間報告）,Evaluation EU Expenditure Programs: A Guide … Ex post and Intermediate Evaluation,1997年1月欧州委員会予算総局,,
自殺関与,じさつかんよ,,instigation or assistance in suicide,,,,,,
資産,しさん,,asset,,,,,,
資産除去債務,しさんじょきょさいむ,,asset retirement obligation,会計勘定科目,,,,,
持参人,じさんにん,,bearer,,,,,,
事実,じじつ,,facts,,犯罪事実,facts of the crime,刑事訴訟規則第159条,,
事実上,じじつじょう,,de facto,,,,,,
事実の認定,じじつのにんてい,,fact finding,,,,,,【動詞】事実認定する: find fact
死者,ししゃ,,deceased,,,,,,
自首する,じしゅする,,self-denounce,,,,,,
支出,ししゅつ,,expenditure,,,,,,【動詞】支出する: expend
市場,しじょう,,market,,,,,,
次条,じじょう,1,immediately following Article,,,,,,
次条,じじょう,2,the following Article,,,,,,
支障部分,ししょうぶぶん,,detrimental part,,,,,【注】（出典）破産法12条,
私署証書,ししょしょうしょ,,private instrument,,,,,,
指針,ししん,,guideline,,,,,,
資する,しする,,contribute,,,,,,
施設,しせつ,1,facility,,軍事施設,military facilities,,,
施設,しせつ,2,establishment,,,,,,
施設,しせつ,3,office,,,,,,
施設,しせつ,4,institution,,,,,,
施設入所,しせつにゅうしょ,1,foster care,対象が児童である場合,都道府県知事は、児童虐待を受けた児童について施設入所等の措置が採られ、又は児童福祉法第三十三条第二項の規定による一時保護が行われた場合において、当該児童について採られた施設入所等の措置又は行われた一時保護を解除するときは、当該児童の保護者に対し、親子の再統合の促進その他の児童虐待を受けた児童が家庭で生活することを支援するために必要な助言を行うことができる。,"When a prefectural governor intends to cancel the measures for foster care, etc. taken for a child who has suffered child abuse or the temporary custody taken in case where the measures for foster care, etc. have been taken for the child or the temporary custody of the child pursuant to the provisions of Article 33, paragraph (2) of the Child Welfare Act has been taken, the prefectural governor may provide the parent or guardian of the child advice necessary to promote reunion of parent and child and other support necessary for the abused children to live in a home.",児童虐待の防止等に関する法律第13条第2項,,
施設入所,しせつにゅうしょ,2,residential care,対象が高齢者・障害者である場合,,,,,
自然再生,しぜんさいせい,,nature restoration,,,,,,
自然再生事業,しぜんさいせいじぎょう,,nature restoration project,,,,,,
事前評価,じぜんひょうか,1,assessment in advance,一般的な場合,,,,,
事前評価,じぜんひょうか,2,ex-ante evaluation,政策評価法に基づき、行政機関が自らその所掌の政策の評価を行う場合,事前評価：EU予算支出を伴うプログラムの企画・立案に関する実務手引書,Ex Ante Evaluation: A Practical Guide for Preparing Proposals for Expenditure Programs,2001年12月欧州委員会予算総局,,
死体,したい,,corpse,,,,,,
肢体不自由者,したいふじゆうしゃ,,physically disabled person,,,,,,
下請,したうけ,,subcontract,,,,,,
下請負人,したうけおいにん,,subcontractor,,,,,,
下請事業者,したうけじぎょうしゃ,,subcontractor,,,,,,
師団長,しだんちょう,,"Division Commanding General of Army, Ground Self-Defense Force",,,,,,
自治,じち,,autonomy,,,,,,
質入証券,しちいれしょうけん,,pledge receipt,,,,,,
質権,しちけん,,pledge,,,,,,
質権者,しちけんしゃ,,pledgee,,,,,,
質権設定者,しちけんせっていしゃ,,pledgor,,,,,,
市町村,しちょうそん,,municipality,,,,,"【注】city, town and villageの総称",
市町村長,しちょうそんちょう,,mayor of municipality,,,,,,
市町村民税,しちょうそんみんぜい,,municipal inhabitants tax,,,,,,
実演,じつえん,,performance,,,,,,
実演家,じつえんか,,performer,,,,,,
実演家人格権,じつえんかじんかくけん,,moral right of performer,,,,,,
実演の録音,じつえんのろくおん,,sound recording of performance,,,,,,
実演の録音物若しくは録画物,じつえんのろくおんぶつもしくはろくがぶつ,,sound or visual recording of performance,,,,,,
失火,しっか,,fire caused by negligence,,,,,,
疾患,しっかん,1,illness,,,,,,
疾患,しっかん,2,disease,,,,,,
執行,しっこう,1,execution,原則,仮執行,provisional execution,民事訴訟法第323条,,
執行,しっこう,1,execution,原則,予算の執行,budget execution,,,
執行,しっこう,1,execution,原則,,,,,【動詞】執行する: execute
執行,しっこう,2,enforcement,法の実施,,,,,
失効,しっこう,1,lapse,,,,,,
失効,しっこう,2,expiration,,,,,,
実行,じっこう,1,performance,,,,,,【動詞】実行する: perform
実行,じっこう,2,implementation,,,,,,【動詞】実行する: implement
実行,じっこう,3,execution,,,,,,【動詞】実行する: execute
実効,じっこう,,effectiveness,,,,,,【形容詞】実効的な: effective【関連】実効性: effectiveness
執行異議,しっこういぎ,,objection (to an enforcement measure),,（執行異議）,(Objecting to Enforcement Measures),民事執行法第11条第1項見出し,,
執行異議,しっこういぎ,,objection (to an enforcement measure),,執行裁判所の執行処分で執行抗告をすることができないものに対しては、執行裁判所に執行異議を申し立てることができる。執行官の執行処分及びその遅怠に対しても、同様とする。,A person may file an objection with the enforcement court against the measures of that court that may not be appealed. A person may also file an objection against a court enforcement officer's measures or against a court enforcement officer's delay or negligence.,民事執行法第11条第1項本文,,
執行官,しっこうかん,,court enforcement officer,,,,,,
執行機関,しっこうきかん,,enforcement authority,,都道府県の執行機関,prefectural executive agency,民法第84条の2第1項,,
執行決定,しっこうけってい,,enforcement order,,,,,,
執行行為,しっこうこうい,,act of enforcement,,,,,,
執行抗告,しっこうこうこく,,appeal (against an enforcement decision),,前項の申立てについての決定に対しては、執行抗告をすることができる。,An appeal may be filed against an order on the petition referred to in the preceding paragraph.,民事執行規則第150条の7第2項,,
執行抗告,しっこうこうこく,,appeal (against an enforcement decision),,差押命令の申立てについての裁判に対しては、執行抗告をすることができる。,An appeal may be filed against a judicial decision on a petition for an attachment order.,民事執行規則第150条の3第6項、第150条の10第10項,,
執行抗告,しっこうこうこく,,appeal (against an enforcement decision),,執行抗告をすることができる裁判,a judicial decision against which an appeal may be filed,民事執行規則第2条第1項第1号,,
執行抗告,しっこうこうこく,,appeal (against an enforcement decision),,第一項の開始決定に対しては、執行抗告をすることができる。,An appeal may be filed against the commencement order referred to in paragraph (1).,民事執行規則第89条第3項,,
執行裁判所,しっこうさいばんしょ,,enforcement court,,,,,,
執行証書,しっこうしょうしょ,,notarial instrument authorizing enforcement,,,,,,
執行停止,しっこうていし,,stay (of enforcement),,,,,,
実行に着手する,じっこうにちゃくしゅする,,begin to commit a crime,,,,,,
執行判決,しっこうはんけつ,,enforcement judgment,,,,,,
執行文,しっこうぶん,,attestation of enforceability,,,,,,
執行役,しっこうやく,,executive officer,,,,,,
執行猶予,しっこうゆうよ,,suspended execution of the sentence,,,,,,
執行力ある債務名義,しっこうりょくあるさいむめいぎ,,enforceable title of obligation,,,,,【注】債務名義: title of obligation（前記「債務名義」参照）: （出典）破産法129条・165条、民事再生法109条・130条,
実子,じっし,,natural child,,,,,,
実施,じっし,1,work,(2)を除く工業所有権の場合,,,,,
実施,じっし,2,use,著作権・商標権の場合,,,,,
実施計画,じっしけいかく,,implementation plan,,,,,,
実質的,じっしつてき,,substantial,,,,,,
失踪者,しっそうしゃ,,person presumed dead,,失踪者が生存すること又は前条に規定する時と異なる時に死亡したことの証明があったときは、家庭裁判所は、本人又は利害関係人の請求により、失踪の宣告を取り消さなければならない。,"If the family court receives proof that a person presumed to be dead is alive or that they died at a time that is different from the time provided for in the preceding Article, the court must rescind the declaration of presumed death, at the request of the person themselves or of an interested party;",民法第第32条第1項,,
失踪の宣告,しっそうのせんこく,,declaration of presumed death,,失踪者が生存すること又は前条に規定する時と異なる時に死亡したことの証明があったときは、家庭裁判所は、本人又は利害関係人の請求により、失踪の宣告を取り消さなければならない。,"If the family court receives proof that a person presumed to be dead is alive or that they died at a time that is different from the time provided for in the preceding Article, the court must rescind the declaration of presumed death, at the request of the person themselves or of an interested party;",民法第32条第1項,,
実費,じっぴ,,actual cost,,,,,,
疾病,しっぺい,1,disease,,,,,,
疾病,しっぺい,2,illness,,,,,,
実務研修,じつむけんしゅう,,practical training,,,,,,
実名,じつめい,,true name,,,,,,
実用新案,じつようしんあん,,utility model,,,,,,
実用新案権,じつようしんあんけん,,utility model right,,,,,,
実用新案権者,じつようしんあんけんしゃ,,holder of utility model right,,,,,,
実用新案原簿,じつようしんあんげんぼ,,utility model register,,,,,,
実用新案公報,じつようしんあんこうほう,,utility model gazette,,,,,,
実用新案登録,じつようしんあんとうろく,,utility model registration,,,,,,
実用新案登録出願,じつようしんあんとうろくしゅつがん,,application for utility model registration,,,,,,
実用新案登録出願人,じつようしんあんとうろくしゅつがんにん,,applicant for utility model registration,,,,,,
実用新案登録証,じつようしんあんとうろくしょう,,certificate of utility model registration,,,,,,
実用新案登録表示,じつようしんあんとうろくひょうじ,,indication of utility model registration,,,,,,
指定,してい,,designation,,,,,,【動詞】指定する: designate【動詞】指定する: specify
指定項目,していこうもく,,designated items,,,,,,
指定書,していしょ,,certificate of designation,,,,,,
指定申請書,していしんせいしょ,,written application for designation,,,,,,
指定物質,していぶっしつ,,designated substance,,,,,,
私的独占,してきどくせん,,private monopolization,,,,,,
私的録音,してきろくおん,,private sound recording,,,,,,
私的録音録画補償金,してきろくおんろくがほしょうきん,,compensation for private sound and visual recording,,,,,,
してはならない,してはならない,1,must not,,その権限は、…と解釈してはならない,the authority must not be construed as …,,,
してはならない,してはならない,2,is prohibited,,何人も…してはならない,it is prohibited for any person to …,,,
支店,してん,,branch office,,,,,,
指導,しどう,1,guidance,,,,,,【動詞】指導する: guide
指導,しどう,2,instruction,,,,,,
児童,じどう,1,child,原則,,,,,
児童,じどう,2,elementary school children,学校教育法上の「児童」など、小学生を意味する場合,,,,,
自動公衆送信,じどうこうしゅうそうしん,,automatic public transmission,,,,,,
自動公衆送信装置,じどうこうしゅうそうしんそうち,,automatic public transmission server,,,,,,
自動車,じどうしゃ,1,motor vehicle,道路交通法などにおける場合の「自動車」,自動車は、内閣府令で定める車体の大きさ及び構造並びに原動機の大きさを基準として、大型自動車、中型自動車、準中型自動車、普通自動車、大型特殊自動車、大型自動二輪車（側車付きのものを含む。以下同じ。）、普通自動二輪車（側車付きのものを含む。以下同じ。）及び小型特殊自動車に区分する。 ,"A motor vehicle is classified on the basis of the standards that Cabinet Office Order prescribes for body size, structure, and engine size, as a large motor vehicle, mid sized motor vehicle, semi mid sized motor vehicle, standard motor vehicle, special large motor vehicle, large motorcycle (including one with a sidecar; the same applies below), standard motor cycle (including one with a sidecar; the same applies below), or special small motor vehicle.",道路交通法第3条,,
自動車,じどうしゃ,2,automobile,自動車損害賠償保障法など、自動車損害賠償責任保険・共済に関係する場合の「自動車」,自動車損害賠償責任保険,automobile liability insurance,,,
自動車,じどうしゃ,2,automobile,自動車損害賠償保障法など、自動車損害賠償責任保険・共済に関係する場合の「自動車」,,,,【注】消防自動車（fire truck）、救急自動車（ambulance）など、日本語に「自動車」という文言が含まれていても、英語ではそれ自体に固有の呼び方が存在する場合は、上記の(1)・(2)の訳を用いない。,
自動車排出ガス,じどうしゃはいしゅつがす,,automobile exhaust,,,,,,
児童ポルノ,じどうぽるの,,child pornography,,,,,,
しなければならない,しなければならない,,must,,,,,,
自認,じにん,,admission,,,,,,【動詞】自認する: admit
支配,しはい,,control,,,,,,
支配人,しはいにん,,manager,,,,,,
自白,じはく,1,confession,刑事,,,,,【動詞】自白する: confess
自白,じはく,2,admission,民事,,,,,【動詞】自白する: admit
支払期日,しはらいきじつ,1,date of payment,,,,,,
支払期日,しはらいきじつ,2,payment date,,,,,,
支払期日,しはらいきじつ,3,due date,,,,,,
支払者,しはらいしゃ,,payer,源泉徴収をする支払者の場合,,,,,
支払地,しはらいち,,place for payment,,,,,,
支払遅延,しはらいちえん,,delay in payment,,,,,,
支払調書,しはらいちょうしょ,,report of payment,,,,,,
支払手形,しはらいてがた,,negotiable instrument payable,会計勘定科目,,,,,
支払督促,しはらいとくそく,,demand for payment,,,,,,
支払能力,しはらいのうりょく,,ability to pay,,,,,,
支払の停止,しはらいのていし,,suspension of payments,,支払の停止があった後に債務を負担した場合,in cases where they assumed debts after suspension of payment,会社法第517条第1項第3号,,
支払の猶予,しはらいのゆうよ,,(granting a) grace period for payment,,,,,,
支払不能,しはらいふのう,,inability to pay debts (as they become due),,,,,,
自判,じはん,,own judgment,,,,,,
四半期報告書,しはんきほうこくしょ,,quarterly securities report,,,,,,
自筆証書,じひつしょうしょ,,holograph,,,,,,
支部,しぶ,,branch,,,,,,
事物管轄,じぶつかんかつ,,subject matter jurisdiction,,,,,,
私文書,しぶんしょ,,private document,,,,,,
紙幣,しへい,,money bill,,,,,【注】銀行券を意味する場合はbanknotes,
支弁,しべん,,payment,,,,,,【動詞】支弁する: pay
事変,じへん,1,serious event,一般的な場合,,,,,
事変,じへん,2,accident,民法第215条のような単なる「事故」を示す場合,,,,,
私募,しぼ,,private placement,,,,,,
死亡,しぼう,,death,,,,,,【動詞】死亡する: die
司法委員,しほういいん,,judicial commissioner,,,,,,
司法警察員,しほうけいさついん,,judicial police personnel,,,,,,
司法警察職員,しほうけいさつしょくいん,,judicial police personnel,,,,,【注】司法巡査：judicial constable,
司法修習生,しほうしゅうしゅうせい,,legal apprentice,,,,,,
資本,しほん,,capital,,,,,,
資本金,しほんきん,,stated capital,,株式会社は資本金の額を減少することができる,A stock company may reduce the amount of the stated capital,会社法第447条第1項,,
資本金の額,しほんきんのがく,,amount of stated capital,,,,,,
資本金の額の減少,しほんきんのがくのげんしょう,,reduction of the stated capital,,,,,,
資本準備金,しほんじゅんびきん,,capital reserve,,,,,,
資本剰余金,しほんじょうよきん,,capital surplus,会計勘定科目,,,,,
資本の額,しほんのがく,,amount of capital,,,,,,
事務管理,じむかんり,,benevolent intervention in another's affairs,,,,,,
事務規程,じむきてい,,rules of administration,,,,,,
事務局,じむきょく,1,secretariat,原則,,,,,
事務局,じむきょく,2,executive office,「官房」と並列的に用いる場合,,,,,
氏名,しめい,,name,,,,,,
指名委員会,しめいいいんかい,,nominating committee,,,,,,
指名委員会等設置会社,しめいいいんかいとうせっちがいしゃ,,"company with nominating committee, etc.",,,,,,
指名債権,しめいさいけん,,nominative claim,,,,,,
氏名又は名称,しめいまたはめいしょう,,name,,,,,,
指紋,しもん,,fingerprint,,,,,,
諮問,しもん,,consultation,,,,,,【動詞】諮問する: consult
社員,しゃいん,,member,,,,,,
社員総会,しゃいんそうかい,,general meeting (of members),,,,,,
社外監査役,しゃがいかんさやく,,outside company auditor,,,,,,
社会経済の,しゃかいけいざいの,,socioeconomic,,,,,,
社会生活,しゃかいせいかつ,,social life,,,,,,
社外取締役,しゃがいとりしまりやく,,outside director,,,,,,
社会福祉,しゃかいふくし,,social welfare,,,,,,
社会福祉士,しゃかいふくしし,,certified social worker,,,,,,
社会復帰,しゃかいふっき,,re-integration into society,,,,,,
借地権,しゃくちけん,,land leasehold right,,,,,,
釈放,しゃくほう,,release,,,,,,【動詞】釈放する: release
釈明権,しゃくめいけん,,authority to ask for clarification,,,,,,
釈明処分,しゃくめいしょぶん,,order for clarification,,,,,,
酌量減軽,しゃくりょうげんけい,,reduction of punishment in light of extenuating circumstances,,,,,,
社債,しゃさい,,(corporate) bond,前後関係から「社債」であることが明らかな場合には、（）内を省略し、bondを用いることも可,,,,,
社債管理者,しゃさいかんりしゃ,,bond administrator,,,,,,
社債管理補助者,しゃさいかんりほじょしゃ,,bond administration assistant,,,,,,
社債券,しゃさいけん,,(corporate) bond certificate,,,,,,
社債権者,しゃさいけんしゃ,,bondholder,,,,,,
社債権者集会,しゃさいけんしゃしゅうかい,,bondholders meeting,,,,,,
社債権者集会参考書類,しゃさいけんしゃしゅうかいさんこうしょるい,,reference documents for bondholders meeting,,,,,,
社債原簿,しゃさいげんぼ,,bond register,,,,,,
社債原簿管理人,しゃさいげんぼかんりにん,,bond register administrator,,,,,,
社債発行会社,しゃさいはっこうがいしゃ,,bond-issuing company,,,,,,
社債発行費,しゃさいはっこうひ,,(corporate) bond issuance expenses,会計勘定科目,,,,,
写真の著作物,しゃしんのちょさくぶつ,,photographic work(s),,,,,"【注】通例""works""（複数形）",
社団,しゃだん,,association,,,,,,
社団法人,しゃだんほうじん,,incorporated association,,,,,,
車両,しゃりょう,,vehicle,,,,,,【関連】鉄道車両: railway vehicle
受遺者,じゅいしゃ,,legatee,,,,,,
収益,しゅうえき,1,earnings,物を利用して果実の収取等により利益を収める場合,担保不動産収益執行,enforcement against earnings from secured immovable property,,,
収益,しゅうえき,2,profit,非営利団体が事業により利益を上げる場合,収益事業,profit-making business,,,
収益,しゅうえき,2,profit,非営利団体が事業により利益を上げる場合,,,,,【形容詞】収益の: profit-making
収益,しゅうえき,3,proceeds,犯罪収益の場合,犯罪収益,criminal proceeds,,,
収益,しゅうえき,4,income,"会計用語中の「収益」は実務では前後に付加される用語によって、income, return, revenue, benefit, creditなどの英語が当てはめられているが、会計実務上使い分けられていないので次の用例による。",未収収益,accrued income,,,
収益,しゅうえき,4,income,"会計用語中の「収益」は実務では前後に付加される用語によって、income, return, revenue, benefit, creditなどの英語が当てはめられているが、会計実務上使い分けられていないので次の用例による。",前受収益,unearned revenue,,,
収益,しゅうえき,4,income,"会計用語中の「収益」は実務では前後に付加される用語によって、income, return, revenue, benefit, creditなどの英語が当てはめられているが、会計実務上使い分けられていないので次の用例による。",営業収益,operating revenue,,,
収益,しゅうえき,4,income,"会計用語中の「収益」は実務では前後に付加される用語によって、income, return, revenue, benefit, creditなどの英語が当てはめられているが、会計実務上使い分けられていないので次の用例による。",金融収益,finance income,,,
収益,しゅうえき,4,income,"会計用語中の「収益」は実務では前後に付加される用語によって、income, return, revenue, benefit, creditなどの英語が当てはめられているが、会計実務上使い分けられていないので次の用例による。",営業外収益,non-operating revenues,,,
集会,しゅうかい,1,meeting,,,,,,
集会,しゅうかい,2,assembly,,,,,,
重加算税,じゅうかさんぜい,,heavy additional tax,,,,,,
終期,しゅうき,,time of expiration,,,,,,
収去,しゅうきょ,,removal,,,,,,
住居,じゅうきょ,,residence,,,,,,
就業規則,しゅうぎょうきそく,,rules of employment,,,,,,
従業者,じゅうぎょうしゃ,1,employee,原則,,,,【注】労働法関係以外の分野で用いられる場合、多様な意味で用いられる用語であるので、文脈に応じて適切な訳語を選択する必要がある。,
従業者,じゅうぎょうしゃ,2,worker,「使用人」employeeとの区別が必要な場合,,,,,
就業場所,しゅうぎょうばしょ,,workplace,,,,,,
宗教法人,しゅうきょうほうじん,,religious corporation,,,,,,
終局決定,しゅうきょくけってい,,final order,,,,,,
終局判決,しゅうきょくはんけつ,,final judgment,,,,,,
終結,しゅうけつ,1,conclusion,,,,,,【動詞】終結する: conclude
終結,しゅうけつ,2,completion,,破産手続終結の決定,order for the completion of bankruptcy proceedings,,,
重婚,じゅうこん,,bigamy,配偶者が2人の場合。なお、3人以上の場合はpolygamy,,,,,
収支計算書,しゅうしけいさんしょ,,income and expenditure statement,,,,,,
収受する,しゅうじゅする,1,accept,,,,,,
収受する,しゅうじゅする,2,receive,,,,,,
住所,じゅうしょ,1,address,,,,,,
住所,じゅうしょ,2,domicile,住所地法関連の場合,,,,,
就職する,しゅうしょくする,,find employment,,,,,,【形容詞】就職している: in employment
住所地法,じゅうしょちほう,,law of domicile,,住所地法によるべき場合は、この限りでない,this does not apply where the law of domicile controls,民法第23条第2項,,
住所又は居所,じゅうしょまたはきょしょ,,domicile or residence,,,,,,
終身定期金,しゅうしんていききん,,periodic payments for life,,,,,,
修正申告,しゅうせいしんこく,,amended return,,,,,,
重大な,じゅうだいな,1,serious,原則,重大な事故,serious accident,,,
重大な,じゅうだいな,2,gross,過失の場合,重大な過失,gross negligence,,,
重大な,じゅうだいな,3,material,質的に重要または法的内容・結果に影響をもたらすような事象の場合（「重要な」とほぼ同じ意味で使用する場合）,重大な変更,material alternation,,,
重大な,じゅうだいな,3,material,質的に重要または法的内容・結果に影響をもたらすような事象の場合（「重要な」とほぼ同じ意味で使用する場合）,重大な事由,material ground,,,
重大な,じゅうだいな,4,grave,,,,,,
重大な,じゅうだいな,5,major,,,,,,
重大な過失,じゅうだいなかしつ,,gross negligence,,ただし、表意者に重大な過失があったときは、表意者は、自らその無効を主張することができない,"provided, however, that the person who made the manifestation of intention may not personally assert such nullity if the person making the manifestation was grossly negligent",民法第95条,,
従たる,じゅうたる,,secondary,,,,,,
獣畜,じゅうちく,,livestock,,,,,,
集中証拠調べ,しゅうちゅうしょうこしらべ,,focused examination of witnesses and parties,,,,,,
充当,じゅうとう,,appropriation,,,,,,
収入,しゅうにゅう,1,revenue,,,,,,
収入,しゅうにゅう,2,income,,,,,,
収入印紙,しゅうにゅういんし,,revenue stamp,,,,,,
就任,しゅうにん,,assumption (of office),,,,,,
従犯,じゅうはん,,accessory,,,,,,
従物,じゅうぶつ,1,accessory,動産,,,,,
従物,じゅうぶつ,2,appurtenance,不動産,,,,,
十分な理由,じゅうぶんなりゆう,1,sufficient grounds,,,,,,
十分な理由,じゅうぶんなりゆう,2,sufficient reason,,,,,,
住民,じゅうみん,1,resident,一次的な居住者,,,,,
住民,じゅうみん,2,inhabitant,長期的な定住者,,,,,
住民基本台帳,じゅうみんきほんだいちょう,,basic register of residents,,住民基本台帳法,Act for Basic Register of Residents,,,
住民税,じゅうみんぜい,,inhabitants tax,,,,,,
住民票,じゅうみんひょう,,resident record,,住民票の写し,copy of a resident record,,,
収容,しゅうよう,1,accommodation,原則,,,,,
収容,しゅうよう,2,detention,勾留の場合,,,,,【動詞】収容する: detain
収容,しゅうよう,3,commitment,刑事施設に収容する場合,,,,,【動詞】収容する: commit
収用,しゅうよう,,expropriation,,土地を収用し、又は使用することができる公共の利益となる事業,an undertaking for public interest for which land may be expropriated or used,土地収用法第3条,,
収用委員会,しゅうよういいんかい,,expropriation committee,,収用委員会は、独立してその職権を行う。,Expropriation committees exercise their authority independently.,土地収用法第51条第2項,,
収容施設,しゅうようしせつ,1,detention facilities,原則（刑事など強制収容の場合）,,,,,
収容施設,しゅうようしせつ,2,accommodating facilities,被災の場合など,,,,,
収容場,しゅうようじょう,,detention house,,,,,,
収容状,しゅうようじょう,,warrant of commitment,,,,,,
重要な,じゅうような,1,material,企業会計における、主に金額の重要度に関して,,,,,
重要な,じゅうような,2,significant,企業会計における、主に金額以外の問題の重要度に関して,,,,,
重要文化財,じゅうようぶんかざい,,important cultural property,,,,,,
重要無形文化財,じゅうようむけいぶんかざい,,important intangible cultural property,,,,,,
重要無形民俗文化財,じゅうようむけいみんぞくぶんかざい,,important intangible folk-cultural property,,,,,,
重要有形民俗文化財,じゅうようゆうけいみんぞくぶんかざい,,important tangible folk-cultural property,,,,,,
収容令書,しゅうようれいしょ,,written detention order,,,,,,
縦覧,じゅうらん,,public inspection,,,,,,【動詞】縦覧に供する: make … available for public inspection
終了,しゅうりょう,1,end,原則,介護休業申出があった日から起算して九十三日以内に雇用関係が終了することが明らかな労働者,a worker with whom it is clear that the employment relationship will end within 93 days after the filing date of an application for caregiver leave,育児休業、介護休業等育児又は家族介護を行う労働者の福祉に関する法律施行規則第23条第1項,,
終了,しゅうりょう,1,end,原則,,,,,【動詞】終了する・終了させる: end
終了,しゅうりょう,2,termination,,受託者は、信託を終了させることができる。,The trustee may terminate the trust.,,,
終了,しゅうりょう,2,termination,,,,,,【動詞】終了させる: terminate
終了,しゅうりょう,3,closing,事件や手続,破産手続（の）終了,closing of bankruptcy proceedings,,,
終了,しゅうりょう,3,closing,事件や手続,労働審判委員会は、事案の性質に照らし、労働審判手続を行うことが紛争の迅速かつ適正な解決のために適当でないと認めるときは、労働審判事件を終了させることができる。,"When a labor tribunal finds that conducting labor tribunal proceedings is unsuitable for the prompt and proper resolution of a dispute due to the nature of the case, it may close the labor tribunal case.",,,
修了,しゅうりょう,,completion,,,,,,【動詞】修了する: complete
収賄,しゅうわい,,(criminal) acceptance of bribe,,,,,【注】贈賄: offer of bribe（後記「贈賄」参照）,
受益権,じゅえきけん,,beneficial interest,,,,,,
受益者,じゅえきしゃ,,beneficiary,,,,,,
受益証券,じゅえきしょうけん,,beneficiary certificates,,,,,,
主幹者,しゅかんしゃ,,chief officer,,,,,,
受寄者,じゅきしゃ,,bailee,,,,,,
受給権,じゅきゅうけん,,right to receive benefits,,,,,,
受給資格,じゅきゅうしかく,,recipient qualification,,,,,,
主刑,しゅけい,,principal punishment,,,,,,
受継,じゅけい,1,substitution,,,,,,
受継,じゅけい,2,succession,,,,,,
受刑者,じゅけいしゃ,,sentenced person,,,,,"【注】国連人権Ｂ規約第５回政府報告書において、prison、prisonerという表現を避け、「被収容者」inmate、「受刑者」sentenced inmate、「未決被収容者」unsentenced inmateに統一する扱いとなったが、""inmate""は単独で「受刑者」の意味を持ちうる語であるため、本辞書においては、「受刑者」については""inmate""部分に""person""を充てたsentenced personを、「未決被収容者」については""detainee""を充てたunsentenced detaineeを選定した。",
授権,じゅけん,,delegation of powers,,,,,,
趣旨,しゅし,1,purport,意図するところの意味の場合,攻撃又は防御の方法でその趣旨が明瞭でないものについて,with regard to allegations and evidence the purport of which is not clear,民事訴訟法第157条第2項,,
趣旨,しゅし,2,outline,概略の意味の場合,文書の趣旨,outline of document,,,
趣旨,しゅし,2,outline,概略の意味の場合,審査請求は、政令で定めるところにより、次に掲げる事項を記載した書面を提出してしなければならない。三　審査請求の趣旨及び理由,"A request for administrative examination is filed through the submission of  documents giving the following information, pursuant to Cabinet Order: (3) an outline of the request for administrative examination and the reasons for that request;",国税通則法第87条,,
主尋問,しゅじんもん,,direct examination,,,,,,"【関連】反対尋問: cross examination, 再主尋問: redirect examination"
受贈者,じゅぞうしゃ,1,donee,原則,,,,,
受贈者,じゅぞうしゃ,2,recipient,「受遺者」doneeと区別する必要がある場合,,,,,
受訴裁判所,じゅそさいばんしょ,,court in charge of the case,,,,,,
主体,しゅたい,,actor,,,,,【注】主体・客体の「主体」の意味,
受託裁判官,じゅたくさいばんかん,,commissioned judge,,,,,,
受託者,じゅたくしゃ,1,trustee,,,,,,
受託者,じゅたくしゃ,2,consignee,委託販売における受託者,,,,【注】（出典）特定製品に係るフロン類の回収及び破壊の実施の確保等に関する法律19条の3第4項,
受託者,じゅたくしゃ,3,entrustee,,,,,,
主たる債務者,しゅたるさいむしゃ,1,principal debtor,金銭債務の場合,,,,,
主たる債務者,しゅたるさいむしゃ,2,principal obligor,金銭債務以外の債務一般の場合,,,,,
主たる事務所,しゅたるじむしょ,,principal office,,主たる事務所の所在地においては,at the location of its principal office,民法第45条第1項,,
主張,しゅちょう,1,claim,権利の主張,特許権は、民法第九百五十八条の期間内に相続人である権利を主張する者がないときは、消滅する,A patent right lapses if no one claims a right as an heir within the period referred to in Article 958 of the Civil Code.,特許法第76条,,
主張,しゅちょう,1,claim,権利の主張,,,,,【動詞】主張する: claim
主張,しゅちょう,2,assertion,事実などの主張,不利益処分の原因となる事実に対する当事者等の主張,"assertion of the parties, etc. concerning the facts which will be the cause of the anticipated Adverse Disposition",行政手続法第24条第3項,,
主張,しゅちょう,2,assertion,事実などの主張,,,,,【動詞】主張する: assert
主張,しゅちょう,3,allegation,事実などの主張,証拠により証明すべき事実その他の事実上及び法律上の主張,facts to be proved by evidence or any other factual or legal allegations,刑事訴訟法第316条の30,,
主張,しゅちょう,3,allegation,事実などの主張,,,,,【動詞】主張する: allege
主張,しゅちょう,4,argument,,当事者の主張,argument by a party,裁判所法第10条第1号,,
主張,しゅちょう,4,argument,,,,,,【動詞】主張する: argue
出願,しゅつがん,,application,,,,,,"【動詞】出願する: apply, file an application for …"
出願公開,しゅつがんこうかい,,publication of an application,,特許の出願公開,publication of a patent application,,,
出願公開,しゅつがんこうかい,,publication of an application,,,,,,【動詞】出願公開する：publish an application
出願公表,しゅつがんこうひょう,,publication of application,,,,,,
出願者,しゅつがんしゃ,,applicant,,,,,,
出願審査,しゅつがんしんさ,,examination of applications,見出しの場合,,,,,
出願人,しゅつがんにん,,applicant,,,,,,
出願品種,しゅつがんひんしゅ,,applied plant variety,,,,,,
出願料,しゅつがんりょう,,application fee,,,,,,
出向,しゅっこう,,secondment,,,,,,
出国禁止命令,しゅっこくきんしめいれい,,writ of ne exeat,,,,,,
出資,しゅっし,1,equity interest,,株式又は出資に係る議決権,voting rights attached to shares or an equity interest,企業内容等の開示に関する内閣府令,,
出資,しゅっし,2,contribution,,,,,,【動詞】出資する: contribute
出資,しゅっし,2,contribution,,,,,【注】「出資する」という動詞の場合はcontribute,
出資者,しゅっししゃ,1,equity investor,,,,,,
出資者,しゅっししゃ,2,capital investor,,,,,,
出資証券,しゅっししょうけん,,investment securities,,,,,,
出資の払戻し,しゅっしのはらいもどし,,return of contribution,,,,,,
出水,しゅっすい,,flood,,,,,,【動詞】出水させる: cause a flood
出訴期間,しゅつそきかん,,statute of limitations for filing an action,,,,,,
出頭,しゅっとう,1,appearance,裁判所への出頭,,,,,【動詞】出頭する: appear
出頭,しゅっとう,2,attendance,委員会等への出頭,,,,,【動詞】出頭する: attend
出入国管理,しゅつにゅうこくかんり,,immigration control,,,,,,
出入国港,しゅつにゅうこくこう,,port of entry or departure,,,,,,
出版権,しゅっぱんけん,1,publication right,,,,,,
出版権,しゅっぱんけん,2,publishing right,,,,,,
出品,しゅっぴん,,display,,,,,,【動詞】出品する: display
主登記,しゅとうき,,principal registration,,,,,【注】付記登記: supplemental registration,
取得時効,しゅとくじこう,,acquisitive prescription,,,,,,
取得条項付株式,しゅとくじょうこうつきかぶしき,,share subject to call,,,,,,
取得条項付新株予約権,しゅとくじょうこうつきしんかぶよやくけん,,share option subject to call,,,,,,
取得請求権付株式,しゅとくせいきゅうけんつきかぶしき,,share with put option,,,,,,
受任者,じゅにんしゃ,1,mandatary,民法上の委任契約の場合,,,,,
受任者,じゅにんしゃ,2,delegatee,権限の委任という意味の場合,,,,,
主任審査官,しゅにんしんさかん,,supervising immigration inspector,,,,,,
主任弁護人,しゅにんべんごにん,,chief defense counsel,,,,,,
種苗,しゅびょう,,seeds and seedlings,,,,,,
種苗管理センター,しゅびょうかんりせんたー,,national center for seeds and seedlings,,,,,,
種苗業者,しゅびょうぎょうしゃ,,seed and seedling dealer,,,,,,
主物,しゅぶつ,,principal,,,,,,
主文,しゅぶん,,main text of judgment,裁判の判決文における場合,,,,,
主務官庁,しゅむかんちょう,,competent government agency,,法人の業務は、主務官庁の監督に属する,The business of a juridical person is subject to the supervision of the competent government agency,民法第67条第1項,,
主務省,しゅむしょう,,competent ministry,,,,,,
主務大臣,しゅむだいじん,,competent minister,,,,,,
受命裁判官,じゅめいさいばんかん,,authorized judge,,,,,,
受命職員,じゅめいしょくいん,,commissioned officer,,,,,,
主要株主,しゅようかぶぬし,,major shareholder,,,,,,
需要者,じゅようしゃ,1,customer,,,,,,
需要者,じゅようしゃ,2,user,,,,,,
受理,じゅり,1,acceptance,原則,,,,,【動詞】受理する: accept
受理,じゅり,2,receipt,書面の受理,,,,,【動詞】受理する: receive
受領,じゅりょう,,receipt,,,,,,【動詞】受領する: receive
受領遅滞,じゅりょうちたい,,obligee's delay in acceptance,,,,,,
受領能力,じゅりょうのうりょく,,capacity to accept/receive,,,,,,
種類株式,しゅるいかぶしき,,class share,,,,,,
種類株式発行会社,しゅるいかぶしきはっこうがいしゃ,,company with class shares,,,,,,
種類株主,しゅるいかぶぬし,,class shareholder,,,,,,
種類株主総会,しゅるいかぶぬしそうかい,,general meeting of class shareholders,,,,,,
種類債権,しゅるいさいけん,,fungible claim,,,,,【注】（出典）民法401条見出し,
種類創立総会,しゅるいそうりつそうかい,,organizational meeting of class shareholders,,,,,,
種類の株式,しゅるいのかぶしき,1,a class of shares,,,,,,
種類の株式,しゅるいのかぶしき,2,shares of a class,,株式会社は、次に掲げる事項について異なる定めをした内容の異なる二以上の種類の株式を発行することができる。ただし、委員会設置会社及び公開会社は、第九号に掲げる事項についての定めがある種類の株式を発行することができない。,"A stock company may issue two or more classes of shares with different features which have different provisions on the following matters; provided, however, that a company with committees and a public company may not issue shares of a class that has provisions in relation to the matters stated in item (ix):",会社法第108条第1項柱書,,
順位,じゅんい,1,order,原則,,,,,
順位,じゅんい,2,rank,序列,,,,,
準委任,じゅんいにん,,quasi-mandate,,,,,,
循環型社会,じゅんかんがたしゃかい,,recycling society,,,,,,
循環資源,じゅんかんしげん,,circulative resources,,,,,,
準共有,じゅんきょうゆう,,quasi-co-ownership,,,,,,
準拠法,じゅんきょほう,1,applicable law,,,,,,
準拠法,じゅんきょほう,2,governing law,,,,,,
純資産額,じゅんしさんがく,,amount of net assets,,,,,,
遵守,じゅんしゅ,1,observance,,,,,,【動詞】遵守する: observe
遵守,じゅんしゅ,2,compliance,,,,,,【動詞】遵守する: comply
遵守義務,じゅんしゅぎむ,1,observance obligation,,,,,,
遵守義務,じゅんしゅぎむ,2,compliance obligation,,,,,,
遵守事項,じゅんしゅじこう,1,rule to be observed,,,,,,
遵守事項,じゅんしゅじこう,2,condition(s),更生保護法の場合,,,,,
準消費貸借,じゅんしょうひたいしゃく,,quasi-loan (for consumption),,,,,,
準正,じゅんせい,,legitimation,,,,,【注】（出典）民法789条見出し,
準占有,じゅんせんゆう,,quasi-possession,,,,,,
準則,じゅんそく,,rules,,,,,,
純損失,じゅんそんしつ,,net loss,会計勘定科目,,,,【注】英文の前後関係から「当期」であることが不明確な場合はnet loss for the periodとする。,
準備金,じゅんびきん,1,reserve,,,,,,
準備金,じゅんびきん,2,reserve fund,,,,,,
準備書,じゅんびしょ,,preparation document,,,,,,
準備書面,じゅんびしょめん,,brief,,,,,,
準備的口頭弁論,じゅんびてきこうとうべんろん,,preliminary oral arguments,,,,,,
準備手続,じゅんびてつづき,,preparatory proceedings,,,,,,
準別除権,じゅんべつじょけん,,quasi-right of separate satisfaction,,,,,【注】別除権: right of separate satisfaction（後記「別除権」参照）,
準別除権者,じゅんべつじょけんしゃ,,holder of a quasi-right of separate satisfaction,,,,,【注】別除権者: holder of a right of separate satisfaction（後記「別除権者」参照）,
準用する,じゅんようする,,apply mutatis mutandis,,,,,"【注】法令上の見出しとして使用される場合はapplication, mutatis mutandis。「…の規定は、…について準用する」の項目参照。",
使用,しよう,1,use,原則,,,,,【動詞】使用する: use
使用,しよう,2,employment,雇用関係の場合,,,,,【動詞】使用する: employ
章,しょう,,Chapter,,第１章,Chapter 1,,,
条,じょう,1,Article,,第１条,Article 1,,,
条,じょう,1,Article,,第１条の２,Article 1-2,,,
条,じょう,2,Art.,,第１条,Art. 1,,,
条,じょう,2,Art.,,第１条の２,Art. 1-2,,,
証印,しょういん,,seal of verification,,,,,,
乗員,じょういん,,crew member,,,,,,
上映,じょうえい,,screen presentation,,,,,,
承役地,しょうえきち,,servient land,,,,,,
上演,じょうえん,,stage performance,,,,,,
場屋,じょうおく,,establishment,,,,,,
傷害,しょうがい,1,injury,原則（傷害罪の場合はcriminal injury）,,,,,
傷害,しょうがい,2,bodily injury,身体を強調する場合,,,,,
障害,しょうがい,1,disability,身体の障害の場合,,,,【注】その他の訳語の場合は、文脈に応じて適宜のものを選択し得る。,
障害,しょうがい,2,impediment,不可抗力の場合,,,,,
障害基礎年金,しょうがいきそねんきん,,disability basic pension,,,,,,
障害給付,しょうがいきゅうふ,,disability benefit,,,,,,
照会事項,しょうかいじこう,,matters inquired into,,,,,,
障害者,しょうがいしゃ,1,person with disabilities,,,,,,
障害者,しょうがいしゃ,2,disabled person,,,,,,
障害者計画,しょうがいしゃけいかく,,government program for persons with disabilities,,,,,,
照会書,しょうかいしょ,,written inquiry,,,,,,
照会する,しょうかいする,1,contact … for confirmation,,,,,,
照会する,しょうかいする,2,inquire,,,,,,【名詞】照会: inquiry
障害手当金,しょうがいてあてきん,,disability allowance,,,,,,
障害年金,しょうがいねんきん,,disability pension,,,,,,
障害年金差額一時金,しょうがいねんきんさがくいちじきん,,disability pension balance lump sum payment,,,,,,
傷害保険,しょうがいほけん,,accident insurance,,,,,,
障害補償一時金,しょうがいほしょういちじきん,,disability compensation lump sum payment,,,,,,
障害補償給付,しょうがいほしょうきゅうふ,,disability compensation benefit,,,,,,
障害補償年金,しょうがいほしょうねんきん,,disability compensation pension,,,,,,
障害補償年金差額一時金,しょうがいほしょうねんきんさがくいちじきん,,disability compensation pension balance lump sum payment,,,,,,
障害補償年金前払一時金,しょうがいほしょうねんきんまえばらいいちじきん,,disability compensation pension advance lump sum payment,,,,,,
少額訴訟,しょうがくそしょう,,small claims action,,,,,,
償還,しょうかん,1,reimbursement,費用等の場合,連帯債務者の中に償還をする資力のない者があるときは、…,"If there is any person among the joint and several obligors who does not have the sufficient financial resources to make the reimbursement,…",民法第444条,,
償還,しょうかん,1,reimbursement,費用等の場合,,,,,【動詞】償還する: reimburse
償還,しょうかん,2,redemption,株式・社債等の場合,募集社債の償還の方法及び期限,The method and due date for the redemption of the Bonds for subscription,会社法第676条,,
償還,しょうかん,2,redemption,株式・社債等の場合,,,,,【動詞】償還する: redeem
召喚,しょうかん,,summons,,,,,,【動詞】召喚する: summon
商慣習,しょうかんしゅう,,commercial custom,,,,,,
召喚状,しょうかんじょう,,writ of summons,,,,,,
小規模個人再生,しょうきぼこじんさいせい,,rehabilitation for individuals with small-scale debts,,,,,,
小規模事業者,しょうきぼじぎょうしゃ,,small enterprise,,,,,,
償却,しょうきゃく,,depreciation,,基金の償却の方法,method of returning funds,保険業法第23条第1項第6号,,
償却,しょうきゃく,,depreciation,,,,,"【注】相互会社における「基金の償却」を意味する場合には、""return""を用いる。",
焼却,しょうきゃく,,incineration,,,,,,
消却,しょうきゃく,,cancellation,株式、新株予約権,株式会社は自己株式を消却することができる,A stock company may cancel its treasury shares,会社法第178条,,
上級行政庁,じょうきゅうぎょうせいちょう,,higher administrative authority,,,,,,
上級審,じょうきゅうしん,,upper instance court,,,,,,
上級の裁判所,じょうきゅうのさいばんしょ,,upper instance court,,,,,,
商業帳簿,しょうぎょうちょうぼ,,commercial books,,,,,,
商業登記,しょうぎょうとうき,,commercial registration,,,,,,
商業登記簿,しょうぎょうとうきぼ,,commercial register,,,,,,
商業用レコード,しょうぎょうようれこーど,,commercial phonorecord,,,,,,
常居所,じょうきょしょ,,habitual residence,,,,,,
償金,しょうきん,,compensation,,,,,,
承継,しょうけい,1,succession,原則,相続その他の一般承継,"general succession, including inheritance",会社法第134条第4号,,
承継,しょうけい,1,succession,原則,,,,,【動詞】承継する: succeed
承継,しょうけい,2,assumption,債務の承継,,,,,【動詞】承継する: assume
承継人,しょうけいにん,,successor,,,,,,
証券,しょうけん,1,securities,原則,,,,,
証券,しょうけん,2,instrument/document,「有価証券」との重複を避ける場合,有価証券となる証券又は証書,Instruments and Certificates Constituting Securities,金融商品取引法施行令第1章見出し,,
条件,じょうけん,,condition,,,,,,
証言拒絶,しょうげんきょぜつ,,refusal to testify,,,,,,
証言する,しょうげんする,,testify,,,,,,
条件附,じょうけんつき,,conditional,,,,,,
証券投資信託,しょうけんとうししんたく,,securities investment trust,,,,,,
証拠,しょうこ,,evidence,,,,,,
商号,しょうごう,,trade name,,,,,,
条項,じょうこう,1,clause,,,,,,
条項,じょうこう,2,provision,,,,,,
商行為,しょうこうい,,commercial act(s),,,,,,
商工会,しょうこうかい,,commercial and industrial association,,,,,,
商工会議所,しょうこうかいぎしょ,,chamber of commerce and industry,,,,,,
商工組合,しょうこうくみあい,,commercial and industrial partnerships,,,,,,
上告,じょうこく,,(final) appeal,,,,,,
上告裁判所,じょうこくさいばんしょ,,final appellate court,,,,,,
上告趣意書,じょうこくしゅいしょ,,(written) statement of reasons (for final appeal),,,,,,
上告受理,じょうこくじゅり,,acceptance of final appeal,,,,,,
上告受理の申立て,じょうこくじゅりのもうしたて,,petition for acceptance of final appeal,,,,,,
上告状,じょうこくじょう,,petition of final appeal,,,,,,
上告審,じょうこくしん,1,final appellate court,裁判体に重きを置く場合,,,,,
上告審,じょうこくしん,2,final appellate instance,審級を意味する場合,,,,,
上告提起,じょうこくていき,,filing of final appeal,,,,,,
上告人,じょうこくにん,,appellant (of final appeal),,,,,,
上告理由,じょうこくりゆう,,reasons for final appeal,,,,,,
上告理由書,じょうこくりゆうしょ,,(written) statement of reasons for final appeal,,,,,,
証拠収集,しょうこしゅうしゅう,,collection of evidence,,,,,,
証拠書類,しょうこしょるい,,documentary evidence,,,,,,
証拠調べ,しょうこしらべ,,examination of evidence,,,,,,
証拠説明書,しょうこせつめいしょ,,description of evidence,,,,,,
証拠の申出,しょうこのもうしで,,offer of evidence,,,,,,
証拠の類型,しょうこのるいけい,,category of evidence,,,,,,
証拠物,しょうこぶつ,,article of evidence,,,,,,
証拠保全,しょうこほぜん,,preservation of evidence,,,,,,
商事会社,しょうじかいしゃ,,commercial company,,,,,,
省資源化,しょうしげんか,,resource saving,,,,,,
常時使用する従業員,じょうじしようするじゅうぎょういん,,regularly hired employee,,,,,,
使用者,しようしゃ,1,employer,雇用の場合,常時十人以上の労働者を使用する使用者,An employer who continuously employs 10 or more workers,労働基準法第89条,,
使用者,しようしゃ,2,user,雇用以外の場合,,,,,
招集,しょうしゅう,1,calling,,,,,,
招集,しょうしゅう,2,convocation,,,,,,
常習,じょうしゅう,,habit,,,,,,【形容詞】常習の: habitual
招集通知,しょうしゅうつうち,1,notice of calling,,,,,,
招集通知,しょうしゅうつうち,2,convocation notice,,,,,,
譲受者,じょうじゅしゃ,1,transferee,原則,,,,,
譲受者,じょうじゅしゃ,2,assignee,財産権一般の譲受,,,,【注】「譲受人」と同じ。,
証書,しょうしょ,1,certificate,証明書,,,,,
証書,しょうしょ,2,instrument,契約書など法律的効果を伴う文書,,,,,
情状,じょうじょう,,circumstances,,,,,,
上場,じょうじょう,,listed,,,,,,
上場会社,じょうじょうがいしゃ,,listed company,,,,,,
上場株券,じょうじょうかぶけん,,listed share certificate,,,,,,
上申,じょうしん,1,petition,嘆願・要望等,,,,,
上申,じょうしん,2,statement,陳述等,,,,,
上訴,じょうそ,,appeal,,,,,,
上訴権回復,じょうそけんかいふく,,restoration of appeal right,,,,,,
上訴裁判所,じょうそさいばんしょ,,appellate court,,,,,,
上訴審,じょうそしん,,appellate instance,,,,,,
焼損,しょうそん,,burn,,,,,,
使用貸借,しようたいしゃく,,loan for use,,,,,,
承諾,しょうだく,1,consent,,,,,,
承諾,しょうだく,2,acceptance,,,,,,
承諾,しょうだく,3,approval,,,,,,
譲渡,じょうと,1,transfer,原則,,,,,
譲渡,じょうと,2,assignment,財産権一般の譲渡,,,,,
譲渡,じょうと,3,negotiation,証券の譲渡,,,,,
譲渡会社,じょうとがいしゃ,,transferor company,,,,,,
譲渡権,じょうとけん,,right of transfer,,,,,,
譲渡者,じょうとしゃ,1,transferor,原則,,,,,
譲渡者,じょうとしゃ,2,assignor,財産権一般の譲渡,,,,【注】「譲渡人」と同じ。,
譲渡所得,じょうとしょとく,,capital gain,,,,,,
譲渡制限株式,じょうとせいげんかぶしき,,share with restriction on transfer,,,,,,
譲渡制限新株予約権,じょうとせいげんしんかぶよやくけん,,share option with restriction on transfer,,,,,,
譲渡性預金,じょうとせいよきん,,negotiable certificate of deposit,,,,,,
譲渡人,じょうとにん,1,transferor,原則,,,,,
譲渡人,じょうとにん,2,assignor,財産権一般の譲渡,,,,【注】「譲渡者」と同じ。,
使用人,しようにん,,employee,,,,,,
承認,しょうにん,1,approval,原則,承認の申請,application for approval,外国弁護士による法律事務の取扱い等に関する法律施行規則第4条,,
承認,しょうにん,1,approval,原則,,,,,【動詞】承認する: approve
承認,しょうにん,2,recognition,「認定」と並列的に用いる場合,,,,,
承認,しょうにん,3,acknowledgement,時効の承認,,,,,
承認,しょうにん,4,acceptance,相続や遺贈の承認の場合,,,,,
商人,しょうにん,,merchant,,,,,,
証人,しょうにん,,witness,,,,,,
承認援助手続,しょうにんえんじょてつづき,,recognition and assistance procedure,,,,,,
承認管財人,しょうにんかんざいにん,,recognized trustee,,,,,,
承認管財人代理,しょうにんかんざいにんだいり,,recognized deputy trustee,,,,,,
承認取得者,しょうにんしゅとくしゃ,,approved person,,,,,,
承認申請者,しょうにんしんせいしゃ,,applicant for approval,,,,,,
承認申請書,しょうにんしんせいしょ,,written application for approval,,,,,,
証人尋問,しょうにんじんもん,,examination of a witness,,,,,,
少年,しょうねん,,juvenile,,,,,,
少年院,しょうねんいん,,juvenile training school,,,,,,
少年鑑別所,しょうねんかんべつしょ,,juvenile classification home,,,,,,
消費寄託,しょうひきたく,,deposit of fungibles,,,,,,
消費者,しょうひしゃ,,consumer,,,,,,
消費者契約,しょうひしゃけいやく,,consumer contract,,,,,,
消費貸借,しょうひたいしゃく,,loan (for consumption),,,,,,
商標,しょうひょう,,trademark,,,,,,
証票,しょうひょう,,identification card,,,,,,
商標権,しょうひょうけん,,trademark right,,,,,,
商標権者,しょうひょうけんしゃ,,holder of trademark right,,,,,,
商標原簿,しょうひょうげんぼ,,trademark register,,,,,,
商標公報,しょうひょうこうほう,,trademark gazette,,,,,,
傷病手当,しょうびょうてあて,,injury and disease allowance,,,,,,
商標登録,しょうひょうとうろく,,trademark registration,,,,,,
商標登録出願,しょうひょうとうろくしゅつがん,,application for trademark registration,,,,,,
商標登録出願人,しょうひょうとうろくしゅつがんにん,,applicant for trademark registration,,,,,,
商標登録証,しょうひょうとうろくしょう,,certificate of trademark registration,,,,,,
商標登録表示,しょうひょうとうろくひょうじ,,indication of trademark registration,,,,,,
傷病年金,しょうびょうねんきん,,injury and disease pension,,,,,,
傷病補償年金,しょうびょうほしょうねんきん,,injury and disease compensation pension,,,,,,
商品,しょうひん,1,goods,,,,,,
商品,しょうひん,2,commodity,,,,,,
商品,しょうひん,3,merchandise,会計勘定科目,,,,,
商品先物取引,しょうひんさきものとりひき,,commodity futures transaction,,,,,,
商品先物取引業,しょうひんさきものとりひきぎょう,,commodity derivatives business,,,,,【注】商品先物取引業の場合は、その取扱の対象は、商品先物取引所の取引以外にも店頭デリバティブ取引等を含むのでcommodity futuresより広い概念であるcommodity derivative を使う。,
商品先物取引業者,しょうひんさきものとりひきぎょうしゃ,,commodity derivatives broker,,,,,,
商品先物取引法,しょうひんさきものとりひきほう,,Commodity Derivatives Transaction Act,,,,,【注】原則として「商品先物取引」は、商品先物取引所での先物取引をいうので、先物以外のデリバティブ取引を含まない。しかし、商品先物取引法の対象は、商品先物取引所での先物取引の他、デリバティブ取引を含むので、法令名はCommodity Derivatives Transaction Actとした方が正確となる。,
商品投資顧問業,しょうひんとうしこもんぎょう,,commodity investment management,,,,,,
商品投資顧問契約,しょうひんとうしこもんけいやく,,commodity investment management contract,,,,,,
商品取引所,しょうひんとりひきじょ,,commodity exchange,,,,,,
私用文書,しようぶんしょ,,document for private use,,,,,,
消防,しょうぼう,,fire fighting,,,,,,
情報公開,じょうほうこうかい,1,access to information,,,,,,
情報公開,じょうほうこうかい,2,disclosure of information,,,,,,
情報処理,じょうほうしょり,,information processing,,,,,,
情報通信,じょうほうつうしん,,information and communications,,,,,,
情報通信技術,じょうほうつうしんぎじゅつ,,information and communications technology,,,,,,
小法廷,しょうほうてい,,petty bench,,,,,,
情報の提供,じょうほうのていきょう,,provision of information,,,,,,
抄本,しょうほん,1,extract,,,,,,
抄本,しょうほん,2,(abridged) copy,,,,,,
証明,しょうめい,1,certification,公的機関による証明等,権利、義務若しくは事実証明に関する文書,"document or drawing relating to rights, duties or certification of facts",刑法第159条,,
証明,しょうめい,1,certification,公的機関による証明等,,,,,【動詞】証明する: certify
証明,しょうめい,2,proof,資料を提出して証明するような場合,犯罪の証明,proof of the offense,刑事訴訟法第227条,,
証明,しょうめい,2,proof,資料を提出して証明するような場合,,,,,【動詞】証明する: prove
証明書,しょうめいしょ,,certificate,,登録証明書,registration certificate,外国人登録法第5条,,
証明予定事実,しょうめいよていじじつ,,facts to be proved,,,,,,
証明力,しょうめいりょく,1,probative value (of evidence),,,,,,
証明力,しょうめいりょく,2,evidentiary value,,,,,,
消滅,しょうめつ,1,extinction,存在や権利等の消滅一般,債権の消滅,Extinction of Claims,民法第3編第1章第5節,,
消滅,しょうめつ,2,extinguishment,債務の弁済による消滅や契約の解除・取消による消滅,当該社債管理者の債権に係る債務について社債発行会社から担保の供与又は債務の消滅に関する行為を受けること,"Accepting, with respect to an obligation relating to a claim of the bond manager, the tender of a security or an act involving the extinguishment of the obligation from the bond-issuing Company.",会社法第710条第2項第1号,,
消滅会社,しょうめつがいしゃ,,disappearing company,,,,,,
消滅会社等,しょうめつがいしゃとう,,"disappearing company, etc.",,,,,,
消滅株式会社等,しょうめつかぶしきがいしゃとう,,"disappearing stock company, etc.",,,,,,
消滅時効,しょうめつじこう,,extinctive prescription,,,,,,
消滅する,しょうめつする,1,cease to exist,,,,,,
消滅する,しょうめつする,2,be extinguished,,,,,,
消滅する,しょうめつする,3,expire,期間満了による消滅等,法律行為に終期を付したときは、その法律行為の効力は、期限が到来した時に消滅する。,"If an end date is assigned to a juridical act, the validity of that juridical act expires when the assigned time arrives.",民法第135条第2項,,
消滅する,しょうめつする,4,lapse,条件不成就や権利の不行使による権利・特権の消滅・失効及び知的財産権の消滅,特許権は、民法第九百五十八条の期間内に相続人である権利を主張する者がないときは、消滅する。,A patent right lapses if no one claims a right as an heir within the period referred to in Article 958 of the Civil Code.,特許法第76条,,
条約,じょうやく,1,convention,,,,,,
条約,じょうやく,2,treaty,,,,,,
剰余金,じょうよきん,,surplus,,,,,,
剰余金の処分,じょうよきんのしょぶん,,appropriation of surplus,,,,,,
剰余金の配当,じょうよきんのはいとう,,dividend of surplus,,,,,,
将来の給付の訴え,しょうらいのきゅうふのうったえ,,action for future performance,,,,,,
将来の請求権,しょうらいのせいきゅうけん,,claim that may arise in the future,,,,,,
上陸,じょうりく,,landing,,上陸期間,period of landing,,,
使用料,しようりょう,,royalty,,,,,,
省令,しょうれい,,Ministerial Order,,内閣官房令,Cabinet Secretariat Order,,,
省令,しょうれい,,Ministerial Order,,復興庁令,Reconstruction Agency Order,,,
省令,しょうれい,,Ministerial Order,,総務省令,Order of the Ministry of Internal Affairs and Communications,,,
省令,しょうれい,,Ministerial Order,,法務省令,Ministry of Justice Order,,,
省令,しょうれい,,Ministerial Order,,外務省令,Ministry of Foreign Affairs Order,,,
省令,しょうれい,,Ministerial Order,,財務省令,Ministry of Finance Order,,,
省令,しょうれい,,Ministerial Order,,文部科学省令,"Order of the Ministry of Education, Culture, Sports, Science and Technology",,,
省令,しょうれい,,Ministerial Order,,厚生労働省令,"Order of the Ministry of Health, Labour and Welfare",,,
省令,しょうれい,,Ministerial Order,,農林水産省令,"Order of the Ministry of Agriculture, Forestry and Fisheries",,,
省令,しょうれい,,Ministerial Order,,経済産業省令,"Order of the Ministry of Economy, Trade and Industry",,,
省令,しょうれい,,Ministerial Order,,国土交通省令,"Order of the Ministry of Land, Infrastructure, Transport and Tourism",,,
省令,しょうれい,,Ministerial Order,,環境省令,Order of the Ministry of the Environment,,,
省令,しょうれい,,Ministerial Order,,防衛省令,Ministry of Defense Order,,,
条例,じょうれい,1,Prefectural Ordinance,都道府県条例,,,,,
条例,じょうれい,2,Municipal Ordinance,市町村条例,,,,,
情を知って,じょうをしって,,knowingly,,,,,,
所管,しょかん,,administrative jurisdiction,,,,,,
所管行政庁,しょかんぎょうせいちょう,,administrative authority with jurisdiction,,,,,,
書記官,しょきかん,,clerk,,,,,,
除去,じょきょ,,removal,,,,,,【動詞】除去する: remove
職員,しょくいん,1,employee,,,,,,
職員,しょくいん,2,personnel,,,,,【注】文脈に応じて適切な語句を選択する。,
職員団体,しょくいんだんたい,,employee organization,,,,,,
職業安定,しょくぎょうあんてい,,employment security,,,,,,
職業訓練,しょくぎょうくんれん,,vocational training,,高度職業訓練,high technology vocational training,職能開発法第20条,,
職業指導,しょくぎょうしどう,,vocational guidance,,,,,,
職業紹介,しょくぎょうしょうかい,,employment placement,,,,,,
職業能力,しょくぎょうのうりょく,,vocational ability,,,,,,
嘱託,しょくたく,1,temporary employee,嘱託員などの場合,,,,,
嘱託,しょくたく,2,commission,裁判の嘱託手続などの場合,,,,,【動詞】嘱託する: commission
食品安全委員会,しょくひんあんぜんいいんかい,,food safety commission,,,,,,
食品衛生,しょくひんえいせい,,food sanitation,,,,,,
食品循環資源,しょくひんじゅんかんしげん,,resources from wasted food,,,,,,
職務,しょくむ,1,duty,,,,,,
職務,しょくむ,2,practice,弁護士等の専門職の場合,法律事務を行うことを職務とする,to provide legal services as a practice,外国弁護士による法律事務の取扱い等に関する法律第3条第1項柱書,,
職務執行,しょくむしっこう,1,performance of duty,,…及び政令の定めるところによりその職務を行うために要する費用の弁償を受けるものとする,…also be reimbursed for necessary expenses incurred in performing their duties as specified by Cabinet Order,労働組合法第19条の8,,
職務執行,しょくむしっこう,1,performance of duty,,,,,,【動詞】職務を執行する: perform one's duty
職務執行,しょくむしっこう,2,execution of duty,,,,,,
職務上,しょくむじょう,1,in the course of duties,,,,,,
職務上,しょくむじょう,2,as a part of one's duties,,,,,,
職務発明,しょくむはつめい,,employee invention,,,,,,
職務を行う,しょくむをおこなう,,perform the/one's duty(duties),,,,,,
所在地,しょざいち,1,location,,,,,,
所在地,しょざいち,2,address,,,,,,
所在地,しょざいち,3,place,,訴えは、被告の普通裁判籍の所在地を管轄する裁判所の管轄に属する。,An action is subject to the jurisdiction of court of jurisdiction in the locality that constitutes the general venue for an action against the defendant.,民事訴訟法第4条第1項,,
所在地,しょざいち,3,place,,,,,【注】具体的な地点を示す所在場所と区別して所在地が最小行政区画の意味で使用されている場合は、localityが適切となる場合がある。,
助産師,じょさんし,,midwife,,,,,,
所持,しょじ,1,possession,,占有権は、占有者が占有の意思を放棄し、又は占有物の所持を失うことによって消滅する,"Possessory rights are extinguished when the possessor renounces the intention to possess, or loses possession of the possessed thing",民法第203条,,
所持,しょじ,1,possession,,,,,,【動詞】所持する: possess
所持,しょじ,2,direct control (over things),,代理人が占有物の所持を失ったこと,That the agent has lost the direct control over the possessed thing,民法第204条第1項第3号,,
所持者,しょじしゃ,,holder,,,,,,
所持人,しょじにん,1,possessor,原則,,,,,
所持人,しょじにん,2,holder,有価証券等の場合,,,,,
書証,しょしょう,1,examination of documentary evidence,証拠調べを意味する場合,,,,,
書証,しょしょう,2,documentary evidence,文書を意味する場合,,,,,
所掌事務,しょしょうじむ,,(administrative) function under the jurisdiction (of~),,,,,,
所掌する,しょしょうする,,have jurisdiction over,,,,,,
助成事業,じょせいじぎょう,,promotion services,,,,,,
除斥,じょせき,1,exclusion,配当からの「除斥」（破産法198条）などの場合,,,,,
除斥,じょせき,2,disqualification,裁判官の「除斥」の場合,,,,,
処断する,しょだんする,,deal with,,,,,,
職階制,しょっかいせい,,position classification plan,,,,,,
職権,しょっけん,,authority,,,,,,
職権証拠調べ,しょっけんしょうこしらべ,,examination of evidence by court's own authority,,,,,,
職権調査事項,しょっけんちょうさじこう,,matters to be examined upon court's own authority,,,,,,
職権で,しょっけんで,1,by one's authority,,,,,,
職権で,しょっけんで,2,without any party's request,,,,,,
職権で,しょっけんで,3,ex officio,ある官職に当然にある権限の場合,,,,【注】ex officioは「職務上当然に、職権で」を意味し、ある官職にあるために当然にある権限を有するという場合に用いられる。,
職権で,しょっけんで,4,sua sponte,,,,,【注】sua sponteは、自発的に自らの裁量で自己に与えられている権限を行使する場合に用いられる。,
所得税,しょとくぜい,,income tax,,,,,,
初日,しょにち,,first day,,,,,,
処分,しょぶん,1,disposition,原則,,,,,【動詞】処分する: dispose
処分,しょぶん,2,appropriation,利益の処分,,,,,【動詞】処分する: appropriate
処分,しょぶん,3,ruling,訴訟法上の訴訟指揮のための裁判所、裁判長、受命裁判官及び裁判所事務官の行為の意味の「処分」,不作為を目的とする債務については、債務者の費用で、債務者がした行為の結果を除去し、又は将来のため適当な処分をすることを裁判所に請求することができる,"With respect to any obligation for an inaction, a request may be made to the court at the expense of the obligor seeking the removal of the outcome of the action performed by the obligor, or an appropriate ruling against any future action",民法第414条第3項,,
処分,しょぶん,4,administrative disposition,行政処分,,,,【注】文脈によっては、dispositionのみで使用することも可能。,
処分禁止の仮処分,しょぶんきんしのかりしょぶん,,provisional disposition prohibiting the disposal of property,,,,,,
処分庁,しょぶんちょう,,administrative agency reaching the disposition,,,,,,
処分の取消しの訴え,しょぶんのとりけしのうったえ,,action for revocation of original administrative disposition,,,,,,
署名,しょめい,,signature,,,,,,
除名,じょめい,,expulsion,,,,,,
署名押印,しょめいおういん,,signature and seal,,,,,,【動詞】署名押印する: sign and seal
書面尋問,しょめんじんもん,,submission of written statements in lieu of examination,民事訴訟手続の場合,,,,【注】書面尋問（民事訴訟法205条）は、「書面による尋問」ではなく、「尋問に代わる書面提出」である。,
書面で,しょめんで,,… in writing,,,,,,
書面による準備手続,しょめんによるじゅんびてつづき,,preparatory proceedings by means of documents,,,,,,
書面の,しょめんの,1,written …,,,,,,
書面の,しょめんの,2,… in writing,,,,,,
所有権,しょゆうけん,,ownership,,,,,,
所有者,しょゆうしゃ,,owner,,,,,,
私立学校,しりつがっこう,,private school,,,,,,
自立支援,じりつしえん,,self -reliance support,,,,,,
思料する,しりょうする,,consider,,,,,,
資力申告書,しりょくしんこくしょ,,statement of one's financial resources,,,,,,
事理を弁識する能力,じりをべんしきするのうりょく,,capacity to appreciate one's situation,,,,,,
指令,しれい,,directive,,,,,,
知れている債権者,しれているさいけんしゃ,,known creditor,,会社は、…知れている債権者には、各別にこれを催告しなければならない,Company…must give notice of the same separately to each known creditor,会社法第627条第2項,,
侵害,しんがい,,infringement,,,,,,
浸害,しんがい,,damage by flood,,,,,,【動詞】浸害する: cause a flood to damage
侵害訴訟,しんがいそしょう,,infringement lawsuit,,,,,,
人格権,じんかくけん,,moral right,,,,,,
人格のない社団又は財団,じんかくのないしゃだんまたはざいだん,,association or foundation without legal personality,,,,,,
新株,しんかぶ,,new share,,,,,,
新株の発行,しんかぶのはっこう,,issue of new shares,,,,,,
新株予約権,しんかぶよやくけん,,share option,,,,,,
新株予約権売渡請求,しんかぶよやくけんうりわたしせいきゅう,,demand for a share option cash-out,会社法の場合,,,,,
新株予約権買取請求,しんかぶよやくけんかいとりせいきゅう,,exercise of appraisal rights on share options,会社法の場合,,,,,
新株予約権原簿,しんかぶよやくけんげんぼ,,share option register,,,,,,
新株予約権者,しんかぶよやくけんしゃ,1,share option holder,,,,,,
新株予約権者,しんかぶよやくけんしゃ,2,holder of share option,,,,,,
新株予約権証券,しんかぶよやくけんしょうけん,,share option certificate,,,,,,
新株予約権付社債,しんかぶよやくけんつきしゃさい,,bond with share option,,,,,,
新株予約権無償割当て,しんかぶよやくけんむしょうわりあて,,allotment of share option without contribution,,,,,,
審議,しんぎ,,deliberation,,,,,,【動詞】審議する: deliberate
審議委員,しんぎいいん,,council member,,,,,,
審議会,しんぎかい,,council,,,,,,
新規性,しんきせい,,novelty,,,,,,
信義則,しんぎそく,,good faith principle (principle of good faith),,,,,,
審決,しんけつ,1,trial decision,,,,,【注】trialは、特許法の場合など、狭義の司法機関でない場合も使用可。,
審決,しんけつ,2,decision on appeal,,,,,,
審決,しんけつ,3,ruling,,,,,,
審決,しんけつ,4,determination,,,,,,
審決,しんけつ,5,decision,,,,,,
審決書,しんけつしょ,,written decision,,,,,,
親権,しんけん,,parental authority,,,,,,
人権,じんけん,,human rights,,,,,,
親権者,しんけんしゃ,,person who has parental authority,,,,,,
振興,しんこう,1,promotion,,,,,,
振興,しんこう,2,development,,,,,,
振興,しんこう,3,advancement,,,,,,
進行協議期日,しんこうきょうぎきじつ,,date for scheduling conference,,,,,,
申告,しんこく,,report,,,,,,
審査,しんさ,1,examination,原則,審査の請求,application for examination,逃亡犯罪人引渡法第8条,,
審査,しんさ,2,review,事後的な審査,,,,,
審査,しんさ,3,screening,選別,,,,,
審査,しんさ,4,investigation,事実調査的な審査,,,,,
審査会,しんさかい,1,examination board,原則,,,,,
審査会,しんさかい,2,review board,事後的な審査,,,,,
審査会,しんさかい,3,screening board,選別,,,,,
審査官,しんさかん,1,examiner,原則,（特許の）審査官,patent examiner,,,
審査官,しんさかん,2,reviewer,事後的な審査,,,,,
審査官,しんさかん,3,screener,選別,,,,,
審査官,しんさかん,4,investigator,事実調査的な審査,,,,,
審査請求,しんさせいきゅう,1,request for administrative review,一般的な場合,,,,,
審査請求,しんさせいきゅう,2,request for examination,特許法等の場合,出願審査の請求,request for examination of application,特許法第48条の3見出し,,
審査請求命令,しんさせいきゅうめいれい,,order to apply for examination,,,,,,
人事,じんじ,,personnel affairs,,,,,,
人事行政,じんじぎょうせい,,personnel administration,,,,,,
人事記録,じんじきろく,,personnel record,,,,,,
申述,しんじゅつ,,statement,,,,,,
信書,しんしょ,,(confidential) correspondence,,,,,,
心証,しんしょう,1,conviction,（刑事裁判での）有罪との結論,,,,,
心証,しんしょう,2,determination,訴訟上認定すべき事実に関する裁判官の内心的判断、自由な心証（民事訴訟法247条）,,,,,
審尋,しんじん,1,hearing,,,,,,【動詞】審尋する: hear
審尋,しんじん,2,interrogation,,,,,,【動詞】審尋する: interrogate
審訊,しんじん,1,hearing,,,,,,【動詞】審訊する: hear
審訊,しんじん,2,interrogation,,,,,,【動詞】審訊する: interrogate
心神耗弱,しんしんこうじゃく,,diminished capacity,,,,,,
心神喪失,しんしんそうしつ,,insanity,,,,,,
心身の故障のため,しんしんのこしょうのため,,due to mental or physical disorder,,,,,,
申請,しんせい,,application,,,,,,【動詞】申請する: apply
申請者,しんせいしゃ,,applicant,,,,,,
申請書,しんせいしょ,1,written application,記入済みの場合,,,,,
申請書,しんせいしょ,2,application form,未記入の場合,,,,,
真正な,しんせいな,,authentic,,,,,,
新設合併,しんせつがっぺい,,consolidation-type merger,,,,,,
新設合併契約,しんせつがっぺいけいやく,,consolidation-type merger agreement,,,,,,
新設合併消滅会社,しんせつがっぺいしょうめつがいしゃ,,company disappearing in a consolidation-type merger,,,,,,
新設合併消滅株式会社,しんせつがっぺいしょうめつかぶしきがいしゃ,,stock company disappearing in a consolidation-type merger,,,,,,
新設合併消滅持分会社,しんせつがっぺいしょうめつもちぶんがいしゃ,,membership company disappearing in a consolidation-type merger,,,,,,
新設合併設立会社,しんせつがっぺいせつりつがいしゃ,,company incorporated in a consolidation-type merger,,,,,,
新設合併設立株式会社,しんせつがっぺいせつりつかぶしきがいしゃ,,stock company incorporated in a consolidation-type merger,,,,,,
新設分割,しんせつぶんかつ,,incorporation-type company split,,,,,,
新設分割会社,しんせつぶんかつがいしゃ,,company splitting in an incorporation-type split,,,,,,
新設分割株式会社,しんせつぶんかつかぶしきがいしゃ,,stock company splitting in an incorporation-type split,,,,,,
新設分割計画,しんせつぶんかつけいかく,,incorporation-type company split plan,,,,,,
新設分割計画新株予約権,しんせつぶんかつけいかくしんかぶよやくけん,,share options in an incorporation-type split plan,,,,,,
新設分割合同会社,しんせつぶんかつごうどうがいしゃ,,limited liability company splitting in an incorporation-type split,,,,,,
新設分割設立会社,しんせつぶんかつせつりつがいしゃ,,company incorporated in an incorporation-type split,,,,,,
新設分割設立株式会社,しんせつぶんかつせつりつかぶしきがいしゃ,,stock company incorporated in an incorporation-type split,,,,,,
新設分割設立持分会社,しんせつぶんかつせつりつもちぶんがいしゃ,,membership company incorporated in an incorporation-type split,,,,,,
親族,しんぞく,,relative,,,,,,
身体虚弱者,しんたいきょじゃくしゃ,,constitutionally weak person,,,,,,
身体検査,しんたいけんさ,1,inspection and examination of a person,刑事訴訟法における強制処分の場合,,,,,
身体検査,しんたいけんさ,2,inspection of a body,対象者の識別（人物特定）の場合,,,,,
身体検査,しんたいけんさ,3,body search,違反物品等の隠匿防止のために行われる場合,,,,,
身体障害者,しんたいしょうがいしゃ,,physically disabled,,,,,,
身体に対する,しんたいにたいする,,against the person,,,,,,
身体の拘束,しんたいのこうそく,,physical restraint,,,,,,
信託,しんたく,,trust,,,,,,"【動詞】信託する: entrust, create a trust"
信託会社,しんたくがいしゃ,,trust company,,,,,,
信託契約,しんたくけいやく,,trust agreement,,,,,,
信託行為,しんたくこうい,1,act of trust,法律行為の意味での「行為」に該当する場合,,,,,
信託行為,しんたくこうい,2,terms of trust,信託を作成する法律行為の内容や条件（信託条件）に該当する場合,,,,,
侵奪,しんだつ,,taking unlawful possession,,,,,,
診断,しんだん,,diagnosis,,,,,,
診断書,しんだんしょ,,medical certificate,,,,,,
親等,しんとう,,degree of kinship,,,,,,
審判,しんぱん,1,trial,弁論等の手続に重きをおく場合,その事件が審判、再審又は訴訟に係属している場合に限り,"provided that a trial, retrial or court proceedings in connection with the case are pending",商標法第24条第2項,,
審判,しんぱん,1,trial,弁論等の手続に重きをおく場合,,,,【注】特許法の審判制度には、特許権者（または特許を受ける権利の権利者）が特許庁を相手にして行う査定系審判（拒絶査定不服審判・訂正審判）、審判請求人が特許権者を相手にして行う当事者系審判（無効審判・延長登録無効審判）がある。「審判」の英訳については、査定系審判についてはappeal、当事者系審判は上訴の性格はないのでtrialとする。また、査定系審判および当事者系審判の何れか、またはその双方を意味する場合は、trial and (or) appealと英訳する。,
審判,しんぱん,2,decision,結果に重きをおく場合,家庭裁判所の審判とみなす,are deemed to be the decisions rendered by the Family Court,裁判所法附則（昭和23年12月21日法律第260号）第17条,,
審判,しんぱん,3,trial and decision,「同時審判の申出」（民事訴訟法41条）など、「審判」で「弁論及び裁判」を意味する場合,少年法で定める少年の保護事件の審判,Trial and decision for matters for protecting juveniles as provided for by the Juvenile Act,裁判所法第31条の3第1項第3号,,
審判,しんぱん,4,inquiry,調査に重きをおく場合,海難審判庁,Japan Marine Accident Inquiry Agency,,,
審判,しんぱん,5,adjudication,入管法の場合や家事審判の場合,外国の刑事事件の捜査又は審判,investigation or adjudication of a foreign criminal case,出入国管理及び難民認定法第61条の9第3項,,
審判,しんぱん,5,adjudication,入管法の場合や家事審判の場合,家事審判法,Act on Adjudication of Domestic Relations,家事審判法,,
審判,しんぱん,6,ruling,審判手続全体ではなく審判の判断を指す場合,,,,,
審判,しんぱん,7,adjustment,火災保険の審判の場合,,,,,
審判官,しんぱんかん,1,hearing officer,原則,,,,,
審判官,しんぱんかん,2,judge,手続法上、裁判官を「家事審判官」等という場合,家事審判官,judge of Family Affairs,,,
審判官,しんぱんかん,3,administrative judge,「特許法」、「商標法」、「意匠法」、「実用新案法」及び「工業所有権に関する手続き等の特例に関する法律」関係に限る,,,,,
審判書記官,しんぱんしょきかん,,trial clerk,,,,,,
審判長,しんぱんちょう,1,chief hearing officer,,,,,,
審判長,しんぱんちょう,2,chief administrative judge,「特許法」、「商標法」、「意匠法」、「実用新案法」及び「工業所有権に関する手続き等の特例に関する法律」関係に限る,,,,,
審判手続,しんぱんてつづき,1,trial proceedings,,,,,,
審判手続,しんぱんてつづき,2,inquiry proceedings,,,,,,
審問,しんもん,,hearing,,,,,,
尋問,じんもん,1,examination,,,,,,【動詞】尋問する: examine
尋問,じんもん,2,questioning,,,,,,
尋問事項,じんもんじこう,1,matters for examination,,,,,,
尋問事項,じんもんじこう,2,matters for questioning,,,,,,
尋問事項書,じんもんじこうしょ,1,statement of matters for examination,,,,,,
尋問事項書,じんもんじこうしょ,2,statement of matters for questioning,,,,,,
信用格付,しんようかくづけ,,credit rating,,,,,,
信用格付業,しんようかくづけぎょう,,credit rating business,,,,,,
信用格付業者,しんようかくづけぎょうしゃ,,credit rating institution,,,,,,
信用金庫,しんようきんこ,,credit union,,,,,"【注】固有名詞として""Shinkin Bank""を使用することは全く問題がない。",
信用状,しんようじょう,,letter of credit,,,,,,
信用秩序,しんようちつじょ,,orderly financial system,,,,,,
信用取引,しんようとりひき,1,margin transaction,証券取引、商品取引所取引の場合,,,,,
信用取引,しんようとりひき,2,deferred payment sales,破産法の場合,,,,,
審理,しんり,1,proceedings,一般的な場合,,,,,
審理,しんり,2,trial,民事訴訟法147条の2以下: 同法244条の場合,,,,,
審理の計画,しんりのけいかく,,plan for trial,,,,,,
審理の終結,しんりのしゅうけつ,,conclusion of proceedings,,,,,,
診療,しんりょう,,medical care,,,,,,
診療所,しんりょうじょ,,clinic,,,,,,
心裡留保,しんりりゅうほ,,mental reservation,,,,,【注】（出典）民法93条見出し,
水域,すいいき,,water area,,公共の水域,area of public water,,,
水域,すいいき,,water area,,公共用水域,area of water for public use,,,
随意条件,ずいいじょうけん,1,condition at will,,,,,,
随意条件,ずいいじょうけん,2,potestative condition,,,,,,
水産業,すいさんぎょう,,fisheries,,,,,,
水産業協同組合,すいさんぎょうきょうどうくみあい,,fisheries cooperative,,,,,,
水産植物,すいさんしょくぶつ,,aquatic plant,,,,,,
水産物,すいさんぶつ,,marine product,,,,,,
水質,すいしつ,,water quality,,,,,,
水質環境基準,すいしつかんきょうきじゅん,,environmental water-quality standard,,,,,,
水質基準,すいしつきじゅん,,water-quality standard,,,,,,
水質の汚濁,すいしつのおだく,,water pollution,,,,,,
推定,すいてい,,presumption,,,,,,【動詞】推定する: presume
推定相続人,すいていそうぞくにん,,presumptive heir,,,,,,
水防,すいぼう,,flood prevention,,,,,,
水路,すいろ,1,waterway,,,,,,
水路,すいろ,2,channel,,,,,,
速やかに,すみやかに,,promptly,,,,,,
することができない,することができない,1,may not,禁止,その権利を行使することができない,the right may not be exercised,,,
することができない,することができない,1,may not,禁止,その処分に対しては、不服申立てをすることができない,no appeal may be entered against the disposition,,,
することができない,することができない,2,be unable to,不可能,罰金を完納することができない者,a person unable to pay the fine in full,,,
することができる,することができる,,may,,,,,,
することを妨げない,することをさまたげない,,does not preclude,,相手方が申立てをすることを妨げない,this does not preclude the adverse party from filing a motion,,,
することを妨げない,することをさまたげない,,does not preclude,,当事者本人を尋問することを妨げない,this does not preclude the examination of the party,,,
することを要しない,することをようしない,,is not required to,,,,,,
するため…する必要がある,するため…するひつようがある,,be necessary that … in order to,,,,,,
するものとする,するものとする,,be to 動詞の原形,,行政庁は、審査基準を定めるものとする。,An administrative agency is to establish standards for reviewing applications. ,行政手続法第5条第1項,,
するよう努めなければならない,するようつとめなければならない,,must endeavor to,,,,,,
税,ぜい,,tax,,,,,,
税額控除,ぜいがくこうじょ,,tax credit,,,,,【注】経費控除等、所得からの「控除」については、「deduction」を用いる。,
生活環境,せいかつかんきょう,,living environment,,,,,,
生活の平穏,せいかつのへいおん,,peaceful existence,,,,,,
生活の本拠,せいかつのほんきょ,,principal place of daily activity,,,,,,
生活排水,せいかつはいすい,,household wastewater,,,,,,
生活排水処理施設,せいかつはいすいしょりしせつ,,household wastewater treatment facilities,,,,,,
税関,ぜいかん,,customs,,,,,,
請求,せいきゅう,1,request,,,,,,
請求,せいきゅう,2,demand,,,,,,
請求,せいきゅう,3,claim,,損害賠償の請求,claim for damages,,,
請求,せいきゅう,3,claim,,,,,【注】動詞の場合は、(file a) claim (for) damages,
請求異議の訴え,せいきゅういぎのうったえ,,action to dispute a claim,,,,,,
請求権,せいきゅうけん,1,claim,,,,,,
請求権,せいきゅうけん,2,right to,,,,,,
請求項,せいきゅうこう,,claim,,,,,,
請求国,せいきゅうこく,,requesting country,,,,,,
請求書,せいきゅうしょ,1,written claim,,,,,,
請求書,せいきゅうしょ,2,written demand,,,,,,
請求書,せいきゅうしょ,3,written request,,,,,,
請求書,せいきゅうしょ,4,bill,,,,,,
請求書,せいきゅうしょ,5,debit note,,,,,,
請求書,せいきゅうしょ,6,invoice,,,,,,
請求人,せいきゅうにん,1,claimant,,,,,,
請求人,せいきゅうにん,2,requester,,,,,,
請求人,せいきゅうにん,3,petitioner,,訂正審判の請求人,petitioner of trial for correction または person requesting trial for correction,,,
請求の基礎,せいきゅうのきそ,,basis for claim,,,,,,
請求の原因,せいきゅうのげんいん,,statement of claim,,,,,,
請求の趣旨,せいきゅうのしゅし,,object of claim,,,,,【注】民事訴訟法133条2項2号の「請求の趣旨」は、「原告がいかなる内容の判決を求めるのかを示す訴えの結論の部分」であるから、object of claimが妥当。Common law pleadingにおけるgistとは異なる。,
請求の追加,せいきゅうのついか,,addition of claim,,,,,,
請求の認諾,せいきゅうのにんだく,,acknowledgment of claim,,,,,,
請求の放棄,せいきゅうのほうき,,waiver of claim,,,,,,
請求を理由付ける事実,せいきゅうをりゆうづけるじじつ,,cause of action,,,,,,
制限行為能力者,せいげんこういのうりょくしゃ,,person with qualified legal capacity,,,,,,
政策委員会,せいさくいいんかい,,policy board,,,,,,
清算,せいさん,,liquidation,,,,,,
生産,せいさん,,production,,生産者,producer,,,
生産,せいさん,,production,,,,,,【動詞】生産する: produce
清算株式会社,せいさんかぶしきがいしゃ,,liquidating stock company,,,,,,
清算期間,せいさんきかん,1,settlement period,決裁としての清算,,,,,
清算期間,せいさんきかん,2,liquidation period,整理としての清算,,,,,
清算機関,せいさんきかん,,clearing organization,,,,,,
清算結了,せいさんけつりょう,,completion of liquidation,,,,,,
清算人,せいさんにん,,liquidator,,,,,,
清算人会,せいさんにんかい,,board of liquidators,,,,,,
清算人会設置会社,せいさんにんかいせっちがいしゃ,,company with board of liquidators,,,,,,
清算法人,せいさんほうじん,,corporation under liquidation,,,,,,
清算持分会社,せいさんもちぶんがいしゃ,,liquidating membership company,,,,,,
生産量,せいさんりょう,,production quantity,,,,,,
正式裁判,せいしきさいばん,,formal trial,,,,,,
誠実な,せいじつな,1,honest,,公平かつ誠実に,fairly and honestly,,,
誠実な,せいじつな,1,honest,,,,,,【副詞】honestly
誠実な,せいじつな,2,good-faith,,訴訟上の権利は、誠実にこれを行使し、濫用してはならない。,"Procedural rights must be exercised in good faith, and must not be abused.",刑事訴訟規則第1条第2項,,
誠実な,せいじつな,2,good-faith,,,,,,【副詞】in good faith
誠実に,せいじつに,1,sincerely,,,,,,
誠実に,せいじつに,2,in good faith,,,,,,
政治犯罪,せいじはんざい,,political crime,,,,,,
青少年,せいしょうねん,,youth,,,,,,
成人,せいじん,,adult,,,,,,
精神障害者,せいしんしょうがいしゃ,,person with a mental disorder or disability,,この法律で「精神障害者」とは、統合失調症、精神作用物質による急性中毒又はその依存症、知的障害、精神病質その他の精神疾患を有する者をいう。,"The term ""person with a mental disorder or disability"" as used in this Act means an individual with schizophrenia, acute addiction to or dependency on a psychoactive substance, intellectual disability, psychopathy or other psychiatric disorder.",精神保健及び精神障害者福祉に関する法律第5条,,
精神上の障害,せいしんじょうのしょうがい,,mental disability,,精神上の障害により事理を弁識する能力を欠く常況にある者,a person who constantly lacks the capacity to appreciate a given situation due to mental disability,民法第7条,,
製造,せいぞう,,manufacture,,,,,,【動詞】製造する: manufacture
製造業,せいぞうぎょう,,manufacturing industry,,,,,,
製造業者,せいぞうぎょうしゃ,,manufacturer,,,,,,
製造者,せいぞうしゃ,,manufacturer,,,,,,
製造設備,せいぞうせつび,1,manufacturing equipment,原則,,,,,
製造設備,せいぞうせつび,2,manufacturing facilities,,,,,,
製造設備,せいぞうせつび,3,equipment/facilities for manufacturing …,…の製造設備,,,,,
製造物,せいぞうぶつ,,product,,,,,,
製造物責任,せいぞうぶつせきにん,,product liability,,,,,,
生息地,せいそくち,,habitat,,,,,,
生存に必要な保護,せいぞんにひつようなほご,,protection necessary for survival,,,,,,
生存配偶者,せいぞんはいぐうしゃ,,surviving spouse,,,,,,
生態系,せいたいけい,,ecosystem,,,,,,
請託,せいたく,,request,,,,,,
制定,せいてい,1,establishment,,,,,,【動詞】制定する: establish
制定,せいてい,2,enactment,,,,,,【動詞】制定する: enact
政党,せいとう,,political party,,,,,,
正当な,せいとうな,1,justifiable,原則,,,,,
正当な,せいとうな,2,legitimate,正統性,,,,,
正当な,せいとうな,3,proper,妥当性,,,,,
正当な,せいとうな,4,due,,,,,,
正当な業務による行為,せいとうなぎょうむによるこうい,,act done in pursuit of a lawful business,,,,,,
正当な利益,せいとうなりえき,,legitimate interests,,,,,,
正当な理由,せいとうなりゆう,1,just cause,,,,,,
正当な理由,せいとうなりゆう,2,legitimate grounds,,,,,,
正当な理由,せいとうなりゆう,3,reasonable grounds,,,,,,
正当防衛,せいとうぼうえい,,self-defense,,,,,,
成年,せいねん,,age of majority,,成年に達した者は、養子をすることができる,A person who has attained the age of majority may adopt another as a child,民法第792条,,
成年後見監督人,せいねんこうけんかんとくにん,,adult guardianship supervisor,,,,,,
成年後見人,せいねんこうけんにん,1,guardian of an adult,,,,,,
成年後見人,せいねんこうけんにん,2,adult guardian,,,,,,
成年者,せいねんしゃ,,adult,,一種又は数種の営業を許された未成年者は、その営業に関しては、成年者と同一の行為能力を有する。,A minor who is permitted to conduct one or multiple types of business has the same capacity to act as an adult as far as that business is concerned.,民法第6条第1項,,
成年被後見人,せいねんひこうけんにん,,adult ward,,,,,,
正犯,せいはん,,principal (in crime),,,,,,
税引前,ぜいびきまえ,,before tax,,,,,,
政府,せいふ,,government,,,,,,
性風俗特殊営業,せいふうぞくとくしゅえいぎょう,,business specializing in entertainment of a sexual nature,,,,,,
政府間機関,せいふかんきかん,,intergovernmental organization,,,,,,
政府機関,せいふきかん,,governmental organization,,,,,,
政府契約,せいふけいやく,,government contract,,,,,,
政府職員,せいふしょくいん,,government employee,,,,,,
政府代表,せいふだいひょう,,representative of the government,,,,,,
生物多様性,せいぶつたようせい,1,biological diversity,当初「生物学的多様性」の訳語として用いられていたが、生物多様性の訳語としても用いられる。2より公式的なニュアンスがある。,生物多様性条約,Convention on Biological Diversity,,,
生物多様性,せいぶつたようせい,1,biological diversity,当初「生物学的多様性」の訳語として用いられていたが、生物多様性の訳語としても用いられる。2より公式的なニュアンスがある。,生物多様性影響評価書,biological diversity risk assessment report,,,
生物多様性,せいぶつたようせい,2,biodiversity,一般的に用いられる訳語,,,,,
生物兵器,せいぶつへいき,,biological weapon,,,,,,
正本,せいほん,1,original,副本に対する用語で、原本と同義の場合,,,,,
正本,せいほん,2,authenticated copy,謄本の一種で、権限のある者により正本として作成されるものの場合,,,,,
税務署長,ぜいむしょちょう,,district director of the tax office,,,,,,
生命保険,せいめいほけん,,life insurance,,,,,,
生命保険料控除,せいめいほけんりょうこうじょ,,life insurance premium deduction,,,,,,
生命又は身体,せいめいまたはしんたい,,the life or (and) person,,,,,,
誓約,せいやく,,pledge,,,,,,【動詞】誓約する: pledge
誓約する書面,せいやくするしょめん,1,document in which (the person) pledges,,,,,,
誓約する書面,せいやくするしょめん,2,document in which (the person) states,,,,,,
誓約する書面,せいやくするしょめん,3,document in which (the person) promises,,,,,,
税理士,ぜいりし,,certified public tax accountant,,,,,,
税理士法人,ぜいりしほうじん,,tax accountancy corporation,,,,,,
成立,せいりつ,1,establishment,原則,,,,,【動詞】成立させる: establish
成立,せいりつ,2,incorporation,会社,,,,,【動詞】成立させる: incorporate
成立,せいりつ,3,effect,契約等,,,,,【動詞】成立する: effect
成立,せいりつ,4,formation,,,,,,
政令,せいれい,,Cabinet Order,,,,,,
責任,せきにん,1,liability,,,,,,
責任,せきにん,2,responsibility,,,,,,
責任,せきにん,3,accountability,,,,,,
責任限定契約,せきにんげんていけいやく,,agreement limiting liability,,,,,,
責任者,せきにんしゃ,,responsible person,,,,,,
責任追及等の訴え,せきにんついきゅうとうのうったえ,,action to enforce liability,,,,,,
責任を弁識する能力を欠く状態,せきにんをべんしきするのうりょくをかくじょうたい,,the condition that … lacks the capacity to appreciate … liability,,,,,,
責務,せきむ,,responsibility,,,,,,
セクシャルハラスメント,せくしゃるはらすめんと,,sexual harassment,,対価型セクシャルハラスメント,quid pro quo sexual harassment,,,
セクシャルハラスメント,せくしゃるはらすめんと,,sexual harassment,,環境型セクシャルハラスメント,hostile-environment sexual harassment,,,
施工,せこう,,construction,,,,,,
施策,せさく,1,measure,具体的施策,,,,,
施策,せさく,2,policy,抽象的施策,,,,,
是正,ぜせい,,rectification,,,,,,
世帯主,せたいぬし,,householder,,,,,,
節,せつ,,Section,,第１節,Section 1,,,
積極的改善措置,せっきょくてきかいぜんそち,,affirmative improvement measure,,,,,,
接見,せっけん,,interview,,,,,,【動詞】接見する: interview
窃取する,せっしゅする,,steal,,,,,,
接続供給,せつぞくきょうきゅう,,intra-area wheeling service,,,,,,
設置法,せっちほう,,Act for Establishment,,総務省設置法,Act for Establishment of the Ministry of Internal Affairs and Communications,,,
設定,せってい,1,establishment,,,,,,【動詞】設定する: establish
設定,せってい,2,creation,担保権の設定,,,,,
設定行為,せっていこうい,,act of establishment,,,,,,
窃盗,せっとう,,theft,,,,,,
設立,せつりつ,1,formation,,,,,,
設立,せつりつ,2,establishment,,,,,,
設立,せつりつ,3,incorporation,会社設立の場合,,,,,
設立委員,せつりついいん,,organizing committee member,,,,,,
設立株式会社,せつりつかぶしきがいしゃ,,stock company to be incorporated,,,,,,
設立時…,せつりつじ,,… at incorporation,,,,,,
設立時会計監査人,せつりつじかいけいかんさにん,,financial auditor at incorporation,,,,,,
設立時会計参与,せつりつじかいけいさんよ,,accounting advisor at incorporation,,,,,,
設立時監査等委員,せつりつじかんさとういいん,,audit and supervisory committee member at incorporation,,,,,,
設立時監査役,せつりつじかんさやく,,(company) auditor at incorporation,,,,,,
設立時種類株主,せつりつじしゅるいかぶぬし,,class shareholder at incorporation,,,,,,
設立時取締役,せつりつじとりしまりやく,,director at incorporation,,,,,,
設立時発行株式,せつりつじはっこうかぶしき,,share issued at incorporation,,,,,,
責めに帰すべき事由,せめにきすべきじゆう,1,cause attributable to (someone),,,,,,
責めに帰すべき事由,せめにきすべきじゆう,2,grounds attributable to (someone),,終身定期金債務者の責めに帰すべき事由によって第六百八十九条に規定する死亡が生じたときは、…,"If a death provided for in Article 689 occurs due to grounds attributable to the obligor in a life annuity, …",民法第693条第1項,,
責めに帰することができない事由,せめにきすることができないじゆう,,grounds not attributable to (someone),,ただし、その債務の不履行が債務者の責めに帰することができない事由によるものであるときは、この限りでない,"provided, however, that this does not apply if the failure to perform the obligation is due to grounds not attributable to the obligor",民法第543条,,
競り売り,せりうり,,auction,,,,,,
善意取得,ぜんいしゅとく,,good faith acquisition,,,,,,
善意で,ぜんいで,1,in good faith,,,,,【注】法律用語としての「善意」を翻訳するとunknowinglyまたはwithout knowledgeとなる。しかし、法文英語にunknowinglyまたはwithout knowledgeをそのまま使うと誤解を招く構造になってしまうことが多い。疑問がある場合には安全のためにin good faithを使った方が無難である。,
善意で,ぜんいで,2,unknowingly,,,,,,
善意で,ぜんいで,3,without knowledge,,,,,,
善意でかつ重大な過失がないとき,ぜんいでかつじゅうだいなかしつがないとき,,in good faith and without gross negligence,,,,,,
善意の第三者,ぜんいのだいさんしゃ,,a third party in good faith,,組合員の組合の業務を執行する権限に加えた制限は、善意の第三者に対抗することができない,Restrictions on the right of a partner to execute the Partnership's businesses may not be asserted against a third party in good faith,有限責任事業組合契約に関する法律第13条第3項,,
船員,せんいん,,mariner,,,,,,
船員労働委員会,せんいんろうどういいんかい,,Labour Relations Commission for Seafarers,,,,,,
選挙,せんきょ,,election,,,,,,
宣言,せんげん,,declaration,,,,,,【動詞】宣言する: declare
選考,せんこう,1,selection,,,,,,
選考,せんこう,2,screening,,,,,,
前項,ぜんこう,1,immediately preceding paragraph,,,,,,
前項,ぜんこう,2,the preceding paragraph,,,,,,
前項に規定する…,ぜんこうにきていする…,,… prescribed in the preceding paragraph,,,,,,
前項に規定する場合において,ぜんこうにきていするばあいにおいて,,in the case prescribed in the preceding paragraph,,,,,,
前項に規定するもののほか、…は、…で定める,ぜんこうにきていするもののほか、…は、…でさだめる,,"beyond what is provided for in the preceding paragraph, … prescribes … ",,,,,,
前項の…,ぜんこうの…,,… referred to in the preceding paragraph,,,,,,
前項の規定により,ぜんこうのきていにより,,pursuant to the provisions of the preceding paragraph,,,,,,
前項の場合において,ぜんこうのばあいにおいて,,in the case referred to in the preceding paragraph,,,,,,
宣告する,せんこくする,1,pronounce judgment,判決一般,,,,,
宣告する,せんこくする,2,sentence,有罪判決,,,,,
専修学校,せんしゅうがっこう,,specialized training college,,,,,,
前条,ぜんじょう,1,immediately preceding Article,,,,,,
前条,ぜんじょう,2,the preceding Article,,,,,,
宣誓書,せんせいしょ,,written oath,,,,,,
宣誓,せんせい,1,swear,,,,,,
宣誓,せんせい,2,(take an) oath,,,,,,
船籍港,せんせきこう,,port of registration,,,,,,
専属管轄,せんぞくかんかつ,,exclusive jurisdiction,,,,,,
選択権,せんたくけん,1,right to choose,,,,,,
選択権,せんたくけん,2,option,,,,,,
選択債権,せんたくさいけん,,alternative obligation,,,,,,
前段,ぜんだん,,first sentence,,,,,,
船長,せんちょう,,master,,,,,,
選定,せんてい,1,selection,選択に重点がある場合,,,,,
選定,せんてい,2,appointment,指定に重点がある場合。会社法上の機関の「選任」と「選定」を使い分ける場合の「選定」,,,,,【動詞】選定する: appoint
選定者,せんていしゃ,,appointing party,,,,,,
選定当事者,せんていとうじしゃ,,appointed party,,,,,,
選定保存技術,せんていほぞんぎじゅつ,,selected preservation technique,,,,,,
選任,せんにん,1,appointment,原則,,,,,【動詞】選任する: appoint
選任,せんにん,2,election,会社法上の機関の「選任」と「選定」を使い分ける場合の「選任」,,,,,【動詞】選任する: elect
前任者,ぜんにんしゃ,,predecessor,,,,,,
船舶,せんぱく,1,vessel,,,,,,
船舶,せんぱく,2,ship,,,,,,
船舶運航計画,せんぱくうんこうけいかく,,ship operation plan,,,,,,
船舶共有者,せんぱくきょうゆうしゃ,,part owner of a ship,,,,,,
船舶交通,せんぱくこうつう,1,marine traffic,,,,,,
船舶交通,せんぱくこうつう,2,navigation of vessels,,,,,,
船舶国籍証書,せんぱくこくせきしょうしょ,,certificate of a vessel's nationality,,,,,,
船舶所有者,せんぱくしょゆうしゃ,1,shipowner,,,,,,
船舶所有者,せんぱくしょゆうしゃ,2,ship owner,,,,,,
船舶発生廃棄物汚染防止規程,せんぱくはっせいはいきぶつおせんぼうしきてい,,shipboard waste pollution prevention regulations,,,,,,
全部取得条項付種類株式,ぜんぶしゅとくじょうこうつきしゅるいかぶしき,,share subject to class-wide call,,,,,,
専門委員,せんもんいいん,1,expert advisor,原則,,,,,
専門委員,せんもんいいん,2,technical advisor,民事訴訟法,,,,,
専門委員,せんもんいいん,3,experts committee member,行政法,,,,,
専門学校,せんもんがっこう,,professional training college,,,,,,
専門調査会,せんもんちょうさかい,,expert examination committee,,,,,,
専門的知識,せんもんてきちしき,,expert knowledge,,,,,,
専門部会,せんもんぶかい,,expert committee,,,,,,
占有,せんゆう,,possession,,,,,,
占有移転,せんゆういてん,,transfer of possession,,,,,,
占有回収の訴え,せんゆうかいしゅうのうったえ,,action for recovery of possession,,,,,,
占有改定,せんゆうかいてい,,constructive transfer with retention of possession,,,,,,
占有権,せんゆうけん,,possessory right,,,,,,
占有者,せんゆうしゃ,,possessor,,,,,,
占有の訴え,せんゆうのうったえ,,possessory action,,,,,,
占有物,せんゆうぶつ,1,thing possessed,,,,,,
占有物,せんゆうぶつ,2,thing under one's possession,,,,,,
占有保持の訴え,せんゆうほじのうったえ,,action for maintenance of possession,,,,,,
占有保全の訴え,せんゆうほぜんのうったえ,,action for preservation of possession,,,,,,
占用,せんよう,,occupancy and use,,促進区域内海域の占用,the occupancy and use of the sea areas within the promotion zones,海洋再生可能エネルギー発電設備の整備に係る海域の利用の促進に関する法律第10条第1項第1号,,
占用,せんよう,,occupancy and use,,,,,,【動詞】占用する: occupy and use
専用実施権,せんようじっしけん,1,exclusive (patent) license,特許権,（特許権の）専用実施権者,exclusive (patent) licensee,,,
専用実施権,せんようじっしけん,2,exclusive (utility model) license,実用新案権,（実用新案権の）専用実施権者,exclusive (utility model) licensee,,,
専用実施権,せんようじっしけん,3,exclusive (design) license,意匠権,（意匠権の）専用実施権者,exclusive (design) licensee,,,
専用使用権,せんようしようけん,,exclusive (trademark) license,商標権,（商標権の）専用使用権者,exclusive (trademark) licensee,,,
専用利用権,せんようりようけん,1,exclusive (plant) license,種苗法上の育成者権,（種苗法上の育成者権の）専用利用権者,exclusive (plant) licensee,,,
専用利用権,せんようりようけん,2,exclusive (layout design) license,半導体集積回路の回路配置に関する法律の回路配置利用権,（半導体集積回路の回路配置に関する法律の回路配置利用権の）専用利用権者,exclusive (layout design) licensee,,,
善良な管理者の注意,ぜんりょうなかんりしゃのちゅうい,,due care of a prudent manager,,,,,,
訴因,そいん,,count,,,,,,
総会,そうかい,,assembly,団体の機関としての構成員全員による会合,,,,【注】「社員総会」「株主総会」は、各々の項を参照。,
送還,そうかん,1,sending back,原則,,,,,【動詞】送還する: send back
送還,そうかん,2,deportation,入管,,,,,【動詞】送還する: deport
臓器,ぞうき,,organ,,,,,,
臓器あっせん機関,ぞうきあっせんきかん,,organs mediation agency,,,,,,
争議行為,そうぎこうい,,act of dispute,,,,,,
総合課税,そうごうかぜい,,tax on aggregate income,,,,,,
倉庫営業,そうこえいぎょう,,warehouse business,,,,,,
相互会社,そうごがいしゃ,,mutual company,,,,,,
捜査,そうさ,,investigation,,,,,,
相殺,そうさい,,set-off,,,,,,
葬祭給付,そうさいきゅうふ,,funeral rites benefit,,,,,,
捜索,そうさく,,search,,,,,,【動詞】捜索する: search、（人の所在を）捜索する: search for
捜索状,そうさくじょう,,search warrant,,,,,,
総資産額,そうしさんがく,,total (amount of) assets,,,,,,
送信可能化権,そうしんかのうかけん,,right to make transmittable,,,,,,
総収入金額,そうしゅうにゅうきんがく,1,gross revenue,,,,,,
総収入金額,そうしゅうにゅうきんがく,2,gross income,,,,,,
総則,そうそく,,general provisions,,,,,,
相続,そうぞく,1,succession,相続一般,,,,,
相続,そうぞく,2,inheritance,相続された財産という意味を強調したい場合、承継という意味でのsuccessionと区別する必要のある場合,,,,,
相続財産,そうぞくざいさん,,estate,,,,,,
相続財産の管理人,そうぞくざいさんのかんりにん,,administrator of an estate,,,,,,
相続税,そうぞくぜい,,inheritance tax,,,,,,
相続人,そうぞくにん,,heir,,,,,,
相続分,そうぞくぶん,1,share of an estate,,,,,,
相続分,そうぞくぶん,2,share in an estate,,,,,,
総代会,そうだいかい,,member representatives meeting,,,,,,
送達,そうたつ,1,service,,,,,,【動詞】送達する: serve
送達,そうたつ,2,delivery,信書などを送達する場合,,,,【注】（出典）民間事業者における信書の送達に関する法律第2条第7項,
送達,そうたつ,2,delivery,信書などを送達する場合,,,,,【動詞】送達する: deliver
送致,そうち,,referral,,,,,,【動詞】送致する: refer
争点,そうてん,,(points at) issue,,,,,,
争点及び証拠の整理手続,そうてんおよびしょうこのせいりてつづき,,proceedings to arrange issues and evidence,,,,,,
相当の期間,そうとうのきかん,,reasonable period of time,,,,,,
相当の理由,そうとうのりゆう,1,adequate grounds,民事の場合,,,,,
相当の理由,そうとうのりゆう,2,probable cause,刑事の場合,,,,,
蔵匿,ぞうとく,,harboring,,,,,,【動詞】蔵匿する: harbor
送付,そうふ,,sending,,,,,,【動詞】送付する: send
贓物,ぞうぶつ,,unlawfully taken property,,,,,,
双方代理,そうほうだいり,,representation of both parties,,,,,,
双務契約,そうむけいやく,,bilateral contract,,双務契約の当事者の一方は、相手方がその債務の履行を提供するまでは、自己の債務の履行を拒むことができる,A party to a bilateral contract may refuse to perform its own obligation until the other party tenders the performance of its obligation,民法第533条,,
双務契約,そうむけいやく,,bilateral contract,,,,,【注】ただし、破産法上の双務未履行契約はexecutory contract,
贈与,ぞうよ,1,gift,,,,,,
贈与,ぞうよ,2,donation,,,,,,
贈与者,ぞうよしゃ,,donor,,,,,,
贈与税,ぞうよぜい,,gift tax,,,,,,
騒乱,そうらん,,disturbance,,,,,,
創立総会,そうりつそうかい,,organizational meeting,,,,,,
創立総会参考書類,そうりつそうかいさんこうしょるい,,reference documents for organizational meeting,,,,,,
創立費,そうりつひ,,organization expenses,会計勘定科目,,,,,
総量規制,そうりょうきせい,,total emission control,,総量規制基準,total emission control standard,,,
相隣関係,そうりんかんけい,,neighboring relationship,,,,,,
贈賄,ぞうわい,,(criminal) offer of bribe,,,,,【注】収賄: acceptance of bribe（前記「収賄」参照）,
訴願,そがん,,petition,,,,,,
即時抗告,そくじこうこく,,immediate appeal from/against a ruling,裁判における場合,,,,,
即時取得,そくじしゅとく,,good faith acquisition,,,,,,
測定計画,そくていけいかく,,measurement plan,,,,,,
租鉱権,そこうけん,,mining lease right,,,,,,
組織的な犯罪,そしきてきなはんざい,,organized crime,,,,,,
組織変更,そしきへんこう,,entity conversion,会社法の場合,,,,,
組織変更計画,そしきへんこうけいかく,,entity conversion plan,,,,,,
組織変更後株式会社,そしきへんこうごかぶしきがいしゃ,,stock company after entity conversion,,,,,,
組織変更後持分会社,そしきへんこうごもちぶんがいしゃ,,membership company after entity conversion,,,,,,
訴訟,そしょう,1,litigation,原則,,,,,
訴訟,そしょう,2,action,,,,,,
訴訟,そしょう,3,suit,,,,,,
訴訟,そしょう,4,lawsuit,,,,,,
訴訟,そしょう,5,proceedings,,,,,,
訴状,そじょう,,complaint,,,,,,
訴訟関係人,そしょうかんけいにん,,person concerned in a case,,,,,,
訴訟記録,そしょうきろく,1,record of a case,,,,,,
訴訟記録,そしょうきろく,2,case record,,,,,,
訴訟行為,そしょうこうい,,procedural act,,,,,,
訴訟告知,そしょうこくち,1,third party notice,,,,,,
訴訟告知,そしょうこくち,2,notice of suit,,,,,,
訴訟参加,そしょうさんか,,intervention,,,,,,
訴訟指揮,そしょうしき,,control of court proceedings,,,,,,
訴訟代理人,そしょうだいりにん,1,counsel,,,,,,
訴訟代理人,そしょうだいりにん,2,litigation representative,,,,,,
訴訟脱退,そしょうだったい,,original party's withdrawal from suit,,,,,,
訴訟手続,そしょうてつづき,,litigation proceedings,,,,,,
訴訟手続の中止,そしょうてつづきのちゅうし,,suspension of court proceedings,,,,,,
訴訟手続の中断,そしょうてつづきのちゅうだん,,discontinuation of action,,,,,,
訴訟手続の停止,そしょうてつづきのていし,,stay of court proceedings,,,,,,
訴訟能力,そしょうのうりょく,,capacity to sue or be sued,,,,,,
訴訟の追行,そしょうのついこう,,conduct of suit,,,,,,
訴訟の目的,そしょうのもくてき,,subject matter of suit,,,,,,
訴訟費用,そしょうひよう,,court costs,,,,,,
訴訟費用償還請求権,そしょうひようしょうかんせいきゅうけん,,right to reimbursement of court costs,,,,,,
訴訟費用の確定,そしょうひようのかくてい,,fixing amount of court costs,,,,,,
訴訟費用の負担の裁判,そしょうひようのふたんのさいばん,,decision on imposition of court costs,,,,,,
訴訟無能力者,そしょうむのうりょくしゃ,,person without capacity to sue or be sued,,,,,,
措置,そち,,measure,,規制措置,control measures,無差別大量殺人行為を行った団体の規制に関する法律前文,,
措置を取る,そちをとる,,implement measures,,株式会社の代表取締役が…署名…に代わる措置をとらなければならない,the Representative Director of the Stock Company must implement measures in lieu of the affixing of the signature,会社法第682条第3項,,
訴追,そつい,,prosecution,,,,,,
即決裁判手続,そっけつさいばんてつづき,,expedited trial proceedings,,,,,,
続行,ぞっこう,1,continuation,原則,,,,,【動詞】続行する: continue
続行,ぞっこう,2,continuance,延期,,,,,【動詞】続行する: continue
続行期日,ぞっこうきじつ,,further date,,,,,【注】（出典）民事再生法172条の5・191条,
備え置く,そなえおく,,keep,,,,,,
その法人又は人の業務に関して…をしたときは、行為者を罰するほか、その法人又は人に対して各本条の罰金刑を科する,そのほうじんまたはひとのぎょうむにかんしてをしたときはこういしゃをばっするほかそのほうじんまたはひとにたいしてかくほんじょうのばっきんけいをかする,,"If a person … in connection with the business of the corporation or individual, in addition to the offender being subject to punishment, the corporation or individual is subject to the fine referred to in the relevant Article",,,,,,
疎明,そめい,,prima facie showing,,,,,,
損益計算書,そんえきけいさんしょ,,profit and loss statement,,,,,,
損益分配,そんえきぶんぱい,,distribution of profits and losses,,,,,,
損壊,そんかい,,damage,,,,,,【動詞】損壊する: damage
損害,そんがい,1,damage,,株式会社は、代表取締役その他の代表者がその職務を行うについて第三者に加えた損害を賠償する責任を負う。 ,A stock company is liable for damage caused to third parties by its representative directors or other representatives with respect to the performance of their duties.,会社法第350条,,
損害,そんがい,2,loss or damage,,保険契約者又は被保険者になる者は、海上保険契約の締結に際し、海上保険契約により填補することとされる損害の発生の可能性（以下この章において「危険」という。）に関する重要な事項について、事実の告知をしなければならない。,"When entering into a marine insurance policy, the prospective policyholder or insured must disclose the facts of any material particulars related to the possibility that any loss or damage that would be compensated for pursuant to the marine insurance policy will occur (referred to below as ""risk"" in this Chapter).",商法第820条,,
損害賠償,そんがいばいしょう,,damages,,他人の不法行為に対し、自己又は第三者の権利又は法律上保護される利益を防衛するため、やむを得ず加害行為をした者は、損害賠償の責任を負わない。,A person who is compelled to commit a harmful act to protect their own or a third party's rights or legally protected interests in response to another person's tortious act is not liable for damages;,民法第720条第1項,,
損害賠償,そんがいばいしょう,,damages,,,,,"【注】「損害賠償」の訳語とする""damages""は、損害賠償の「金銭そのもの」や、「金額」を示す。条文の見出しの中に「損害賠償」が使用されている場合などで、条文本文の意味に応じて、""damages""に、payment、claims、liability等の言葉を補って訳さないと、英訳として不適当な場合があることに注意すること。",
損害賠償,そんがいばいしょう,,damages,,（寄託者による損害賠償）,(Payment of Damages by Bailor),民法第661条の見出し。本文は「寄託者は、寄託物の性質又は瑕疵によって生じた損害を受寄者に賠償しなければならない。」A bailor must compensate a bailee for damage that occurs due to a quality of or defect in a bailed thing.）,,
損害賠償,そんがいばいしょう,,damages,,（損害賠償の制限）,(Limitation of Claims for Damages),"公益通報者保護法第7条の見出し。本文は「第二条第一項各号に定める事業者は、第三条各号及び前条各号に定める公益通報によって損害を受けたことを理由として、当該公益通報をした公益通報者に対して、賠償を請求することができない。」An enterprise provided for in the items of Article 2, paragraph (1) may not file a claim for damages against a whistleblower who has made a whistleblowing disclosure as provided for in the items of Article 3 and the items of the preceding Article on the grounds that the enterprise has been damaged by the whistleblowing disclosure.",,
損害賠償,そんがいばいしょう,,damages,,（債権者の損害賠償）,(Liability of Obligee for Damages),民事執行法第158条の見出し。本文は「差押債権者は、債務者に対し、差し押さえた債権の行使を怠つたことによつて生じた損害を賠償する責めに任ずる。」An attaching obligee is liable to the obligor for damages resulting from a failure to exercise the attached claim.,,
損害賠償額の予定,そんがいばいしょうがくのよてい,,liquidated damages,,,,,,
損害保険,そんがいほけん,,non-life insurance,,,,,,
損金,そんきん,,(tax) deductions,,,,,,
損失,そんしつ,1,loss,,,,,,
損失,そんしつ,2,loss or damage,,,,,,
損失の処理,そんしつのしょり,,disposition of loss,,,,,,
損失の補償,そんしつのほしょう,,compensation for loss,,前項の規定による損失の補償については、景観行政団体の長と損失を受けた者が協議しなければならない。,Compensation for loss under the provisions of the preceding paragraph must be discussed between the head of a Landscape Administration Body and the person who has suffered the loss.,景観法第24条第2項,,
損失補てん,そんしつほてん,,compensation for loss,,,,,,
尊属,そんぞく,,ascendant,,,,,,
存続会社,そんぞくがいしゃ,,surviving company,,,,,,
存続会社等,そんぞくがいしゃとう,,"surviving company, etc.",,,,,,
存続株式会社等,そんぞくかぶしきがいしゃとう,,"surviving stock company, etc.",,,,,,
存続期間,そんぞくきかん,1,duration,,著作権の存続期間,"duration of copyright, copyright duration",,,
存続期間,そんぞくきかん,2,term,,特許権の存続期間,patent term,,,
存続期間,そんぞくきかん,2,term,,商標権の存続期間,term of trademark protection,,,
代位,だいい,,subrogation,,,,,,
第一審,だいいっしん,,first instance,,,,,,
第一審裁判所,だいいっしんさいばんしょ,,court of first instance,,,,,,
対価,たいか,1,value,,,,,,
対価,たいか,2,price,,,,,,
対価,たいか,3,thing received (in exchange for),,物の使用の対価として受けるべき金銭その他の物,Money or other Thing to be obtained in exchange for the use of any Thing,民法第88条第2項,,
対価,たいか,3,thing received (in exchange for),,犯罪収益の果実として得た財産、犯罪収益の対価として得た財産,any property obtained as the fruits of or in exchange for criminal proceeds,組織的犯罪処罰法第2条第3項,,
対価,たいか,3,thing received (in exchange for),,,,,,【関連】対価として: in exchange for
対価,たいか,4,consideration,,物権の対価,consideration for real rights,民法第304条第2項,,
対価,たいか,4,consideration,,,,,【注】日本法には英米法の「約因」(consideration)に相当する概念はない。,
代価,だいか,1,proceeds,,,,,,
代価,だいか,2,price,,,,,,
代価,だいか,3,cost,,,,,,
大会社,だいがいしゃ,,large company,,,,,,
対外直接投資,たいがいちょくせつとうし,,outward direct investment,,,,,,
大学,だいがく,,university,,,,,,
大学院大学,だいがくいんだいがく,,graduate university,,,,,,
代価弁済,だいかべんさい,,direct satisfaction of mortgage with purchase price,,,,,,
大気汚染,たいきおせん,,air pollution,,,,,,
大規模訴訟,だいきぼそしょう,,large-scale suit,,,,,,
退去強制,たいきょきょうせい,,deportation,,,,,,
退去強制令書,たいきょきょうせいれいしょ,,written deportation order,,,,,,
代行機関,だいこうきかん,1,acting agency,行政機関,,,,,
代行機関,だいこうきかん,2,acting organization,民間の機関,,,,,
対抗する,たいこうする,1,perfect,,,,,,
対抗する,たいこうする,2,duly assert against,,理事の代理権に加えた制限は、善意の第三者に対抗することができない,No limitation on a director's authority may be duly asserted against a third party in good faith,民法第54条,,
対抗できる,たいこうできる,,can be asserted against,,,,,,
代行の,だいこうの,1,deputy,原則,,,,,
代行の,だいこうの,2,acting,一時的・暫定的な場合,,,,,【動詞】代行する: act for
対抗要件,たいこうようけん,1,requirement for perfection,,,,,,
対抗要件,たいこうようけん,2,requirement to duly assert against third parties,,,,,,
対策,たいさく,1,countermeasure,,,,,,
対策,たいさく,2,control measures,,,,,,
対策,たいさく,3,measures,,,,,,
対策,たいさく,4,preventive measures,,,,,,
対策,たいさく,5,restorative measures,,,,,,
対策,たいさく,6,policy measures,,,,,,
第三債務者,だいさんさいむしゃ,1,third party obligor,債務一般の場合,,,,,
第三債務者,だいさんさいむしゃ,2,third party debtor,特に金銭債務を指す場合、倒産法の場合,,,,,
第三者,だいさんしゃ,,third party,,,,,,
第三者異議の訴え,だいさんしゃいぎのうったえ,,third-party action opposing (enforcement),,,,,,
第三者のためにする契約,だいさんしゃのためにするけいやく,,third party beneficiary contract,,,,,,
第三取得者,だいさんしゅとくしゃ,,third party acquirer,,抵当不動産の第三取得者,A third party acquirer of mortgaged real properties,民法第379条,,
大赦,たいしゃ,,general pardon,,,,,,
貸借対照表,たいしゃくたいしょうひょう,,balance sheet,,,,,,
代襲者,だいしゅうしゃ,,heirs per stirpes,,,,,,
代償的取戻権,だいしょうてきとりもどしけん,,right of substitutional segregation,,,,,【注】（出典）破産法64条見出し,
退職,たいしょく,1,retirement,,,,,,
退職,たいしょく,2,resigning (resignation),,,,,,
退職,たいしょく,3,quitting,,,,,,
退職,たいしょく,4,separation from employment,,,,,,
退職所得,たいしょくしょとく,,retirement income,,,,,,
退職手当,たいしょくてあて,1,severance pay,,,,,,
退職手当,たいしょくてあて,2,retirement allowance,,,,,,
体制,たいせい,,system,,,,,,
代替許可,だいたいきょか,,substituted permission,,,,,【注】（出典）民事再生法43条,
代替執行,だいたいしっこう,,enforcement through substituted performance,,,,,,
代替物,だいたいぶつ,1,fungible thing,代替可能な物を指す場合,,,,【注】（出典）民事訴訟法382条,
代替物,だいたいぶつ,2,alternative goods,ある物の代わりの物を指す場合,,,,【注】（出典）労働安全衛生規則576条,
代替物,だいたいぶつ,3,substitute,同上,,,,,
退廷する,たいていする,,leave the court,,,,,,
対当額,たいとうがく,,corresponding amount,,,,,,
対内直接投資,たいないちょくせつとうし,,inward direct investment,,,,,,
第二審,だいにしん,,second instance,,,,,,
滞納処分,たいのうしょぶん,,disposition to collect arrears,,カジノ管理委員会は、第一項の規定による督促を受けたカジノ事業者がその指定の期限までに徴収金を完納しないときは、国税滞納処分の例により、滞納処分をすることができる。,"If a casino business operator that has been issued a demand under the provisions of paragraph (1) does not make full payment of the money to be collected by the designated due date, the Casino Regulatory Commission may implement a disposition to collect arrears using the rules that apply to dispositions to collect national tax arrears.",特定複合観光施設区整備法第186条第3項,,
代表権,だいひょうけん,1,authority (to act) as representative,原則,法人の代表権を有する者又は法人の代理権を有する支配人が、当該代表権又は代理権に基づき、議決権を行使することができる権限若しくは当該議決権の行使について指図を行うことができる権限又は投資を行うのに必要な権限を有する場合における当該法人の保有する株式又は出資に係る議決権,"the voting rights from shares or equity owned by a corporation, if a person authorized to act as the representative of the corporation or a manager authorized to act as the agent of the corporation has the authority to exercise or give instructions on the exercise of those voting rights, or the authority needed to make an investment, based on the authority to act as the corporation's representative or agent;",信託業法施行規則第10条第1項第2号,,
代表権,だいひょうけん,2,representative authority,"""authority (to act) as representative""を用いることができない、又はその必要性がない場合",理事長又は理事の代表権に加えた制限は、善意の第三者に対抗することができない。,Restrictions on the president's or board member's representative authority may not be asserted against a third party in good faith.,金融商品取引法第88条の12,,
代表執行役,だいひょうしっこうやく,,representative executive officer,,,,,,
代表者,だいひょうしゃ,,representative (person),,法人の代表者、代理人、使用人その他の従業者が、その法人の業務に関し、次の各号に掲げる規定の違反行為をしたときは、その行為者を罰するほか、その法人に対して当該各号に定める罰金刑を科する。,"When a representative, an agent, an employee, or any other worker of a corporation commits a violation of any of the provisions stated in the following items with regard to the business of the corporation, not only the individual offender but also the corporation is subject to a fine prescribed in the items:",電子記録債権法第98条第1項,,
代表清算人,だいひょうせいさんにん,,representative liquidator,,,,,,
代表取締役,だいひょうとりしまりやく,,representative director,,,,,,
代物弁済,だいぶつべんさい,1,accord and satisfaction,原則,,,,,
代物弁済,だいぶつべんさい,2,substitute performance,,,,,,
逮捕,たいほ,,arrest,,,,,,【動詞】逮捕する: arrest
大法廷,だいほうてい,,grand bench,,,,,,
逮捕者,たいほしゃ,,arrester,,,,,,
逮捕状,たいほじょう,,arrest warrant,,,,,,
耐用年数,たいようねんすう,1,durable years,原則,,,,,
耐用年数,たいようねんすう,2,useful life,文化財保護などの場合,,,,,
貸与者,たいよしゃ,,lender,,,,,,
代理,だいり,,agency,,,,,【注】（出典）民法第1編第5章第3節見出し,
代理,だいり,,agency,,,,,,【動詞】代理する: represent
代理委員,だいりいいん,,representative,,,,,,
代理業務,だいりぎょうむ,1,agency business,,,,,,
代理業務,だいりぎょうむ,2,agency functions,,,,,,
代理権,だいりけん,1,authority (to act) as agent,原則,法人の代表権を有する者又は法人の代理権を有する支配人が、当該代表権又は代理権に基づき、議決権を行使することができる権限若しくは当該議決権の行使について指図を行うことができる権限又は投資を行うのに必要な権限を有する場合における当該法人の保有する株式又は出資に係る議決権,"the voting rights from shares or equity owned by a corporation, if a person authorized to act as the representative of the corporation or a manager authorized to act as the agent of the corporation has the authority to exercise or give instructions on the exercise of those voting rights, or the authority needed to make an investment, based on the authority to act as the corporation's representative or agent;",信託業法施行規則第10条第1項第2号,,
代理権,だいりけん,2,representative authority,"""authority (to act) as agent""を用いることができない、又はその必要性がない場合",一定の資格を有する者で自己の名で他人のために訴訟の当事者となるものの訴訟代理人の代理権は、当事者の死亡その他の事由による資格の喪失によっては、消滅しない。,A litigation representative's authority to represent a person of a certain status that stands as a party to litigation in that person's own name on behalf of another person does not extinguish due to the party's loss of that status due to death or on any other grounds.,民事訴訟法第58条第2項,,
代理権,だいりけん,3,authority (to act) as proxy,議決権の行使の場面における代理権の場合,設立時株主は、代理人によってその議決権を行使することができる。この場合においては、当該設立時株主又は代理人は、代理権を証明する書面を発起人に提出しなければならない。,"Shareholders at incorporation may vote by proxy. In such cases, the shareholders at incorporation or proxies must submit to the incorporators a document evidencing the authority to act as proxy.",会社法第74条第1項,,
代理行為,だいりこうい,,act of agency,,,,,,
代理者,だいりしゃ,1,agent,原則,,,,,
代理者,だいりしゃ,2,deputy,職権のある代理・副官,,,,,
代理商,だいりしょう,,commercial agent,,,,,,
代理占有,だいりせんゆう,,possession through agent,,,,,,
代理人,だいりにん,1,agent,任意代理,,,,,
代理人,だいりにん,2,representative,法定代理も含む場合,,,,,
代理人,だいりにん,3,proxy,会社法上の議決権行使の代理人など,株主は、代理人によってその議決権を行使することができる,A shareholder may vote by proxy,会社法第310条第1項,,
大量保有,たいりょうほゆう,,large volume holding,,,,,,
宅地建物取引業,たくちたてものとりひきぎょう,,real estate brokerage,,,,,,
宅地建物取引業者,たくちたてものとりひきぎょうしゃ,,real estate broker,,,,,,
ただし…,ただし…,,"; provided, however, that …",,,,,,
ただし、第三者の権利を害することはできない,ただし、だいさんしゃのけんりをがいすることはできない,,"; provided, however, that this may not prejudice the rights of a third party",,,,,,
ただし、…は、この限りでない,ただし、…は、このかぎりでない,,"; provided, however, that this does not apply to …",,,,,,
ただし書,ただしがき,,proviso,,,,,,
直ちに,ただちに,,immediately,,,,,,
立会い,たちあい,,attendance,,,,,,
立会人,たちあいにん,1,observer,,,,,,
立会人,たちあいにん,2,witness,遺言の際の立会人など,次に掲げる者は、遺言の証人又は立会人となることができない,The following persons may not be a witness or observer to a will,民法第974条,,
立入り,たちいり,,entry,,,,,,【動詞】立ち入る: enter
立入検査,たちいりけんさ,1,inspection,,,,,,
立入検査,たちいりけんさ,2,on-site inspection,,,,,,
立入検査,たちいりけんさ,3,spot inspection,,,,,,
立入検査,たちいりけんさ,4,entry and inspection,,,,,,
立入検査,たちいりけんさ,5,walk-in inspection,,,,,,
立入検査,たちいりけんさ,6,surveillance,,,,,,
立退き,たちのき,,evacuation,,,,,,
立替払,たてかえばらい,1,payment for a third party,,,,,,
立替払,たてかえばらい,2,payment on behalf of a third party,,,,,,
建物,たてもの,,building,,,,,,
たな卸資産,たなおろししさん,,inventory,会計勘定科目,,,,,
足りる,たりる,,sufficient,,…と認めるに足りる十分な理由,sufficient ground to find …,,,
足りる,たりる,,sufficient,,…すれば足りる,it would be sufficient to …,,,
弾劾,だんがい,,impeachment,,,,,,
短期借入金,たんきかりいれきん,,short-term borrowings,会計勘定科目,,,,,
短期社債,たんきしゃさい,,short term bond,,,,,,
短期大学,たんきだいがく,,junior college,,,,,,
短期賃貸借,たんきちんたいしゃく,,short-term lease,,,,,,
単元,たんげん,,unit,,,,,,
単元株式数,たんげんかぶしきすう,,share unit number,,,,,,
単元未満株式,たんげんみまんかぶしき,,share less than one unit,,,,,,
単元未満株主,たんげんみまんかぶぬし,,holder of share less than one (share) unit,,,,,,
談合する,だんごうする,,collude,,,,,,
短時間労働者,たんじかんろうどうしゃ,,part-time worker,,,,,,
単純承認,たんじゅんしょうにん,,unqualified acceptance,,,,,,
男女共同参画,だんじょきょうどうさんかく,,gender equality,,,,,,【形容詞】男女共同参画の: gender-equal
団体交渉,だんたいこうしょう,,collective bargaining,,,,,,
単独行為,たんどくこうい,,unilateral juridical act,,単独行為の無権代理,unauthorized agency in unilateral juridical act,民法第118条,,
担保,たんぽ,1,security,,家庭裁判所は、管理人に財産の管理及び返還について相当の担保を立てさせることができる,The family court may require an administrator to provide reasonable security with respect to the administration and return of the property,民法第29条,,
担保,たんぽ,2,warranty,瑕疵担保責任の場合,他人の権利の売買における売主の担保責任,seller's warranty when selling rights of others,民法第561条,,
担保,たんぽ,3,collateral,担保物、担保物件という意味で担保という語を使用する場合,清算株式会社以外の者が協定債権者のために提供した担保,collateral provided by persons other than the liquidating stock company for the benefit of the agreement claim creditors,会社法第571条第2項,,
担保金,たんぽきん,,security deposit,,,,,,
担保権,たんぽけん,,security right,,担保権の実行の手続,procedure for the enforcement of a security right,,,
担保権,たんぽけん,,security right,,清算株式会社の財産につき存する担保権によって担保される債権,claims secured by security rights over the assets of the liquidating stock company,会社法第500条,,
担保権の消滅,たんぽけんのしょうめつ,,extinguishment of security right,,,,,,
担保責任,たんぽせきにん,,warranty,,,,,,
担保付社債信託,たんぽつきしゃさいしんたく,,secured bond trust,,,,,,
担保提供,たんぽていきょう,1,provision of security,,担保を提供する,provide security,民事再生法第158条,,
担保提供,たんぽていきょう,2,provision of collateral,,,,,,
担保提供命令,たんぽていきょうめいれい,,order to provide security,,,,,,
担保の変換,たんぽのへんかん,,substitution of security,,,,,,
担保不足見込額,たんぽふそくみこみがく,,estimated amount of deficiency,,,,,【注】（出典）民事再生法221条,
担保物,たんぽぶつ,,collateral,,,,,,
担保不動産競売,たんぽふどうさんけいばい,,secured real property auction,,,,,,
地域,ちいき,1,area,,,,,,
地域,ちいき,2,region,,,,,,
地域住民,ちいきじゅうみん,,local residents,,,,,,
地役権,ちえきけん,,servitude,,,,,,
地役権者,ちえきけんしゃ,,servitude holder,,,,,,
遅延,ちえん,,delay,,支払遅延,delay in payment,,,
遅延損害金,ちえんそんがいきん,1,delay damages,,,,,,
遅延損害金,ちえんそんがいきん,2,damages for delay,,,,,,
遅延利息,ちえんりそく,1,delayed interest,,,,,,
遅延利息,ちえんりそく,2,interest on delayed payment,,,,,,
致死,ちし,1,causing death,,,,,,
致死,ちし,2,fatal,,,,,,
致死,ちし,3,lethal,,,,,,
知事,ちじ,,governor,,,,,,
地上権,ちじょうけん,,superficies (right),,,,,,
地積,ちせき,,area of land,,,,,,
遅滞なく,ちたいなく,,without delay,,,,,,
知的障害者,ちてきしょうがいしゃ,,intellectually disabled person,,,,,,
地方行政機関,ちほうぎょうせいきかん,,local administrative organ,,,,,,
地方検察庁,ちほうけんさつちょう,,district public prosecutors office,,,,,,
地方公共団体,ちほうこうきょうだんたい,1,local government,,,,,,
地方公共団体,ちほうこうきょうだんたい,2,local public entity,,,,,,
地方公務員,ちほうこうむいん,,local public employee,,,,,,
地方債,ちほうさい,,local government bond,,,,,,
地方裁判所,ちほうさいばんしょ,,district court,,,,,,
地方事務所,ちほうじむしょ,,local office,,,,,,
地方独立行政法人,ちほうどくりつぎょうせいほうじん,,local incorporated administrative agency,,,,,,
地方文化財,ちほうぶんかざい,,local cultural property,,,,,,
地方分権,ちほうぶんけん,,decentralization,,,,,,
地目,ちもく,,category of land,,,,,,
嫡出,ちゃくしゅつ,,in wedlock,,,,,,
嫡出である子,ちゃくしゅつであるこ,1,legitimate child,,,,,,
嫡出である子,ちゃくしゅつであるこ,2,child born in wedlock,,,,,,
嫡出でない子,ちゃくしゅつでないこ,,child born out of wedlock,,,,,,
注意義務,ちゅういぎむ,,duty of care,,,,,,
中央銀行,ちゅうおうぎんこう,,central bank,,,,,,
中央労働委員会,ちゅうおうろうどういいんかい,,Central Labour Relations Commission,,,,,,
仲介,ちゅうかい,1,intermediation,,,,,,【動詞】仲介する：intermediate
仲介,ちゅうかい,2,brokerage,,,,,,
中間確認の訴え,ちゅうかんかくにんのうったえ,,interlocutory confirmation suit,,,,,,
中間配当,ちゅうかんはいとう,,interim dividend,,,,,,
中間判決,ちゅうかんはんけつ,,interlocutory judgment,,,,,,
仲裁,ちゅうさい,,arbitration,,国際仲裁事件,an international arbitration case,外国弁護士による法律事務の取扱い等に関する法律第2条第1項第14号,,
仲裁,ちゅうさい,,arbitration,,,,,,【動詞】仲裁する: arbitrate
仲裁委員,ちゅうさいいいん,,arbitration committee member,,,,,,
仲裁委員会,ちゅうさいいいんかい,,arbitration committee,,,,,,
仲裁合意,ちゅうさいごうい,,arbitration agreement,,,,,,
仲裁事件,ちゅうさいじけん,,arbitration case,,国際仲裁事件,an international arbitration case,外国弁護士による法律事務の取扱い等に関する法律第2条第1項第14号,,
仲裁地,ちゅうさいち,,place of arbitration,,,,,,
仲裁廷,ちゅうさいてい,,arbitral tribunal,,,,,,
仲裁手続,ちゅうさいてつづき,,arbitration procedure,,,,,,
仲裁人,ちゅうさいにん,,arbitrator,,,,,,
仲裁判断,ちゅうさいはんだん,,arbitral award,,,,,,
中止する,ちゅうしする,1,voluntarily abandon,,,,,,
中止する,ちゅうしする,2,discontinue,,,,,,
中止する,ちゅうしする,3,suspend,,,,,,
中止する,ちゅうしする,4,terminate,,,,,,
中止命令,ちゅうしめいれい,1,stay order,原則,,,,,
中止命令,ちゅうしめいれい,2,discontinuance order,,,,,,
中止命令,ちゅうしめいれい,3,suspension order,手続等の一時中断,,,,,
中小企業,ちゅうしょうきぎょう,,small and medium-sized enterprise,,,,,,
中小企業等協同組合,ちゅうしょうきぎょうとうきょうどうくみあい,,small and medium-size enterprise cooperative,,,,,,
中等教育,ちゅうとうきょういく,,secondary education,,,,,,
駐屯地司令,ちゅうとんちしれい,,"Command at a Station, Ground Self-defense Force",,,,,,
懲役,ちょうえき,,imprisonment,,懲役、禁錮、旧拘留及び刑法等一部改正法第二条の規定による改正後の刑法（以下「新刑法」という。）第九条に規定する主刑の軽重は、死刑、懲役、拘禁刑、禁錮、罰金、拘留、旧拘留及び科料の順序による。,"The following is the order of severity that applies to imprisonment under the former Penal Code, imprisonment without work under the former Penal Code, penal detention under the former Penal Code, and the principal punishments provided for in Article 9 of the Penal Code following its amendment under the provisions of Article 2 of the Act Partially Amending the Penal Code and Related Acts (referred to below as ""the new Penal Code""): the death penalty, imprisonment under the former Penal Code, imprisonment under the new Penal Code, imprisonment without work under the former Penal Code, fines, penal detention, penal detention under the former Penal Code, and petty fines.",刑法等の一部を改正する法律の施行に伴う関係法律の整理等に関する法律第444条,,
懲戒,ちょうかい,,disciplinary action,,,,,,
懲戒委員会,ちょうかいいいんかい,,disciplinary action committee,,,,,,
長期借入金,ちょうきかりいれきん,,long-term borrowings,会計勘定科目,,,,,
調査委員,ちょうさいいん,,examiner,,,,,,
調査研究,ちょうさけんきゅう,,research and study,,,,,,
調査審議,ちょうさしんぎ,,study and deliberation,,,,,,
調査測定,ちょうさそくてい,,investigation and measurement,,,,,,
調査命令,ちょうさめいれい,,examination order,,,,,【注】（出典）民事再生法62条、会社更生法39条・125条,
聴取,ちょうしゅ,,hearing,,意見聴取,opinion hearing,無差別大量殺人行為を行った団体の規制に関する法律第17条,,
聴取,ちょうしゅ,,hearing,,,,,,【動詞】聴取する: hear
徴収,ちょうしゅう,,collection,,報告の徴収,collection of report,,,
調書,ちょうしょ,1,written statement,供述調書,,,,,
調書,ちょうしょ,2,record,,,,,,
調書決定,ちょうしょけってい,,record in lieu of written decision,,,,,,
町村役場,ちょうそんやくば,,town hall,,市役所、区役所、町村役場又はこれらに準ずる施設,"city office, ward office, or town hall or any facility equivalent to the above",民法第98条第2項,,
調達,ちょうたつ,,procurement,,,,,,【動詞】調達する: procure
調停,ちょうてい,1,conciliation,民事調停など、国内手続の場合,（調停の成立・効力） 第十六条 調停において当事者間に合意が成立し、これを調書に記載したときは、調停が成立したものとし、その記載は、裁判上の和解と同一の効力を有する。,"(Settlement by Conciliation and Its Effect) Article 16 If an agreement is reached between the parties during conciliation and is included in a written settlement, the dispute is considered to have been settled in conciliation, and this written settlement has the same effect as a judicial settlement.",民事調停法第16条,,
調停,ちょうてい,1,conciliation,民事調停など、国内手続の場合,家庭裁判所は、人事に関する訴訟事件その他家庭に関する事件（別表第一に掲げる事項についての事件を除く。）について調停を行うほか、この編の定めるところにより審判をする。,"The family court acts as the conciliator in litigation cases concerning personal status and in other cases concerning family affairs (excluding cases concerning the matters stated in Appended Table 1), and also adjudicates these cases pursuant to the provisions of this Part.",家事事件手続法第244条,,
調停,ちょうてい,1,conciliation,民事調停など、国内手続の場合,,,,,"【動詞】conciliate (「裁判所が…調停を行う」を""the court conciliates the case""と訳すと、「裁判所が調停によって事件を終結させる」というような意味となり適切な訳し方とならないので、文脈に応じた訳し方が必要となることに注意) "
調停,ちょうてい,2,mediation,主として国際調停事件の場合,（外国弁護士による国際仲裁事件の手続等及び国際調停事件の手続の代理）,(Representation by Foreign Lawyers in International Arbitration Case Proceedings and International Mediation Case Proceedings),外国弁護士による法律事務の取扱い等に関する法律第98条,,
調停,ちょうてい,2,mediation,主として国際調停事件の場合,,,,【注】国際商取引における紛争解決手続としての調停は、国際（商事）調停と呼ばれ、国際（商事）仲裁とともに用いられる。一方、国内法で定められている調停に関しては、家事事件において裁判に前置される手続としての家事調停や、労働争議においてあっせん・仲裁の2つにともに選択的に用いられる紛争解決手続としての調停など、様々に存在するので、法令ごとに確認を要する。,
調停,ちょうてい,2,mediation,主として国際調停事件の場合,,,,,【動詞】mediate
調停案,ちょうていあん,,conciliation proposal,,,,,,
調停委員会,ちょうていいいんかい,,conciliation committee,,,,,,
帳簿,ちょうぼ,,books,,,,,,
帳簿書類,ちょうぼしょるい,,books and documents,,,,,,
聴聞,ちょうもん,,hearing,,,,,,
直接強制,ちょくせつきょうせい,,direct enforcement,,,,,,
直接主義,ちょくせつしゅぎ,,principle of direct trial,,,,,,
直送,ちょくそう,,direct sending,,,,,,【動詞】直送する: send directly
勅令,ちょくれい,,imperial order,,,,,,
著作権,ちょさくけん,,copyright,,,,,,
著作権者,ちょさくけんしゃ,,copyright holder,,,,,,
著作権登録,ちょさくけんとうろく,,copyright registration,,,,,,
著作者,ちょさくしゃ,,author,,,,,,
著作者人格権,ちょさくしゃじんかくけん,,moral right of author,,,,,,
著作物,ちょさくぶつ,,work(s),,,,,"【注】通例""works""（複数形）",
著作隣接権,ちょさくりんせつけん,,neighboring right,,,,,,
貯蔵品,ちょぞうひん,,supplies,会計勘定科目,,,,,
直近上位機関,ちょっきんじょういきかん,,immediate superior institution,,,,,,
直系,ちょっけい,,lineal,,,,,,
直系卑属,ちょっけいひぞく,,lineal descendant,,子、その直系卑属又はこれらの者の法定代理人,"A child, the child's lineal descendant, or the child's or descendant's legal representative",民法第787条,,
著名な,ちょめいな,,famous,,,,,,
賃金,ちんぎん,,wage,,,,,,
賃借権,ちんしゃくけん,,right of lease,,,,,,
賃借人,ちんしゃくにん,,lessee,,,,,,
陳述,ちんじゅつ,,statement,,,,,,
陳述書,ちんじゅつしょ,,written statement,,,,,,
賃貸借,ちんたいしゃく,,lease,,,,,,
賃貸人,ちんたいにん,,lessor,,,,,,
追加配当,ついかはいとう,,subsequent distribution,,,,,,
追完,ついかん,,completion,,当事者がその責めに帰することができない事由により不変期間を遵守することができなかった場合には、その事由が消滅した後一週間以内に限り、不変期間内にすべき訴訟行為の追完をすることができる。,"If a party is unable to observe an inalterable time frame due to grounds not attributable to that party, they may complete the procedural act that they were to have performed within the inalterable time frame, within one week after those grounds cease to exist.",民事訴訟法第97条,,
追完,ついかん,,completion,,市町村長は、届出を受理した場合に、届書に不備があるため戸籍の記載をすることができないときは、届出人に、その追完をさせなければならない。,"If the mayor of a municipality has accepted a notification but is unable to make an entry in a family register due to a defect in the written notification, the mayor must have the person who submitted the notification add further information to complete it.",戸籍法第45条,,
追完,ついかん,,completion,,引き渡された目的物が種類、品質又は数量に関して契約の内容に適合しないものであるときは、買主は、売主に対し、目的物の修補、代替物の引渡し又は不足分の引渡しによる履行の追完を請求することができる。,"If the subject matter delivered to the buyer does not conform to the terms of the contract with respect to the kind, quality, or quantity, the buyer may require the seller to complete its performance by repairing the subject matter, delivering a substitute, or delivering the shortfall;",民法第562条第1項,,
追完,ついかん,,completion,,,,,【注】「追完」は、①訴訟手続きにおいて、ある行為をすべき期間が定められている場合に、その期間経過後であっても、その行為を認め、それを期間内にしたのと同じく有効として扱うことを意味する(民事訴訟法第97条など)。また、②法律上の要件を欠く無効な行為についても、事後にその要件を補えば、これを有効とする場合（戸籍法第45条など）も追完という。何れの場合も追完はcompletion (動詞complete) と英訳することができる。なお、③民法においては、売主が契約に適合しない目的物を引き渡した場合に、買主は売主にその目的物を修補するなどを要求することが認められ、これも「追完」(completion)という（民法第562条1項など）。この場合、条文の見出しは、追完請求権 (Right to Demand Cure)と訳す場合がある。,
追徴,ついちょう,1,value confiscation,刑罰の場合,,,,,【動詞】～の価額を追徴する: confiscate the value of ～
追徴,ついちょう,2,collection of delinquent payment,租税等の追徴の場合,,,,,【動詞】追徴する: collect
追徴保全,ついちょうほぜん,,value freezing (value freeze),,,,,,
追徴保全命令,ついちょうほぜんめいれい,,value freezing order,,,,,,
追認,ついにん,,ratification,,,,,,
追納,ついのう,,late payment,,,,,,
通貨,つうか,,currency,,,,,,
通勤災害,つうきんさいがい,,commuting injury,,,,,,
通行権,つうこうけん,,right-of-way,,,,,,
通告,つうこく,,notification,,,,,,
通常実施権,つうじょうじっしけん,1,non-exclusive (patent) license,特許権,（特許権の）通常実施権者,non-exclusive (patent) licensee,,,
通常実施権,つうじょうじっしけん,2,non-exclusive (utility model) license,実用新案権,（実用新案権の）通常実施権者,non-exclusive (utility model) licensee,,,
通常実施権,つうじょうじっしけん,3,non-exclusive (design) license,意匠権,（意匠権の）通常実施権者,non-exclusive (design) licensee,,,
通常使用権,つうじょうしようけん,,non-exclusive (trademark) license,商標権,通常使用権者,non-exclusive (trademark) licensee,,,
通常生ずべき損失,つうじょうしょうずべきそんしつ,,loss ordinarily incurred from (by),,,,,,
通常総会,つうじょうそうかい,,ordinary general meeting,,社団法人の理事は、少なくとも毎年一回、社員の通常総会を開かなければならない,The director(s) of an incorporated association must convoke an ordinary general meeting of the members at least once a year,民法第60条,,
通常利用権,つうじょうりようけん,1,non-exclusive (plant) license,種苗法上の育成者権,（種苗法上の育成者権の）通常利用権者,non-exclusive (plant) licensee,,,
通常利用権,つうじょうりようけん,2,non-exclusive (layout design) license,半導体集積回路の回路配置に関する法律の回路配置利用権,（半導体集積回路の回路配置に関する法律の回路配置利用権の）通常利用権者,non-exclusive (layout design) licensee,,,
通信,つうしん,1,communication,原則,,,,,【動詞】通信する: communicate
通信,つうしん,2,telecommunications,電気通信・遠距離通信,,,,,
通信,つうしん,3,correspondence,文書等による通信,,,,,
通信設備,つうしんせつび,,telecommunications facility,,,,,,
通則法,つうそくほう,,Act on General Rules,,独立行政法人通則法,Act on General Rules for Incorporated Administrative Agencies,,,
通知,つうち,,notice,,,,,,【動詞】通知する: notify
通知書,つうちしょ,,written notice,,,,,,
通報,つうほう,1,notification,,,,,,【動詞】通報する: notify
通報,つうほう,2,report,,,,,,【動詞】通報する: report
通報,つうほう,3,information,,,,,,【動詞】通報する: inform
通謀する,つうぼうする,1,conspire,刑事の共謀など,,,,,
通謀する,つうぼうする,2,collude,民事など,,,,,
通報対象事実,つうほうたいしょうじじつ,,reportable fact,,,,,,
通訳人,つうやくにん,,interpreter,,,,,,
つかさどる,つかさどる,,take charge of,,,,,,
次の各号の一に該当する者,つぎのかくごうのいつにがいとうするもの,,a person falling under one of the following items,,,,,,
罪,つみ,1,crime,,,,,,
罪,つみ,2,offense,,,,,,
積立金,つみたてきん,,reserve fund,,,,,,
積み立てる,つみたてる,,reserve,,,,,,
出会送達,であいそうたつ,,service wherever (the person) may be found,,,,,,
手当,てあて,1,allowance,,,,,,
手当,てあて,2,benefit,,,,,,
定款,ていかん,,articles of incorporation,,,,,,
提起,ていき,1,filing,原則,,,,,【動詞】提起する: file
提起,ていき,2,institution,刑事手続等,公訴を提起する,institution of prosecution,,,
提起,ていき,2,institution,刑事手続等,,,,,【動詞】提起する: institute
定義,ていぎ,,definition,,,,,,
定期金,ていききん,,periodic payments,,,,,,
定期金債権,ていききんさいけん,,claim for periodic payments,,定期金の債権は、第一回の弁済期から二十年間行使しないときは、消滅する,A claim for periodic payments is extinguished if not exercised for twenty years after the first due date,民法第168条第1項,,
定期金による賠償,ていききんによるばいしょう,,compensation by periodic payments,,,,,,
提供する,ていきょうする,1,offer,,,,,,
提供する,ていきょうする,2,provide,,,,,,
提供する,ていきょうする,3,furnish,,,,,,
停止,ていし,1,suspension,原則,拘禁の停止,suspension of detention,逃亡犯罪人引渡法第22条,,
停止,ていし,1,suspension,原則,,,,,【動詞】停止する: suspend
停止,ていし,2,stay,手続の停止,,,,,【動詞】停止する: stay
停止,ていし,3,discontinuance,一時的でない場合,,,,,【動詞】停止する: discontinue
提示,ていじ,1,presentation,,,,,,【動詞】提示する: present
提示,ていじ,2,production,,,,,,【動詞】提示する: produce
提示,ていじ,3,showing,,,,,,【動詞】提示する: show
提示,ていじ,4,making available,,,,,,【動詞】提示する: make available
呈示,ていじ,,presentation,,,,,,【動詞】呈示する: present
停止条件,ていしじょうけん,,condition precedent,,,,,,
定時総会,ていじそうかい,1,annual shareholders meeting,株式会社,,,,,
定時総会,ていじそうかい,2,annual general meeting,その他,,,,,
停止命令,ていしめいれい,,order for suspension,,,,,,
提出,ていしゅつ,1,submission,原則,答弁書提出命令,direction to submit written answer,民事訴訟規則第201条,,
提出,ていしゅつ,1,submission,原則,,,,,【動詞】提出する: submit
提出,ていしゅつ,2,production,証拠等,,,,,【動詞】提出する: produce
提出,ていしゅつ,3,advancement,攻撃防御方法,,,,,【動詞】提出する: advance
提出期間,ていしゅつきかん,1,period for submission,原則,,,,,
提出期間,ていしゅつきかん,2,period for production,証拠等,,,,,
提出期間,ていしゅつきかん,3,period for advancement,攻撃防御方法,,,,,
抵触,ていしょく,1,conflict,,,,,,
抵触,ていしょく,2,inconsistency,,,,,,
抵触,ていしょく,3,contradiction,,,,,,
抵触,ていしょく,4,contravention,法規範相互間の矛盾ではなく、法令違反を意味する場合,宅地建物取引業者は、第一項の規定に抵触する事務所等を開設してはならず、既存の事務所等が同項の規定に抵触するに至つたときは、二週間以内に、同項の規定に適合させるため必要な措置を執らなければならない。,"A real estate broker may not establish a business office, etc., that contravenes the provisions of paragraph (1) and must take measures required to ensure compliance with the provisions of the same paragraph within two weeks, when an existing business office, etc., contravenes the provisions of the same paragraph.",宅地建物取引法第15条第3項,,
停職者,ていしょくしゃ,,person suspended from duty,,,,,,
訂正,ていせい,,correction,,,,,,
定着物,ていちゃくぶつ,,fixtures,,,,,,
抵当権,ていとうけん,,mortgage,,抵当権の実行,enforcement of a mortgage,,,
抵当権消滅請求,ていとうけんしょうめつせいきゅう,,claim for extinguishment of mortgage,,,,,,
抵当権設定者,ていとうけんせっていしゃ,,mortgagor,,,,,,
抵当証券,ていとうしょうけん,,mortgage instrument,,,,,,
抵当不動産,ていとうふどうさん,,mortgaged real property,,,,,,
定年,ていねん,,mandatory retirement age,,,,,,
定年退職,ていねんたいしょく,,mandatory retirement,,,,,,
締約国,ていやくこく,1,contracting party,,,,,,
締約国,ていやくこく,2,high contracting party,,,,,,
締約国,ていやくこく,3,signatory,,,,,,
締約国,ていやくこく,4,contracting states,,,,,,
手形,てがた,,negotiable instrument,,,,,,
手形訴訟,てがたそしょう,,actions on bills and notes,,,,,,
適格機関投資家,てきかくきかんとうしか,,qualified institutional investor,,,,,,
適格旧株主,てきかくきゅうかぶぬし,,qualified former shareholder,,,,,,
適合,てきごう,1,conformity,条件・規格,,,,,【動詞】適合する: conform（要件を満たす意のときは、satisfy）
適合,てきごう,2,compliance,法令,,,,,
適合,てきごう,3,suitability,自然的社会的条件,,,,,
適合性検査,てきごうせいけんさ,,conformity inspection,,,,,,
適合命令,てきごうめいれい,,order to comply,,,,,,
適当な措置,てきとうなそち,,appropriate measure,,,,,,
適法な,てきほうな,1,legal,,,,,,
適法な,てきほうな,2,legitimate,,,,,,
適法な,てきほうな,3,lawful,,,,,,
適法な,てきほうな,4,valid,,,,,,
適用,てきよう,,application,,,,,,【動詞】適用する: apply
適用除外,てきようじょがい,1,exclusion from application,,行政手続法の適用除外,exclusion from application of the administrative procedure act,外国弁護士による法律事務の取扱い等に関する法律第100条,,
適用除外,てきようじょがい,2,exemption,,,,,,
適用範囲,てきようはんい,,scope of application,,,,,,
手数料,てすうりょう,1,fee,,承認申請手数料,a fee for the application for approval,外国弁護士による法律事務の取扱い等に関する法律施行規則第7条,,
手数料,てすうりょう,2,commission,,,,,,
手数料,てすうりょう,3,charge,,,,,,
撤回,てっかい,1,revocation,,書面によらない贈与は、各当事者が撤回することができる,gifts not in writing may be revoked by either party,民法第550条,,
撤回,てっかい,1,revocation,,,,,,【動詞】撤回する: revoke
撤回,てっかい,2,withdrawal,,株式買取請求をした株主は、株式会社の承諾を得た場合に限り、その株式買取請求を撤回することができる。,a shareholder exercising appraisal rights may withdraw such shareholder's demand only with the approval of the stock company.,会社法第116条第7項,,
撤回,てっかい,2,withdrawal,,,,,,【動詞】撤回する：withdraw
手付,てつけ,,earnest money,,,,,,
手続,てつづき,1,procedure,,,,,,【動詞】手続きする: proceed
手続,てつづき,2,proceedings,,略式手続,summary proceedings,刑事訴訟法第461条以下,,
手続開始の決定,てつづきかいしのけってい,,order commencing … (proceeding),,匿名組合契約が営業者が破産手続開始の決定を受けたことによって終了したときは、破産管財人は、匿名組合員に、その負担すべき損失の額を限度として、出資をさせることができる。,"If a silent partnership agreement is terminated because a person engaged in business has become subject to an order commencing bankruptcy proceedings, the bankruptcy trustee may have the silent partners pay contributions up to the amount of the loss that they are required to cover.",破産法第183条,,
手続開始の決定,てつづきかいしのけってい,,order commencing … (proceeding),,,,,"【注】一連の手続を指す場合は、""proceedings""と複数形になる。",
手続開始前の原因,てつづきかいしまえのげんいん,,cause occurring before the commencement of a (rehabilitation) proceeding,,,,,"【注】一連の手続を指す場合は、""proceedings""と複数形になる。",
デリバティブ取引,でりばてぃぶとりひき,,derivatives transaction,,,,,,
添加物,てんかぶつ,,additive,,,,,,
電気事業,でんきじぎょう,,electricity business,,,,,,
電気通信,でんきつうしん,,telecommunication,,,,,,
電気通信回線,でんきつうしんかいせん,,telecommunications line,,,,,,
電気通信事業,でんきつうしんじぎょう,,telecommunications business,,,,,,
電気通信事業者,でんきつうしんじぎょうしゃ,,telecommunications carrier,,,,,,
天災,てんさい,,natural disaster,,,,,,
電子記録債権,でんしきろくさいけん,,electronically recorded monetary claim,,,,,,
電子計算機,でんしけいさんき,,computer,,,,,,
電子公告,でんしこうこく,,electronic public notice,,,,,,
電子情報処理組織,でんしじょうほうしょりそしき,,electronic data processing system,,,,,,
電子署名,でんししょめい,,electronic signature,,,,,,
転質,てんしち,1,subpledge,,,,,,
転質,てんしち,2,re-pledge,,,,,,
電磁的記録,でんじてききろく,,electronic or magnetic record,,電磁的記録（電子的方式、磁気的方式その他人の知覚によっては認識することができない方式で作られる記録であって、電子計算機による情報処理の用に供されるものをいう）,"electronic or magnetic record (meaning a record used in computerized information processing which is created in electronic form, magnetic form, or any other form that cannot be perceived by the human senses)",,,
電子的方式,でんしてきほうしき,,electronic form,,,,,,
電磁的方式,でんじてきほうしき,,electronic or magnetic form,,,,,,
電磁的方法,でんじてきほうほう,,electronic or magnetic means,,,,,,
転借人,てんしゃくにん,,sublessee,,,,,,
転貸,てんたい,,sublease,,,,,,
転貸人,てんたいにん,,sublessor,,,,,,
伝統芸能,でんとうげいのう,,traditional performing art,,,,,,
店頭デリバティブ取引,てんとうでりばてぃぶとりひき,,over-the-counter derivatives transaction,,,,,,
店頭売買有価証券,てんとうばいばいゆうかしょうけん,,over-the-counter traded securities,会計勘定科目,,,,,
天然果実,てんねんかじつ,,natural fruits,,,,,,
転付命令,てんぷめいれい,,assignment order,,,,,,
てん補,てんぽ,,compensation,,救済給付の支給を受けることができる者に対し、同一の事由について、損害のてん補がされた場合においては、機構は、その価額の限度で救済給付を支給する義務を免れる,"If a person entitled to be paid relief benefits is compensated for a loss or damage on the same grounds, the Agency is absolved of the duty to pay relief benefits, up to the value of the compensation",石綿による健康被害の救済に関する法律第25条,,
てん補,てんぽ,,compensation,,,,,,【動詞】てん補する: compensate
問屋,といや,,commission merchant,,,,,,
…等,…とう,1,… etc.,見出し中に用いられる場合や、定義がなされている場合など、「等」の内容が別の場所に明示されている場合,（定義等）,"(Definitions, etc.)",,,
…等,…とう,1,… etc.,見出し中に用いられる場合や、定義がなされている場合など、「等」の内容が別の場所に明示されている場合,船舶又は航空機（以下「船舶等」という。）,"vessel or aircraft (referred to below as ""vessel, etc."")",,,
…等,…とう,2,such as …,例示列挙など「等」の内容が明示されていない場合,機構の名称、目的、業務の範囲等に関する事項,"such matters as the Agency's name, purpose and scope of business",,,
…等,…とう,3,and other (things) with/of similar nature,,,,,,
…等,…とう,4,or the like,,この法律において「薬物犯罪収益等」とは、薬物犯罪収益、薬物犯罪収益に由来する財産又はこれらの財産とこれらの財産以外の財産とが混和した財産をいう,"In this Act, ""drug offense proceeds or the like"" means drug offense proceeds, property derived from drug offense proceeds or any other property in which any drug offense proceeds or property derived from drug offense proceeds is mingled with other property",麻薬特例法第2条第5項,,
同意,どうい,,consent,,,,,,
同意再生,どういさいせい,,consensual rehabilitation,,,,,,
同意殺人,どういさつじん,,homicide with consent,,,,,,
同意配当,どういはいとう,,consensual distribution,,,,,,
当該,とうがい,1,that,,,,,,
当該,とうがい,2,the,,,,,,
当該,とうがい,3,the referenced,,,,,,
当該,とうがい,4,the relevant,,,,,,
当該,とうがい,5,the … in question,,,,,"【注】""said""や""such""は名詞を修飾する限定詞として使用しない。「当該」の訳については、本辞書に掲載されている訳語を中心に、文脈に応じて翻訳する。",
登記,とうき,,registration,,法人は、登記をしなければならない,A juridical person must complete its registration,民法第45条第1項,,
登記官,とうきかん,,registrar,,,,,,
登記事項,とうきじこう,1,registered information,,,,,,
登記事項,とうきじこう,2,information to be registered,,,,,,
登記事項証明書,とうきじこうしょうめいしょ,,certificate of registered information,,,,,,
登記所,とうきしょ,1,registry,,,,,,
登記所,とうきしょ,2,registry office,,,,,,
登記簿,とうきぼ,,register,,,,,,
同居の親族,どうきょのしんぞく,,cohabiting relative,,,,,,
動産,どうさん,1,movables,,,,,,
動産,どうさん,2,movable property,,,,,,
動産質,どうさんしち,,pledge on movable property,,,,,,
投資,とうし,,investment,,,,,,
投資一任契約,とうしいちにんけいやく,,discretionary investment contract,,,,,,
投資運用業,とうしうんようぎょう,,investment management business,,,,,,
投資口,とうしぐち,,investment equities,,投資法人の成立時の出資総額は、設立時発行投資口（投資法人の設立に際して発行する投資口をいう。以下同じ。）の払込金額（設立時発行投資口一口と引き換えに払い込む金銭の額をいう。）の総額とする。,The total amount of investment in an investment corporation at the time of its establishment is the total of the amounts to be paid in (meaning the amount of the monies to be paid in in exchange for one unit of the investment equities issued at incorporation) for the investment equities issued at incorporation (meaning the investment equities that the investment corporation issues at the time of its incorporation; the same applies below).,投資信託及び投資法人に関する法律第68条,,
投資顧問契約,とうしこもんけいやく,,investment advisory contract,証券の場合,,,,,
投資事業,とうしじぎょう,,investment business,,,,,,
投資事業有限責任組合,とうしじぎょうゆうげんせきにんくみあい,1,investment limited partnership,,,,,,
投資事業有限責任組合,とうしじぎょうゆうげんせきにんくみあい,2,investment business limited partnership,,,,,,
投資者,とうししゃ,,investor,,投資者（の）保護,protection of investors,,,
当事者,とうじしゃ,,party,,,,,,
当事者訴訟,とうじしゃそしょう,,public law related action,,,,,,
当事者適格,とうじしゃてきかく,,standing,,,,,,
当事者能力,とうじしゃのうりょく,,capacity to be a party,,,,,,
投資助言業務,とうしじょげんぎょうむ,,investment advisory business,,,,,,
投資信託,とうししんたく,1,investment trust,,,,,,
投資信託,とうししんたく,2,mutual fund,商品としての投資信託を指す場合,,,,,
投資信託委託会社,とうししんたくいたくがいしゃ,,settlor company of investment trust,,,,,,
同時審判,どうじしんぱん,,simultaneous trial and decision,,,,,,
投資法人,とうしほうじん,,investment corporation,,,,,,
盗取,とうしゅ,,stealing,,,,,,【動詞】盗取する: steal
動植物,どうしょくぶつ,,plants and animals,,,,,【注】動物相又は（及び）植物相 fauna or/and flora,
同時履行の抗弁,どうじりこうのこうべん,,defense of simultaneous performance,,,,,,
逃走,とうそう,1,escape,逃走罪の場合はcriminal escape,,,,,【動詞】逃走する: escape
逃走,とうそう,2,flight,,,,,,【動詞】逃走する: to flee
同族会社,どうぞくがいしゃ,,family company,,,,,,
到達,とうたつ,1,arrival,,,,,,
到達,とうたつ,2,attainment,,,,,,
到達,とうたつ,3,accession,成年等一定の状態への到達,,,,,
盗難,とうなん,,theft,,,,,,
投票,とうひょう,1,vote,,,,,,
投票,とうひょう,2,poll,,,,,,
盗品,とうひん,,stolen property,,,,,,
当分の間,とうぶんのかん,,until otherwise provided for by law,,,,,,
答弁,とうべん,1,answer,,,,,,【動詞】答弁する: answer
答弁,とうべん,2,reply,,,,,,
答弁,とうべん,3,account,,,,,,
答弁,とうべん,4,plead,,,,,,
答弁書,とうべんしょ,,(written) answer,,,,,,
逃亡犯罪人,とうぼうはんざいにん,,fugitive,,逃亡犯罪人の拘禁,detention of fugitive,逃亡犯罪人引渡法第5条,,
謄本,とうほん,1,transcript,,,,,,
謄本,とうほん,2,(certified) copy,,,,,,
同盟国,どうめいこく,1,country of the Union,,,,,,
同盟国,どうめいこく,2,union,,,,,,
同盟国,どうめいこく,3,allies,,,,,,
同盟国,どうめいこく,4,allied nations,,,,,,
同盟罷業,どうめいひぎょう,,strike,,,,,,
盗用,とうよう,,misappropriation,,,,,,【動詞】盗用する: misappropriate
同様とする,どうようとする,,the same applies to,,,,,,
到来する,とうらいする,1,fall,,,,,,
到来する,とうらいする,2,arrive,,,,,,
登録,とうろく,1,registration,原則,登録の拒絶,refusal of registration,外国弁護士による法律事務の取扱い等に関する法律第27条,,
登録,とうろく,1,registration,原則,,,,,【動詞】登録する: register
登録,とうろく,2,accreditation,評価行為を含む場合,,,,,
登録異議の申立て,とうろくいぎのもうしたて,,filing of objection to registration,,,,,,
登録異議申立書,とうろくいぎもうしたてしょ,,written objection (to registration),,,,,,
登録意匠,とうろくいしょう,,registered design,,,,,,
登録換え,とうろくがえ,,transfer of registration,,登録換え請求,a request for the transfer of registration,外国弁護士による法律事務の取扱い等に関する法律第29条,,
登録株式質権者,とうろくかぶしきしちけんしゃ,,registered pledgee of shares,,,,,,
登録機関,とうろくきかん,1,registration agency,行政機関の場合,,,,,
登録機関,とうろくきかん,2,registration organization,民間の場合,,,,,
登録原票,とうろくげんぴょう,,(alien) registration card,,,,,,
登録実用新案,とうろくじつようしんあん,,registered utility model,,,,,,
登録事務,とうろくじむ,,registration affairs,,,,,,
登録出願,とうろくしゅつがん,,(registration) application,,,,,,
登録出願人,とうろくしゅつがんにん,,(registration) applicant,,,,,,
登録証,とうろくしょう,,registration certificate,,,,,,
登録商標,とうろくしょうひょう,,registered trademark,,,,,,
登録証明書,とうろくしょうめいしょ,,registration certificate,,,,,,
登録新株予約権質権者,とうろくしんかぶよやくけんしちけんしゃ,,registered pledgee of share options,,,,,,
登録審査会,とうろくしんさかい,,registration screening board,,,,,,
登録申請者,とうろくしんせいしゃ,,registration applicant,,,,,,
登録請求,とうろくせいきゅう,,request for registration,,登録請求書,a written request for registration,外国弁護士による法律事務の取扱い等に関する法律第26条,,
登録請求書,とうろくせいきゅうしょ,,written request for registration,,,,,,
登録認定機関,とうろくにんていきかん,1,registered certifying agency,行政機関の場合,,,,,
登録認定機関,とうろくにんていきかん,2,registered certifying organization,民間の場合,,,,,
登録品種,とうろくひんしゅ,,registered variety,,,,,,
登録簿,とうろくぼ,,register,,,,,,
登録防護標章,とうろくぼうごひょうしょう,,registered defensive trademark,,,,,,
登録免許税,とうろくめんきょぜい,,registration and license tax,,,,,,
登録有形文化財,とうろくゆうけいぶんかざい,,registered tangible cultural property,,,,,,
登録料,とうろくりょう,,registration fee,,,,,,
図画,とが,,picture,,,,,,
とき,とき,1,if,仮定的な条件を示す場合,この場合において、当該建造物に当該提案に係る所有者以外の所有者がいるときは、あらかじめ、その全員の合意を得なければならない。,"In this case, if there are any other owners of the relevant structure other than the owner making the proposal, the consent of all other owners must be obtained in advance.",景観法第20条第1項,,
とき,とき,2,when,発生確実な条件を示す場合,共同募金連合会は、第七十三条の許可を受けて寄附金の募集をしようとするときは、あらかじめ、その募集をしようとする地域の属する都道府県に係る共同募金会の意見を聴かなければならない。,"When the federation of community chest committees intends to obtain permission prescribed in Article 73 and raise contributions, it must hear, in advance, the opinions of community chest committees of the prefectures in which the areas where it seeks to raise contributions are located.",社会福祉法第124条第2項,,
とき,とき,3,whenever,発生の繰り返しが予想される場合,,,,【注】法文中、「時」ではなく、ひらがなの「とき」と記載されている場合には、「場合」と同じように条件を意味する。条件が二つ続く場合には、大きな条件に「場合」を、小さな条件に「とき」を使うことになっている。,
時,とき,,when,,前項の規定により立入検査をする職員は、その身分を示す証明書を携帯し、関係者の請求があった時は、これを提示しなければならない。,"An official who conducts an on-site inspection pursuant to the preceding paragraph, must carry identification and present it when requested to do so by the relevant persons.",資産の流動化に関する法律第217条第2項,,
時,とき,,when,,,,,【注】漢字の「時」は、法令中では時間が問題になる場合に使われ、ひらがなの「とき」は条件に使われる。,
特赦,とくしゃ,,special pardon,,,,,,
独占的状態,どくせんてきじょうたい,,monopolistic situation,,,,,,
得喪,とくそう,,acquisition or loss (of rights),,,,,,
特則,とくそく,,special provision,,,,,,
督促,とくそく,,demand,,,,,,
督促異議,とくそくいぎ,,objection to demand,,,,,,
督促手続,とくそくてつづき,,demand procedure,,,,,,
特徴的な給付,とくちょうてきなきゅうふ,,characteristic performance,,,,,,
特定,とくてい,1,specified,法令等の中で特定する対象が示されている場合,,,,,
特定,とくてい,2,special,,,,,,
特定,とくてい,3,specific,,,,,,
特定遺贈,とくていいぞう,,particular legacy,,,,,,
特定金銭債権,とくていきんせんさいけん,,specified monetary claim,,,,,,
特定資産,とくていしさん,,specified assets,,,,,,
特定施設,とくていしせつ,,specified facility,,,,,,
特定信書便事業,とくていしんしょびんじぎょう,,specified correspondence delivery service,,,,,,
特定責任追及の訴え,とくていせきにんついきゅうのうったえ,,action to enforce specific liability,,,,,,
特定投資家,とくていとうしか,,professional investor,,,,,,
特定独立行政法人,とくていどくりつぎょうせいほうじん,,specified incorporated administrative agency,,,,,,
特定物,とくていぶつ,,specific thing,,弁済をすべき場所について別段の意思表示がないときは、特定物の引渡しは債権発生の時にその物が存在した場所において、その他の弁済は債権者の現在の住所において、それぞれしなければならない。,"Unless a particular intention is manifested with respect to the place where the performance should take place, the delivery of a specific thing must be effected at the place where that thing was located when the relevant claim accrued, and the discharge of any other obligation must be effected at the current domicile of the obligee.",民法第484条第1項,,
特定目的会社,とくていもくてきがいしゃ,,specified purpose company,,,,,,
特定目的信託,とくていもくてきしんたく,,specified purpose trust,,,,,,
特に信用すべき情況,とくにしんようすべきじょうきょう,,circumstances that afford special credibility,,,,,,
特に必要があると認める,とくにひつようがあるとみとめる,,find particularly necessary,,実施を適正にするため特に必要があると認めるときは、,if it is found particularly necessary for the proper implementation,高圧ガス保安法第50条,,
特別異議申述期間,とくべついぎしんじゅつきかん,,special period for making objections,,,,,【注】（出典）民事再生法226条,
特別区,とくべつく,,special ward,,,,,,
特別抗告,とくべつこうこく,,special appeal against a ruling to the Supreme Court,,,,,,
特別支配会社,とくべつしはいがいしゃ,,special controlling company,,,,,,
特別支配株主,とくべつしはいかぶぬし,,special controlling shareholder,,,,,,
特別支配株主完全子法人,とくべつしはいかぶぬしかんぜんこほうじん,,wholly owned subsidiary of a special controlling shareholder,,,,,,
特別上告,とくべつじょうこく,,special appeal to the court of last resort,,,,,,
特別職,とくべつしょく,,special service,,,,,,
特別清算,とくべつせいさん,,special liquidation,,特別清算開始,commencement of special liquidation,,,
特別清算,とくべつせいさん,,special liquidation,,特別清算終結の決定,order closing the special liquidation,,,
特別清算,とくべつせいさん,,special liquidation,,特別清算の終了,closing of special liquidation,,,
特別清算,とくべつせいさん,,special liquidation,,特別清算手続の結了,completion of special liquidation,,,
特別措置法,とくべつそちほう,,Act on Special Measures,,福島復興再生特別措置法,Act on Special Measures for the Reconstruction and Revitalization of Fukushima,,,
特別措置法,とくべつそちほう,,Act on Special Measures,,ダイオキシン類対策特別措置法,Act on Special Measures against Dioxins,,,
特別損失,とくべつそんしつ,,extraordinary loss,会計勘定科目,,,,,
特別代理人,とくべつだいりにん,,special representative,,,,,,
特別調査期間,とくべつちょうさきかん,,special period for investigation,,,,,,
特別調査期日,とくべつちょうさきじつ,,special date of investigation,,,,,,
特別取締役,とくべつとりしまりやく,,special director,,,,,,
特別の先取特権,とくべつのさきどりとっけん,,special statutory lien,,,,,,
特別の法律,とくべつのほうりつ,,special law,,,,,,
特別背任,とくべつはいにん,,aggravated breach of trust,,,,,,
特別目的会社,とくべつもくてきがいしゃ,,special purpose company,,,,,,
特別養子,とくべつようし,,specially adopted child,,,,,,
匿名組合,とくめいくみあい,,silent partnership,,,,,,
匿名組合員,とくめいくみあいいん,,silent partner,,,,,,
特約,とくやく,,special provision,,,,,,
特有財産,とくゆうざいさん,,separate property,,,,,,
独立行政法人,どくりつぎょうせいほうじん,,incorporated administrative agency,,,,,,
独立性,どくりつせい,1,independence,原則,,,,,
独立性,どくりつせい,2,impartiality,第三者性,,,,,
独立当事者参加,どくりつとうじしゃさんか,,intervention as independent party,,,,,,
特例期間,とくれいきかん,1,exception period,原則,,,,,
特例期間,とくれいきかん,2,grace period,猶予期間,,,,,
特例規定,とくれいきてい,,special provision,,,,,,
特例に関する法律,とくれいにかんするほうりつ,,Act on Special Measures,,,,,,
特例有限会社,とくれいゆうげんがいしゃ,,special limited liability company,,,,,,
都市計画,としけいかく,,city planning,,,,,,
都市再開発,としさいかいはつ,,urban redevelopment,,,,,,
とする,とする,,"is, meansなど「動詞の現在形」",,,,,"【注】条文中で「とする」「をいう」などの動詞の終止形が用いられる場合は、英訳において""shall""は用いず、動詞の現在形を使用する。法令翻訳の手引き項番3.2.2参照。",
とする,とする,,"is, meansなど「動詞の現在形」",,この法律及び通則法の定めるところにより設立される独立行政法人の名称は、国立研究開発法人宇宙航空研究開発機構とする。,"The name of the incorporated administrative agency that is established pursuant to this Act and the Act on General Rules is the Japan Aerospace Exploration Agency, National Research and Development Agency.",国立研究開発法人宇宙航空研究開発機構法第3条第1項,,
とする,とする,,"is, meansなど「動詞の現在形」",,船舶の抵当権は、その属具に及ぶ。,A mortgage on a ship extends to its equipment.,商法第847条第2項,,
とする,とする,,"is, meansなど「動詞の現在形」",,この法律において「商標」とは、商標法第二条第一項に規定する商標をいう。,"The term ""trademark"" as used in this Act means a trademark as defined in Article 2, paragraph (1) of the Trademark Act.",不正競争防止法第2条第2項,,
土地改良事業,とちかいりょうじぎょう,,land improvement project,,,,,,
土地管轄,とちかんかつ,,territorial jurisdiction,,,,,,
土地区画整理事業,とちくかくせいりじぎょう,,land rezoning project,,,,,,
と畜場,とちくじょう,,slaughterhouse,,,,,,
土地の所有者,とちのしょゆうしゃ,1,landowner,,,,,,
土地の所有者,とちのしょゆうしゃ,2,owner of (the) land,,,,,,
特許,とっきょ,,patent,,,,,,
特許管理人,とっきょかんりにん,,patent administrator,,,,,,
特許業務法人,とっきょぎょうむほうじん,,patent professional corporation,,,,,,
特許権,とっきょけん,,patent right,,,,,,
特許権者,とっきょけんしゃ,,patentee,,,,,,
特許出願,とっきょしゅつがん,,patent application,,,,,,
特許証,とっきょしょう,,certificate of patent,,,,,,
特許請求,とっきょせいきゅう,,(patent) claim,,,,,,
特許請求の範囲,とっきょせいきゅうのはんい,1,claims,,,,,,
特許請求の範囲,とっきょせいきゅうのはんい,2,scope of claims,,,,,,
特許発明,とっきょはつめい,,patented invention,,,,,,
特許番号,とっきょばんごう,,patent number,,,,,,
特許無効審判,とっきょむこうしんぱん,,trial for patent invalidation,,,,,,
特許料,とっきょりょう,,patent fee,,,,,,
特許を受ける権利,とっきょをうけるけんり,,right to grant of patent,,,,,,
都道府県,とどうふけん,,prefecture,,,,,,
都道府県知事,とどうふけんちじ,,prefectural governor,,,,,,
届出,とどけで,1,notification,,当該届出に係る（事項）,(matter) stated in the notification,,,
届出,とどけで,1,notification,,,,,,【動詞】届け出る: notify
届出,とどけで,2,report,,,,,,
届出,とどけで,3,registration,,,,,,
届出再生債権者,とどけでさいせいさいけんしゃ,,holder of filed rehabilitation claim,,,,,,
届出書,とどけでしょ,1,written notice,,,,,,
届出書,とどけでしょ,2,written report,,,,,,
届出書,とどけでしょ,3,written notification,,,,,,
届出書,とどけでしょ,4,registration form,,,,,,
賭博,とばく,,gambling,,,,,,【動詞】賭博する: gamble
取消し,とりけし,,rescission,契約等の場合,未成年被後見人が成年に達した後後見の計算の終了前に、その者と未成年後見人又はその相続人との間でした契約は、その者が取り消すことができる。,A former minor ward may rescind a contract that was formed between them and their former guardian or the former guardian's heir after the ward reached the age of majority and before the accounting for the guardianship was completed.,民法第第872条第1項,,
取消し,とりけし,,rescission,契約等の場合,,,,,【動詞】rescind
取消し,とりけし,,revocation,許可や登録等の場合,主務大臣は、登録認定機関が第十九条各号のいずれかに該当するに至ったときは、その登録を取り消さなければならない。,"If a registered certifying body comes to fall under one of the items of Article 19, the competent minister must revoke its registration.",農林水産物及び食品の輸出の促進に関する法律第30条第1項,,
取消し,とりけし,,revocation,許可や登録等の場合,,,,,【動詞】revoke
取消し,とりけし,,setting aside,裁判等の場合,第一審判決の取消し及び変更は、不服申立ての限度においてのみ、これをすることができる。,A first-instance judgment may be set aside or modified only within the bounds of the appeal entered against it.,民事訴訟法第304条,,
取消し,とりけし,,setting aside,裁判等の場合,,,,【注】上記は代表例であるが、「取消し」が用いられる文脈は多岐にわたり、かつ、文脈ごとに適切な訳語は変化するものであるため、列挙していない語も含め、適宜適切な翻訳を行うこと。,
取消し,とりけし,,setting aside,裁判等の場合,,,,,【動詞】set aside
取消権,とりけしけん,1,right to rescind,,,,,,
取消権,とりけしけん,2,rescission right,,,,,,
取消訴訟,とりけしそしょう,,action for revocation of administrative disposition,,,,,,
取り消すことができる,とりけすことができる,,voidable,,,,,,
取下げ,とりさげ,,withdrawal,,,,,,
取締役,とりしまりやく,,director,,役員　取締役、会計参与、監査役、執行役、理事、監事その他これらに準ずる者をいう,"""officer"" means a company director, accounting advisor, company auditor, executive officer, director, inspector, or other person equivalent thereto;",会社法施行規則第2条第3項第3号,,
取締役,とりしまりやく,,director,,,,,【注】「取締役」と「理事」が併記されている場合、「company director」を使用する。,
取締役会,とりしまりやくかい,,board of directors,,,,,,
取締役会設置会社,とりしまりやくかいせっちがいしゃ,,company with board of directors,,,,,,
取調べ,とりしらべ,1,interrogation,被疑者の取調べ,,,,,
取調べ,とりしらべ,2,interview,参考人・証人等の取調べ,,,,,
取調べ,とりしらべ,3,examination,証拠の取調べ,,,,,
取立て,とりたて,1,collection,,,,,,
取立て,とりたて,2,recovery,追徴と区別をする必要がある場合,,,,,
取立訴訟,とりたてそしょう,,collection lawsuit,,,,,,
取次,とりつぎ,,commission,,,,,,
取引,とりひき,1,trade,,,,,,
取引,とりひき,2,business,,,,,,
取引,とりひき,3,transaction,,,,,,
取引,とりひき,4,dealings,,,,,,
取引条件,とりひきじょうけん,1,trade terms,,,,,,
取引条件,とりひきじょうけん,2,terms and conditions (of transaction),,,,,,
取引上の社会通念,とりひきじょうのしゃかいつうねん,,common sense trading practices,,,,,,
取引制限,とりひきせいげん,,restraint on trade,,,,,,
取引分野,とりひきぶんや,,field of trade,,,,,,
取戻権,とりもどしけん,,right of segregation,,,,,,
内閣府令,ないかくふれい,,Cabinet Office Order,,,,,,
内国法人,ないこくほうじん,,domestic corporation,,,,,,
内乱,ないらん,,insurrection,,,,,,
なおその効力を有する,なおそのこうりょくをゆうする,,remain in force,,,,,,
仲立,なかだち,,brokerage,,,,,,
仲立人,なかだちにん,,broker,,,,,,
難民,なんみん,,refugee,,,,,,
難民調査官,なんみんちょうさかん,,refugee inquirer,,,,,,
難民認定,なんみんにんてい,,refugee (status) recognition,,,,,,
難民認定証明書,なんみんにんていしょうめいしょ,,certificate of refugee status,,,,,,
難民旅行証明書,なんみんりょこうしょうめいしょ,,refugee travel document,,,,,,
荷受人,にうけにん,,consignee,,,,,,
…において準用する…の規定,…においてじゅんようする…のきてい,,"the provisions of …, as applied mutatis mutandis pursuant to …",,,,,,
…において準用する場合を含む,…においてじゅんようするばあいをふくむ,,including as applied mutatis mutandis pursuant to,,,,,,
…において読み替えて準用する…の規定,…においてよみかえてじゅんようする…のきてい,,"the provisions of …, as applied mutatis mutandis pursuant to … following the deemed replacement of terms,",,,,,,
荷送人,におくりにん,,consignor,,,,,,
に掲げる,にかかげる,,(the matters) stated in,,第２号から第４号までに掲げる（事項）,(the matters) stated in items (ii) through (iv),,,
に掲げる,にかかげる,,(the matters) stated in,,次に掲げる（事項）,the following (matters),,,
に掲げるもののほか,にかかげるもののほか,,beyond (what is) stated in,,前二号に掲げるもののほか、内閣府令で定める額,"any amount that Cabinet Office Order prescribes, beyond what is stated in the preceding two items.",資産の流動化に関する法律第114条第1項第4号,,
に限る,にかぎる,,limited to,,第１項の資格（政令で定めるものに限る。）,qualifications provided by paragraph (1) (limited to those specified by Cabinet Order),,,
に限る,にかぎる,,limited to,,ただし、第５条に規定する場合に限る,"provided, however, that this is limited to the cases prescribed by Article 5",,,
に代わる,にかわる,,in lieu of,,,,,,
に関する法律,にかんするほうりつ,1,Act on,原則,臓器の移植に関する法律,Act on Organ Transplantation,,,
に関する法律,にかんするほうりつ,2,… Act,「に関する法律」を「…Act」とする翻訳がすでに海外において定着している場合,行政機関が行う政策の評価に関する法律,Government Policy Evaluations Act,,,
に定めるところにより,にさだめるところにより,,pursuant to the provisions of,,,,,,
二次使用,にじしよう,,secondary use,,,,,,
二次使用料,にじしようりょう,,secondary use fee,,,,,,
に従わないで,にしたがわないで,,not complying with,,,,,,
に準ずる,にじゅんずる,1,equivalent,形容詞（同等の、類似の）,これに準ずる方法,equivalent method,,,
に準ずる,にじゅんずる,2,is dealt with in the same manner as,動詞（同様に扱う）,正犯に準ずる,is dealt with in the same manner as a principal,,,
に処する,にしょする,,is punished by,,,,,,
については、…の例による,…については、…のれいによる,,is governed by …,,その時効については、国税の例による,the prescription is governed by the same rules as national tax,,,
については、…の例による,…については、…のれいによる,,is governed by …,,前項の場合には、次の例による,the cases referred to in the preceding paragraph are governed by the following rules,,,
については、なお従前の例による,については、なおじゅうぜんのれいによる,,prior laws and regulations continue to govern,,前項の認定に係る認定事業者（新規則第四十六条第一項第一号ニ（１）に規定する認定事業者をいう。次条において同じ。）が平成二十八年度に行う新規則第四十六条第一項第一号ニ（１０）に規定する報告については、なお従前の例による。,"Prior laws and regulations continue to govern the report prescribed in Article 46, paragraph (1), item (i), (d), 10 of the new Regulations that is made in FY 2016 by a certified business operator (meaning the certified business operator prescribed in Article 46, paragraph (1), item (i), (d), 1 of the new Regulations; the same applies in the following Article) relating to the certification referred to in the preceding paragraph.",農林水産省関係日本農林規格等に関する法律施行規則 附則〔平成28年6月1日農林水産省令第43号〕第2条第2項,,
日計表,にっけいひょう,,daily cash count sheet,,,,,,
日当,にっとう,,daily allowance,,,,,,
に照らし,にてらし,,in light of,,,,,,
日本銀行券,にほんぎんこうけん,,Bank of Japan note,,,,,,
日本農林規格,にほんのうりんきかく,,Japanese agricultural standard,,,,,,
日本弁護士連合会,にほんべんごしれんごうかい,,Japan Federation of Bar Associations,,,,,,
日本弁理士会,にほんべんりしかい,,Japan Patent Attorneys Association,,,,,,
に満たない,にみたない,1,less than,原則,,,,,
に満たない,にみたない,2,under,年齢の場合,１４歳に満たない者,a person under 14 years of age,,,
に基づく,にもとづく,,based on,,専門的知見に基づく意見,opinion based on expert knowledge,,,
入国,にゅうこく,1,entry,物理的な入国,,,,,
入国,にゅうこく,2,immigration,手続きを経た入国,,,,,
入国警備官,にゅうこくけいびかん,,immigration control officer,,,,,,
入国者収容所,にゅうこくしゃしゅうようじょ,,immigration detention center,,,,,,
入国審査官,にゅうこくしんさかん,,immigration inspector,,入国審査官に対し上陸の申請をして,apply for landing to an immigration inspector,出入国管理及び難民認定法第6条第2項,,
入札,にゅうさつ,1,tender,,,,,,
入札,にゅうさつ,2,bid,,,,,,
入札,にゅうさつ,3,bidding process,入札手続そのもの,,,,,"【動詞】入札に参加する submit a tender (bid), participate in tendering (bidding), 入札を行うinvite tenders (bids)"
入札,にゅうさつ,4,sealed bidding,,,,,,
入札談合,にゅうさつだんごう,,bid rigging,,,,,,
任意規定,にんいきてい,,default rules,,,,,,
任意代位,にんいだいい,,voluntary subrogation,,,,,,
任意積立金,にんいつみたてきん,,voluntary reserve,,,,,,
任意的口頭弁論,にんいてきこうとうべんろん,,optional oral arguments,,,,,【注】（出典）破産法8条、民事再生法8条、会社更生法8条,
任意に,にんいに,,voluntarily,,,,,,
任意売却,にんいばいきゃく,,sale by private contract,,,,,,
認可,にんか,1,authorization,,,,,,【動詞】認可する: approve
認可,にんか,2,approval,,,,,,
認可,にんか,3,permission,,,,,,
認可,にんか,4,confirmation,更生計画の認可の場合,,,,,
任期,にんき,,term of office,,,,,,
認証,にんしょう,1,certification,原則,,,,【注】前後の文脈から「許可」の意味が明瞭である場合は、approvalを使用する。,
認証,にんしょう,2,accreditation,教育機関の認証の場合,,,,,
認諾,にんだく,1,cognizance,,,,,,
認諾,にんだく,2,acknowledgment,,,,,,
認知,にんち,1,acknowledgment of parentage,,,,,,
認知,にんち,2,filiation,,,,,,
認定する,にんていする,1,certify,,,,,,
認定する,にんていする,2,approve,,,,,,
認否,にんぴ,,approval or disapproval,,,,,,
認否書,にんぴしょ,,statement of approval or disapproval,,,,,,
任務,にんむ,1,duty,一般的な職務・職責,,,,,
任務,にんむ,2,task,一定期間内の仕事や課業,,,,,
任務,にんむ,3,mission,特別な任務や使命,,,,,
任務,にんむ,4,assignment,割り当てられた職務・職責,,,,,
任命,にんめい,,appointment,,,,,,【動詞】任命する: appoint
任命権,にんめいけん,,appointive power,,,,,,
任命権者,にんめいけんしゃ,,appointer,,,,,,
任免,にんめん,,appointment and dismissal,,,,,,
任用,にんよう,1,appointment,,,,,,
任用,にんよう,2,assignment,,,,,,
根抵当権,ねていとうけん,,revolving mortgage,,,,,,
根抵当権設定者,ねていとうけんせっていしゃ,,mortgagor of a revolving mortgage,,,,,,
根保証,ねほしょう,,revolving guarantee,,,,,,
年金,ねんきん,,pension,,,,,,
年金給付,ねんきんきゅうふ,,pension benefit,,,,,,
年金差額一時金,ねんきんさがくいちじきん,,pension balance lump sum payment,,,,,,
年次有給休暇,ねんじゆうきゅうきゅうか,,annual paid leave,,,,,,
年法律第…号,ねんほうりつだい…ごう,,Act No. … of,,平成１１年法律第１０３号,Act No. 103 of 1999,,,
年法律第…号,ねんほうりつだい…ごう,,Act No. … of,,,,,【注】政省令等についてもこれに準ずる。,
のいずれかに該当する,のいずれかにがいとうする,,fall under any of,,,,,,
農業,のうぎょう,,agriculture,,,,,,
農業協同組合,のうぎょうきょうどうくみあい,,agricultural cooperative,,,,,,
農作物,のうさくぶつ,,crops,,,,,,
納税義務者,のうぜいぎむしゃ,,taxpayer,,,,,,
農地,のうち,1,cropland,,この法律で「農地」とは、耕作の目的の供される土地をいう,"The term ""cropland"" as used in this Act means land used for cultivation",農地法第2条第1項,,
農地,のうち,2,farmland,,,,,,
農地,のうち,3,agricultural land,,国及び地方公共団体は･･･森林、農地、市街地、河川、海岸等においてみだりにごみその他の汚物又は不要物を捨てる行為を防止するため、必要な措置を講ずるよう努めなければならない,"The national and local governments must･･･endeavor to take necessary measures to prevent the illegal dumping of waste and other dirty items or discarded articles in forests, agricultural land, urban areas, rivers, coasts, etc.",美しく豊かな自然を保護するための海岸における良好な景観及び環境並びに海洋環境の保全に係る海岸漂着物等の処理等の推進に関する法律第23条,,
納付,のうふ,,payment,,,,,,【動詞】納付する: pay
納付金,のうふきん,1,payment to the government,,,,,,
納付金,のうふきん,2,payment,前後関係から誰に対する支払いか分かる場合,,,,,
納付命令,のうふめいれい,,payment order,,,,,,
納付命令書,のうふめいれいしょ,,written payment order,,,,,,
農用地,のうようち,,agricultural land,,この法律において「農用地」とは、耕作の目的又は主として家畜の放牧の目的若しくは養畜の業務のための採草の目的に供される土地をいう,"The term ""agricultural land"" as used in this Act means land used for cultivation, land whose main use is livestock pasturage, and land whose main use is for harvesting grasses to use in the livestock business",農用地の土壌の汚染防止等に関する法律第2条第1項,,
農林中央金庫,のうりんちゅうおうきんこ,,Norinchukin,,,,,,
農林物資,のうりんぶっし,,agricultural and forestry product,,,,,,
…の規定に違反して…した者,…のきていにいはんして…したもの,,"any person who, in violation of …、 has done …",,第２０条の規定に違反して故意に報告しなかった者,any person who has intentionally failed to report in violation of Article 20,,,
…の規定にかかわらず,…のきていにかかわらず,,notwithstanding the provision of,,,,,,
…の規定により,…のきていにより,,pursuant to the provision of,,,,,,
…の規定は、…について準用する,…のきていは、…についてじゅんようする,,the provisions of … apply mutatis mutandis to …,,,,,,
…の規定は、…についても適用する,…のきていは、…についてもてきようする,,the provisions of … also apply to …,,,,,,
…の日の…日前までに,…のひの…にちまえまでに,,… days before the date of …,,,,,,
…の日の翌日から起算して,…のひのよくじつからきさんして,1,(counting) from the day following the date of,原則,,,,,
…の日の翌日から起算して,…のひのよくじつからきさんして,2,commencing on the day following the date of,,,,,,
乗組員,のりくみいん,,crew,,,,,,
…は、…と解釈してはならない,…は、…とかいしゃくしてはならない,,must not be construed as …,,,,,,
…は、…と認めるときは,…は、…とみとめるときは,,when … find …,,裁判所は、適当と認めるときは、…することができる,"the court may, when it finds appropriate, …",,,
…は、…と認めるときは,…は、…とみとめるときは,,when … find …,,主務大臣は、…のおそれがあると認めるときは、…しなければならない,"the competent minister must, when the minister finds a risk of …, …",,,
…は、他の法律に特別の定めのある場合を除くほか、この法律の定めるところによる,…は、たのほうりつにとくべつのさだめのあるばあいをのぞくほか、このほうりつのさだめるところによる,,"is governed by the provisions of this Act, except as otherwise provided by other laws",,,,,,
場合,ばあい,1,if,仮定的な条件を示す場合,,,,,
場合,ばあい,2,when,発生確実な条件を示す場合,,,,,
場合,ばあい,3,whenever,発生の繰り返しが予想される場合,上級の裁判所が本案の裁判を変更する場合には、訴訟の総費用について、その負担の裁判をしなければならない。事件の差戻し又は移送を受けた裁判所がその事件を完結する裁判をする場合も、同様とする。,"If a superior court modifies a judicial decision on the merits, it must reach a judicial decision on the bearing of the total costs of the litigation. The same applies when the court that accepts a case remanded or transferred thereto reaches the judicial decision that concludes the case.",民事訴訟法第67条第2項,,
ばい煙,ばいえん,,soot and smoke,,,,,,
媒介,ばいかい,1,brokerage,,,,,,
媒介,ばいかい,2,intermediation,,,,,,
廃棄,はいき,1,disposal,,,,,,【動詞】廃棄する: dispose
廃棄,はいき,2,destruction,,,,,,【動詞】廃棄する: destruct
廃棄,はいき,3,abandonment,,,,,,【動詞】廃棄する: abandon
廃棄物,はいきぶつ,,waste,,,,,,
売却基準価額,ばいきゃくきじゅんかかく,,reference sale price,,,,,,
配偶者,はいぐうしゃ,,spouse,,,,,,
配偶者控除,はいぐうしゃこうじょ,,spousal deduction,,,,,,
廃止する,はいしする,1,repeal,規定などの廃止の場合,定款の定めを廃止する,repeal the provision of the articles of incorporation,会社法第99条第1号,,
廃止する,はいしする,2,discontinue,業務や役務の廃止の場合,業務の全部又は一部を休止し、又は廃止しようとするときは,"… to suspend or discontinue all or a part of services, …",労働安全衛生法第49条,,
廃止する,はいしする,3,close,事業や営業所の廃止の場合,その事業を廃止したときは、,"… if it closes its business, …",航空法第118条,,
廃止する,はいしする,3,close,事業や営業所の廃止の場合,都道府県知事の許可を受けた者が当該都道府県の区域内における営業所を廃止して,If an operator licensed by the Prefectural Governor closes the offices in that prefecture …,建設業法第9条第1項第2号,,
廃止する,はいしする,4,abolish,制度の廃止の場合,準備率及び基準日等の設定、変更又は廃止,"Determining, altering, or abolishing reserve requirement ratios, the base date, and other matters …",日本銀行法第15条第1項第3号,,
排出,はいしゅつ,1,discharge,,,,,,
排出,はいしゅつ,2,emission,,,,,,
排出基準,はいしゅつきじゅん,,emission standard,,,,,,
廃除,はいじょ,,disinheritance,,,,,,
賠償,ばいしょう,,compensation,,費用賠償,compensation for costs,刑事訴訟法第490条,,
賠償,ばいしょう,,compensation,,,,,,【動詞】賠償する: compensate
排除する,はいじょする,1,eliminate,原則,,,,,【名詞】elimination
排除する,はいじょする,2,exclude,除外,,,,,【名詞】exclusion
排除する,はいじょする,3,cease and desist,違反行為の排除,,,,,
排除命令,はいじょめいれい,,cease and desist order,,,,,,
ばいじん,ばいじん,,soot and dust,,,,,,
排水基準,はいすいきじゅん,,effluent standard,,,,,,
陪席裁判官,ばいせきさいばんかん,,associate judge,,,,,,
配当,はいとう,1,dividend,利益の処分,,,,,
配当,はいとう,2,distribution,民事執行・配当手続・出資の一部払戻し,,,,,
配当異議,はいとういぎ,,opposition to distribution,,,,,,
配当控除,はいとうこうじょ,,dividend tax credit,,,,,,
配当財産,はいとうざいさん,,dividend property,,,,,,
配当所得,はいとうしょとく,,dividend income,,,,,,
配当表,はいとうひょう,,distribution list,,,,,,
配当要求,はいとうようきゅう,,distribution demand,,,,,,
配当率,はいとうりつ,,percentage of distribution,,,,,,
売得金,ばいとくきん,,proceeds,,,,,【注】（出典）破産法186条,
背任,はいにん,,breach of trust,,,,,,
売買,ばいばい,1,sale,,,,,,
売買,ばいばい,2,purchase and sale,特に売りと買いの両方を含むことを明確にしたい場合,,,,,
破壊活動,はかいかつどう,,subversive activity,,,,,,
破壊的団体,はかいてきだんたい,,subversive organization,,,,,,
破棄,はき,1,destruction,破り捨てること,,,,,
破棄,はき,2,reversal,原判決を取り消すこと,,,,,
博徒,ばくと,,habitual gambler,,,,,,
爆発物,ばくはつぶつ,,explosives,,,,,,
派遣,はけん,1,dispatch,自衛隊員などの派遣：例外的に労働者の派遣,災害派遣,disaster relief dispatch (of the Self-Defense Forces),,,
派遣,はけん,1,dispatch,自衛隊員などの派遣：例外的に労働者の派遣,,,,【注】自衛隊派遣隊員 corps personnel from the Self-Defense Forces,
派遣,はけん,1,dispatch,自衛隊員などの派遣：例外的に労働者の派遣,,,,,dispatch は、特に品物やメッセージを届ける場合や、軍隊や警察などで人を派遣する場合によく使われる。
派遣,はけん,2,delegate,代表団等の派遣,,,,,
派遣,はけん,3,staffing,,,,,"【注】労働者の「派遣」は、誤解が生じないかぎりstaffingを使うが、これまでの条約や関連法令の翻訳の歴史又は過去の官公庁の使用例との整合性を取る必要や、誤解を避ける必要がある場合だけdispatchを使う。「staffing」を使用した場合、労働者派遣業は、staffing business, staffing service business, temporary staffing agencyなどと呼ばれ、「dispatch」を使用した場合、労働者派遣 worker dispatch、派遣労働者 dispatched worker、労働者派遣事業 worker dispatching services、労働者派遣事業の適性な運営の確保 securing proper operation of worker dispatching services （労働者派遣事業の適性な運営の確保及び派遣労働者の保護等に関する法律1条）となる。",
破産,はさん,,bankruptcy,,,,,,【動詞】破産する: go bankrupt
破産管財人,はさんかんざいにん,,bankruptcy trustee,,,,,,
破産管財人代理,はさんかんざいにんだいり,,deputy bankruptcy trustee,,,,,,
破産債権,はさんさいけん,,bankruptcy claim,,,,,,
破産債権者,はさんさいけんしゃ,,bankruptcy creditor,,,,,,
破産債権の確定,はさんさいけんのかくてい,,allowance of a bankruptcy claim,,,,,,
破産財団,はさんざいだん,,bankruptcy estate,,,,,,
破産裁判所,はさんさいばんしょ,,bankruptcy court,,,,,,
破産事件,はさんじけん,,bankruptcy case,,,,,,
破産者,はさんしゃ,,bankrupt,,,,,,
破産手続,はさんてつづき,,bankruptcy proceeding,,破産手続開始,commencement of bankruptcy proceedings,,,
破産手続,はさんてつづき,,bankruptcy proceeding,,破産手続開始の原因,grounds for the commencement of bankruptcy proceedings,,,
破産手続,はさんてつづき,,bankruptcy proceeding,,破産手続参加,participation in bankruptcy proceedings,,,
破産手続,はさんてつづき,,bankruptcy proceeding,,破産手続終結の決定,order for completion of bankruptcy proceedings,,,
破産手続,はさんてつづき,,bankruptcy proceeding,,破産手続廃止,discontinuance of bankruptcy proceedings,,,
破産手続,はさんてつづき,,bankruptcy proceeding,,破産手続（の）終了,closing of bankruptcy proceedings,,,
破産手続,はさんてつづき,,bankruptcy proceeding,,,,,"【注】一連の手続を指す場合は、""proceedings""と複数形になる。",
罰金,ばっきん,,fine,,,,,,
発行,はっこう,1,issuance,原則,,,,,【動詞】発行する: issue
発行,はっこう,2,publication,,,,,,【動詞】発行する: publish
罰金刑を科す,ばっきんけいをかす,,be subject to a fine,,その法人又は人の業務に関して…をしたときは、行為者を罰するほか、その法人又は人に対して各本条の罰金刑を科する,"If a person … in connection with the business of the corporation or individual, in addition to the offender being subject to punishment, the corporation or individual is subject to the fine referred to in the relevant Article",,,
発行価額,はっこうかがく,,issue price,,,,,,
発行可能株式総数,はっこうかのうかぶしきそうすう,,total number of authorized shares,,,,,,
発行可能種類株式総数,はっこうかのうしゅるいかぶしきそうすう,,total number of authorized shares in a class,,,,,,
発行者,はっこうしゃ,1,issuer,原則,,,,,
発行者,はっこうしゃ,2,publisher,著作物,,,,,
発行済株式,はっこうずみかぶしき,,issued shares,,,,,,
発行登録,はっこうとうろく,,shelf registration (statement),,,,,,
発行登録追補書類,はっこうとうろくついほしょるい,,shelf registration supplements,,,,,,
発効日,はっこうび,,effective date,,,,,,
罰条,ばつじょう,,applicable penal statute,,,,,,
罰則,ばっそく,,penal provision,,,,,,
発注者,はっちゅうしゃ,,orderer,建設業法第2条第5項や労働安全衛生法第30条第2項のように、発注者を「注文者のうち、その仕事を他の者から請け負わないで注文している者」の意味に限定して用いている場合,この法律において「発注者」とは、建設工事（他の者から請け負つたものを除く。）の注文者をいい、「元請負人」とは、下請契約における注文者で建設業者であるものをいい、「下請負人」とは、下請契約における請負人をいう。,"The term ""orderer "" as used in this Act means a person who orders construction work (excluding a person who undertakes the work from another party), ""main contractor"" as used in this Act means a person who is the operator of a construction business and the order placer under subcontracts, and ""subcontractor"" as used in this Act means the contractor under subcontracts.",建設業法第2条第5項,,
発付,はっぷ,,issue,令状発付の場合,,,,,【動詞】発付する: issue
発明,はつめい,,invention,,,,,,
発明者,はつめいしゃ,,inventor,,,,,,
発問権,はつもんけん,,right to question,,,,,,
発令,はつれい,,issuance,,,,,,
…は犯罪捜査のために認められたものと解してはならない,…ははんざいそうさのためにみとめられたものとかいしてはならない,,…must not be construed as being granted for criminal investigation purposes,,,,,,
払込,はらいこみ,,payment,,,,,,
払込金,はらいこみきん,,paid money,,,,,,
払込金額,はらいこみきんがく,1,amount to be paid in,払い込むべき金額の場合,,,,【注】会社法上使用される「払込金額」,
払込金額,はらいこみきんがく,2,paid-in amount,既に払い込まれた金額の場合,,,,,
払戻し,はらいもどし,,refund,,,,,,【動詞】払い戻す: refund
半期報告書,はんきほうこくしょ,,semiannual securities report,,,,,,
判決,はんけつ,1,judgment,判決一般,,,,,
判決,はんけつ,2,sentence,有罪判決,,,,,
判決,はんけつ,3,judgment of conviction,有罪判決→刑の免除を含む有罪判決を総称する場合,,,,,
判決裁判所,はんけつさいばんしょ,1,sentencing court,刑事の場合,,,,,
判決裁判所,はんけつさいばんしょ,2,court pronouncing judgment,民事の場合,,,,,
判決書,はんけつしょ,,judgment document,,,,,,
犯罪,はんざい,1,crime,,,,,,
犯罪,はんざい,2,offense,,,,,,
犯罪行為,はんざいこうい,,criminal act,,犯罪行為…により生じ、若しくは当該犯罪行為により得た財産又は当該犯罪行為の報酬として得た財産,"any property produced by, obtained through, or obtained in reward for a criminal act",組織的犯罪処罰法第2条第2項第1号,,
犯罪地,はんざいち,,place of crime,,,,,,
犯罪人,はんざいにん,1,offender,,,,,,
犯罪人,はんざいにん,2,criminal,,,,,,
判事補,はんじほ,,assistant judge,,,,,,
犯情,はんじょう,,circumstances (of the crime),,,,,,
反訴,はんそ,,counterclaim,,,,,,
反対株主,はんたいかぶぬし,,dissenting shareholder,,,,,,
反対給付,はんたいきゅうふ,,counter-performance,,,,,,
犯人,はんにん,1,offender,犯罪が立証された後,,,,,
犯人,はんにん,2,suspect,犯罪の嫌疑に留まる場合,,,,,
犯人,はんにん,3,perpetrator,単に「行った者」を指す場合の犯人。(1)か(2)かが不明な場合,,,,,
犯人,はんにん,4,criminal,「犯罪者」の意。(1)か(2)かが不明な場合,,,,【注】「犯人」の意味の名詞のcriminalについては、現在では差別的な意味を含むこともあるため、将来の使用は控える。,
販売,はんばい,,sale,,,,,,【動詞】販売する: sell
販売価格,はんばいかかく,,selling price,,,,,,
販売業者,はんばいぎょうしゃ,1,seller,,,,,,
販売業者,はんばいぎょうしゃ,2,distributor,,,,,,
販売業者,はんばいぎょうしゃ,3,dealer,,,,,,
販売費,はんばいひ,,selling expenses,会計勘定科目,,,,,
頒布,はんぷ,,distribution,,,,,,
判例,はんれい,1,(court) precedent,,,,,,
判例,はんれい,2,judicial precedent,,,,,,
非永住者,ひえいじゅうしゃ,,non-permanent resident,,,,,,
非営利活動法人,ひえいりかつどうほうじん,,nonprofit corporation,,,,,,
被害,ひがい,1,damage,,,,,,
被害,ひがい,2,harm,,,,,,
被害者,ひがいしゃ,1,victim,,,,,,
被害者,ひがいしゃ,2,aggrieved party,民事の場合,,,,,
被害者,ひがいしゃ,3,injured party,"""injuring party""との対で使用する場合",,,,,
非課税,ひかぜい,1,nontaxability of …,「～の非課税」の場合,年金等の非課税,"nontaxability of pension, etc.",,,
非課税,ひかぜい,1,nontaxability of …,「～の非課税」の場合,少額預金等の利子所得の非課税に関する経過規定,transitional provisions on nontaxability of interest income from small amount deposits,,,
非課税,ひかぜい,2,nontaxable,「非課税所得」のように複合語となる場合,非課税所得,nontaxable income,,,
非課税,ひかぜい,2,nontaxable,「非課税所得」のように複合語となる場合,,,,【注】この場合、tax exempt … も考えられる,
引受け,ひきうけ,1,assumption,債務の場合,,,,,
引受け,ひきうけ,2,subscription,株式等の発行の場合,,,,,
引受け,ひきうけ,3,underwriting,証券の元引受の場合,,,,,
引受け,ひきうけ,4,acceptance,手形等の場合,,,,,
引受価額,ひきうけかがく,,subscription price,,,,,,
引受人,ひきうけにん,1,guarantor,債務の場合,,,,,
引受人,ひきうけにん,2,subscriber,株式等の発行の場合,,,,,
引受人,ひきうけにん,3,underwriter,証券の元引受の場合,,,,,
引受人,ひきうけにん,4,acceptor,手形等の場合,,,,,
被疑事実,ひぎじじつ,,alleged facts of crime,,,,,,
被疑者,ひぎしゃ,,suspect,,,,,,
引継ぎ,ひきつぎ,1,succession,,,,,,
引継ぎ,ひきつぎ,2,handing over,,,,,,
引継ぎ,ひきつぎ,3,transfer,,,,,,【動詞】引き継ぐ： hand over
非業務執行取締役,ひぎょうむしっこうとりしまりやく,,non-executive director,,,,,,
非居住者,ひきょじゅうしゃ,,non-resident,,,,,,
引渡し,ひきわたし,1,delivery,現実の物の引渡,,,,,
引渡し,ひきわたし,2,transfer,占有の移転,,,,,
引渡し,ひきわたし,3,extradition,犯罪人引渡し,,,,,
引渡命令,ひきわたしめいれい,,delivery order,,,,,【注】 不動産の場合,
非現住建造物,ひげんじゅうけんぞうぶつ,,uninhabited building,,,,,,
被後見人,ひこうけんにん,,ward,,,,,,
被控訴人,ひこうそにん,,appellee,,,,,,
被告,ひこく,,defendant,,,,,,
被告事件,ひこくじけん,1,case under public prosecution,,,,,【注】公訴提起前の「被疑事件」と区別するための「被告事件」という意味でcase under public prosecutionと訳した。なお、日本では検察も捜査するため、送致後起訴前も含む感覚を避ける場合には、第２候補を使用。,
被告事件,ひこくじけん,2,case charged to the court,,,,,,
被告適格,ひこくてきかく,,standing to be sued,,,,,,
被告人,ひこくにん,1,accused,,,,,【注】主として英国系。,
被告人,ひこくにん,2,defendant,,,,,【注】主として米国系。,
被災者,ひさいしゃ,,disaster victim,,,,,,
被収容者,ひしゅうようしゃ,1,inmate,被収容者一般の場合,,,,"【注】国連人権Ｂ規約第５回政府報告書において、prison、prisonerという表現を避け、「被収容者」inmate、「受刑者」sentenced inmate、「未決被収容者」unsentenced inmateに統一する扱いとなったが、""inmate""は単独で「受刑者」の意味を持ちうる語であるため、本辞書においては、「受刑者」については""inmate""部分に""person""を充てたsentenced personを、「未決被収容者」については""detainee""を充てたunsentenced detaineeを選定した。",
被収容者,ひしゅうようしゃ,2,sentenced person,受刑者の場合,,,,,
被収容者,ひしゅうようしゃ,3,unsentenced detainee,未決被収容者の場合,,,,,
被収容者,ひしゅうようしゃ,4,detainee,入管法上の収容,,,,,
批准,ひじゅん,,ratification,,,,,,
被上告人,ひじょうこくにん,,appellee (of final appeal),,,,,,
非常災害,ひじょうさいがい,,extraordinary disaster,,,,,,
非訟事件,ひしょうじけん,,non-contentious case,,,,,,
非常上告,ひじょうじょうこく,,extraordinary appeal to the court of last resort,,,,,,
被審人,ひしんにん,,respondent,,,,,,
被請求人,ひせいきゅうにん,1,claimee,,,,,,
被請求人,ひせいきゅうにん,2,demandee,,,,,,
被請求人,ひせいきゅうにん,3,respondent,,特許無効審判の被請求人,respondent in a trial for patent invalidation,,,
被相続人,ひそうぞくにん,,decedent,,,,,,
卑属,ひぞく,,descendant,,,,,,
被担保債権,ひたんぽさいけん,,secured claim,,,,,,
…備置開始日,…びちかいしび,,start date for keeping …,,吸収合併契約等備置開始日,start date for keeping the absorption-type merger agreement documents,,,
…備置開始日,…びちかいしび,,start date for keeping …,,組織変更計画備置開始日,start date for keeping an entity conversion plan,,,
必要な措置,ひつようなそち,,necessary measure,,,,,,
必要費,ひつようひ,,necessary expenses,,,,,,
人,ひと,,person,,,,,,
ひな形,ひながた,1,model,,,,,,
ひな形,ひながた,2,form,,,,,,
ひな形,ひながた,3,template,,,,,,
否認,ひにん,,denial,,,,,,
否認権,ひにんけん,1,right of avoidance,倒産法上の否認の場合,,,,,
否認権,ひにんけん,2,right of rebuttal,民法775条の否認の場合,,,,,
否認権の行使,ひにんけんのこうし,,exercise of right of avoidance,,,,,,
否認の請求,ひにんのせいきゅう,,request for avoidance,,,,,,
被保険者,ひほけんしゃ,,insured,,,,,,
被保護者,ひほごしゃ,1,aided person,,,,,,
被保護者,ひほごしゃ,2,ward,,,,,,
被保佐人,ひほさにん,,person under curatorship,,,,,,
被補助人,ひほじょにん,,person under assistantship,,,,,,
秘密証書遺言,ひみつしょうしょいごん,,sealed and notarized will,,,,,,
秘密保持義務,ひみつほじぎむ,,duty of confidentiality,,,,,,
秘密保持命令,ひみつほじめいれい,1,protective order,,,,,,
秘密保持命令,ひみつほじめいれい,2,confidentiality order,,,,,,
罷免,ひめん,,dismissal,,,,,,【動詞】罷免する: dismiss
被申立担保権者,ひもうしたてたんぽけんしゃ,,designated security right holder,,,,,【注】（出典）破産法186条以下、会社更生法104条以下,
被申立人,ひもうしたてにん,,respondent,,,,,,
日雇労働者,ひやといろうどうしゃ,,day worker,,,,,,
費用,ひよう,1,expense,,,,,,
費用,ひよう,2,cost,,,,,,
評価益,ひょうかえき,,revaluation gain,,,,,,
評価額,ひょうかがく,,estimated amount,,,,,【注】（出典）破産法103条2項1号、会社更生法136条1項3号,
評価・換算差額等,ひょうか・かんさんさがくとう,,valuation and translation adjustments,会計勘定科目,,,,,
評価済債権,ひょうかずみさいけん,,valued claim,,,,,【注】（出典）民事再生法230条8項,
評価損,ひょうかぞん,,revaluation loss,,,,,,
評議員,ひょうぎいん,,councilor,,,,,,
表決,ひょうけつ,,vote,,,,,,
表見支配人,ひょうけんしはいにん,,apparent manager,,,,,,
表見代表執行役,ひょうけんだいひょうしっこうやく,,apparent representative executive officer,,,,,,
表見代表取締役,ひょうけんだいひょうとりしまりやく,,apparent representative director,,,,,,
表見代理,ひょうけんだいり,,apparent authority,,,,,,
表示,ひょうじ,1,indication,原則,事件の表示,indication of the case,民事訴訟規則第66条,,
表示,ひょうじ,2,representation,景表法等における表示,,,,,
表示,ひょうじ,3,manifestation,意思等の表示,,,,,
表示,ひょうじ,4,label (labeling),レッテル等による表示,,,,,
表示,ひょうじ,5,mark,刻印等による表示,,,,,
標示,ひょうじ,1,表示と同義の場合は、「表示」を参照。,,,,,,
標示,ひょうじ,2,marking,名称等の標示の場合,道路標示　道路の交通に関し、規制又は指示を表示する標示で、路面に描かれた道路鋲、ペイント、石等による線、記号又は文字をいう,"road marking:　a marking depicted on a road surface with raised road markers, paint, lines comprising stones, etc., symbols, or letters to show road traffic regulations or instructions",道路交通法第2条第1項第16号,,
標示,ひょうじ,3,sign,,標示を設置する,install a sign,災害対策基本法施行令第32条第1項,,
標識,ひょうしき,,sign,,道路標識　道路の交通に関し、規制又は指示を表示する標示板をいう,road sign:　a sign board that shows road traffic regulations or instructions,道路交通法第2条第1項第15号,,
被用者,ひようしゃ,,employee,,,,,,
標準報酬,ひょうじゅんほうしゅう,,amount of standard (monthly) remuneration,,,,,,
標章,ひょうしょう,,mark,,,,,,
評定,ひょうてい,1,evaluation,,,,,,
評定,ひょうてい,2,rating,,,,,,
評定,ひょうてい,3,valuation,,,,,,
費用の仮支弁,ひようのかりしべん,,making temporary payment of expenses,,,,,【注】（出典）破産法23条,
費用の賠償,ひようのばいしょう,,compensation for expenses,,,,,,
品種登録出願,ひんしゅとうろくしゅつがん,,application for variety registration,,,,,,
封印,ふういん,,seal,,,,,,
風説,ふうせつ,,rumor,,,,,,
風俗営業,ふうぞくえいぎょう,,adult entertainment business,,,,,,
風俗を害する行為,ふうぞくをがいするこうい,,act prejudicial to good morals,,,,,,
夫婦,ふうふ,,husband and wife,,,,,,
夫婦財産契約,ふうふざいさんけいやく,,prenuptial agreement,,,,,,
夫婦財産制,ふうふざいさんせい,,marital property system,,,,,,
不確定期限,ふかくていきげん,1,uncertain due date,,,,,,
不確定期限,ふかくていきげん,2,unfixed period of time,,,,,,
不確定期限,ふかくていきげん,3,indefinite period of time,,,,,,
付加刑,ふかけい,,supplementary punishment,,,,,,
不可抗力,ふかこうりょく,,force majeure,,,,,,
不可分債権,ふかぶんさいけん,,indivisible claim,,,,,,
不可分債務,ふかぶんさいむ,,indivisible obligation,,,,,,
付記,ふき,,supplementary note,,,,,,
付記登記,ふきとうき,,supplemental registration,,,,,【注】主登記: principal registration,
副検事,ふくけんじ,,assistant public prosecutor,,,,,,
復職,ふくしょく,,reinstatement,,,,,,
複製,ふくせい,,reproduction,,,,,,【動詞】複製する: reproduce
複製権,ふくせいけん,,right of reproduction,,,,,,
複製物,ふくせいぶつ,,copy,,,,,,
復代理人,ふくだいりにん,,subagent,,,,,,
付合,ふごう,,accession,,,,,,
不公正な,ふこうせいな,,unfair,,,,,,
不公正な取引方法,ふこうせいなとりひきほうほう,,unfair trade practice,,,,,,
布告,ふこく,1,declaration,,,,,,
布告,ふこく,2,proclamation,,,,,,
不在者,ふざいしゃ,,absentee,,,,,,
不作為,ふさくい,,inaction,,,,,,
不実,ふじつ,1,untrue,,,,,,
不実,ふじつ,2,false,,,,,,
不実の記載・不実記載,ふじつのきさい・ふじつきさい,1,untrue entry,,,,,,
不実の記載・不実記載,ふじつのきさい・ふじつきさい,2,false entry,,,,,,
不実の記載・不実記載,ふじつのきさい・ふじつきさい,3,untrue statement,,,,,,
不実の記載・不実記載,ふじつのきさい・ふじつきさい,4,false statement,,,,,,
付従性,ふじゅうせい,,accessoriness,,地役権の付従性,accessoriness of servitudes,民法第281条,,
不出頭,ふしゅっとう,,nonappearance,,,,,,
扶助,ふじょ,,support,,,,,,
侮辱,ぶじょく,,insult,,,,,,【動詞】侮辱する: insult
婦人補導院,ふじんほどういん,,women's guidance home,,,,,,
不正競争,ふせいきょうそう,,unfair competition,,,,,,
不誠実な,ふせいじつな,1,dishonest,,不正または不誠実な行為,a wrongful or dishonest act,,,
不誠実な,ふせいじつな,1,dishonest,,,,,,【副詞】dishonestly
不誠実な,ふせいじつな,2,bad-faith,,,,,,【副詞】in bad faith
不正指令電磁的記録,ふせいしれいでんじてききろく,,electronic or magnetic record containing unauthorized commands,,,,,,
不正な,ふせいな,1,wrongful,原則,,,,,
不正な,ふせいな,2,unlawful,違法・非合法,,,,,
不正な,ふせいな,3,unfair,不公正,,,,,
不正な,ふせいな,4,unauthorized,無権限,不正使用,unauthorized use,,,
附則,ふそく,,supplementary provisions,,,,,,
附属施設,ふぞくしせつ,1,auxiliary facility,,,,,,
附属施設,ふぞくしせつ,2,adjunct facility,,,,,,
附属施設,ふぞくしせつ,3,attached facility,,,,,,
附属書,ふぞくしょ,,annex,,,,,,
附属書類,ふぞくしょるい,,annexed document,,,,,,
附属明細書,ふぞくめいさいしょ,,detailed statement annexed to …,,計算書類及び事業報告並びにこれらの附属明細書は、電磁的記録をもって作成することができる。,"The financial statements, business report, and detailed statements annexed to them may be prepared in the form of an electronic or magnetic record.",保険業法第54条の3第3項,,
附属明細書,ふぞくめいさいしょ,,detailed statement annexed to …,,（附属明細書）第三十三条 各事業年度に係る計算書類の附属明細書には、次に掲げる事項のほか、貸借対照表及び損益計算書の内容を補足する重要な事項を表示しなければならない。,"(Detailed Statements Annexed to Financial Statements) Article 33 Detailed statements annexed to financial statements for each business year must indicate important matters that are supplementary to the content of a balance sheet and a profit and loss statement, in addition to the following matters:",一般社団法人及び一般財団法人に関する法律施行規則第33条,,
附属明細書,ふぞくめいさいしょ,,detailed statement annexed to …,,,,,"【注】条文の見出しなどにおいて、「附属明細書」が単独で用いられている場合、まずは本文や引用元を確認し、何に対する「附属明細書」なのかが簡単かつ明確に判断できる場合は、上記の【例】の、一般社団法人及び一般財団法人に関する法律施行規則第33条の場合のように、その部分を補って訳すこと。それが困難である場合については、あまり推奨されない表現かも知れないが、 ""annexed detailed statement"" を用いること。",
附帯の,ふたいの,,incidental,,,,,,
負担する,ふたんする,1,bear,債務等を負担する場合,都道府県は、第五十七条第一号から第四号までの費用に対して、政令で定めるところにより、その三分の二を負担する。,"Prefectural governments bear two-thirds of the expenses referred to in Article 57, items (i) through (iv) pursuant to the provisions of Cabinet Order.",感染症の予防及び感染症の患者に対する医療に関する法律第59条,,
負担する,ふたんする,2,share,「債務等を分け合って負担する」の意味で使用する場合,国民は、共同連帯の理念に基づき、介護保険事業に要する費用を公平に負担するものとする,"Citizens are to share equally the expenses necessary for an insured long-term care project, based on the principle of cooperation and solidarity.",介護保険法第4条第2項,,
負担する,ふたんする,3,incur,「債務等を自ら負担することにする」又は「債務等を負担することになってしまう」場合,国が選定事業について債務を負担する場合には、当該債務を負担する行為により支出すべき年限は、当該会計年度以降三十箇年度以内とする,"If the national government incurs a debt for a selected project, the maximum term during which the government is able to make expenditures based on the act by which it incurs that debt is hereby set at 30 fiscal years, beginning in the relevant fiscal year.",民間資金等の活用による公共施設等の整備等の促進に関する法律第68条,,
負担する,ふたんする,4,owe,「他者に対して金銭的な給付を行う債務を負う」の意味で使用する場合,破産債権者は、破産手続開始の時において破産者に対して債務を負担するときは、破産手続によらないで、相殺をすることができる,"If a bankruptcy creditor owes a debt to the bankrupt at the time bankruptcy proceedings commence, it may effect a set-off without going through bankruptcy proceedings.",破産法第67条第1項,,
負担付遺贈,ふたんつきいぞう,1,legacy with burden,,,,,,
負担付遺贈,ふたんつきいぞう,2,conditioned legacy,,,,,,
負担付贈与,ふたんつきぞうよ,1,gift with burden,,負担付贈与の申込みを承諾し、又は負担付遺贈を承認すること,"accept the offer of gift with burden, or accept any legacy with burden",民法第13条第1項第7号,,
負担付贈与,ふたんつきぞうよ,2,conditioned gift,,,,,,
負担部分,ふたんぶぶん,1,contribution,,,,,,
負担部分,ふたんぶぶん,2,share,,,,,,
普通裁判籍,ふつうさいばんせき,,general venue,,,,,,
普通法人,ふつうほうじん,,ordinary corporation,,,,,,
復権,ふっけん,1,restoration of rights,有罪の言渡しを受けた者の恩赦による復権の場合,,,,,
復権,ふっけん,2,release from (bankruptcy) restrictions,破産者等の復権の場合,破産手続開始の決定を受けて復権を得ない者,a person subject to an order commencing bankruptcy proceeding that has not been released from bankruptcy restrictions,,,
復権,ふっけん,2,release from (bankruptcy) restrictions,破産者等の復権の場合,破産者で復権を得ないもの,a bankrupt that has not been released from bankruptcy restrictions,,,
物権,ぶっけん,1,property,,,,,,
物権,ぶっけん,2,real right,,,,,,
物権,ぶっけん,3,right in rem,,,,,,
物件,ぶっけん,1,item,,,,,,
物件,ぶっけん,2,object,,,,,,
物上代位,ぶつじょうだいい,,extension of a security interest to the proceeds of the collateral,,,,,,
物上保証人,ぶつじょうほしょうにん,,third-party collateral provider,,,,,,
不貞な行為,ふていなこうい,1,unchaste act,,,,,,
不貞な行為,ふていなこうい,2,act of infidelity,,,,,,
不適法で・不適法な,ふてきほうで・ふてきほうな,1,not in accordance with the law,,訴えが不適法でその不備を補正することができないときは、裁判所は、口頭弁論を経ないで、判決で、訴えを却下することができる。,"If an action is not in accordance with the law and this defect cannot be corrected, the court may enter a judgment to dismiss the action without prejudice, without hearing oral arguments.",民事訴訟法第140条,,
不適法で・不適法な,ふてきほうで・ふてきほうな,2,defective,,（不適法な申立ての却下）,（Dismissal of Defective Petitions）,労働審判法第6条見出し,,
不適法で・不適法な,ふてきほうで・ふてきほうな,2,defective,,（不適法な手続の却下）,（Dismissal of Defective Procedures）,特許法第18条の2見出し,,
不適法で・不適法な,ふてきほうで・ふてきほうな,2,defective,,（不適法な審判請求の審決による却下）,（Dismissal of Defective Requests for Trial or Appeal Through a Decision on Trial or Appeal）,特許法第135条見出し,,
不適当な,ふてきとうな,,inappropriate,,,,,,
不同意性交等,ふどういせいこうとう,,penetrative sexual assault,,（不同意性交等）,(Penetrative Sexual Assault),刑法第177条見出し,,
不同意わいせつ,ふどういわいせつ,,indecent assault,,（不同意わいせつ）,(Indecent Assault),刑法第176条見出し,,
不当景品類,ふとうけいひんるい,,unjustifiable premiums,,,,,,
不動産,ふどうさん,1,immovables,,,,,,
不動産,ふどうさん,2,immovable property,,,,,,
不動産,ふどうさん,3,real property,,,,,"【注】""real property""は、(動産movables / movable property) に対する概念でないときに限り使用する。",
不動産鑑定士,ふどうさんかんていし,,real estate appraiser,,,,,,
不動産質,ふどうさんしち,,pledge of real property,,,,,,
不動産所得,ふどうさんしょとく,,real property income,,,,,,
不当な,ふとうな,1,unjust,原則,,,,,
不当な,ふとうな,2,unreasonable,判断・取引制限等の不合理,不当な取引制限,unreasonable restraint of trade,,,
不当な,ふとうな,3,unfair,取引慣行の不公正,,,,,
不当な,ふとうな,4,undue,程度が甚だしい場合,不当な義務,undue obligation,,,
不当表示,ふとうひょうじ,,misleading representation,,,,,,
不当利得,ふとうりとく,,unjust enrichment,,,,,,
不特定多数の者,ふとくていたすうのもの,,unspecified and large number of persons,,,,,,
船荷証券,ふなにしょうけん,,bill of lading,,,,,,
不能条件,ふのうじょうけん,,impossible condition,,,,,【注】（出典）民法133条見出し,
賦払金,ぶばらいきん,,installment (amount),,,,,,
不服,ふふく,1,dissatisfaction,,,,,,
不服,ふふく,2,complaint,,,,,,
不服,ふふく,3,objection,,,,,,
不服申立て,ふふくもうしたて,,appeal,,,,,,
不服を申し立てることができない,ふふくをもうしたてることができない,,no appeal may be entered,,,,,,
不変期間,ふへんきかん,,inalterable period,,,,,,
不法,ふほう,1,unlawful,,,,,,
不法,ふほう,2,illegal,,,,,,
不法行為,ふほうこうい,1,tort,,,,,,
不法行為,ふほうこうい,2,tortious act,行為に力点がある場合,不法行為により生じた債権,claim arising from tortious acts,民法第509条,,
不法行為者,ふほうこういしゃ,,tortfeasor,,共同不法行為者の責任,liability of joint tortfeasors,民法第719条見出し,,
不法条件,ふほうじょうけん,,unlawful condition,,不法な条件を付した法律行為は、無効とする,juridical act which is subject to an unlawful condition is void,民法第132条,,
付与,ふよ,,grant,,,,,【注】 執行文の場合,
扶養,ふよう,1,support,原則,,,,,
扶養,ふよう,2,maintenance,扶養料を意味する場合,,,,,
扶養義務,ふようぎむ,1,duty to support,,,,,,
扶養義務,ふようぎむ,2,maintenance obligation,,,,,,
扶養義務者,ふようぎむしゃ,,person under duty to support,,,,,,
扶養控除,ふようこうじょ,,dependency exemption,,,,,,
扶養親族,ふようしんぞく,,dependent relative,,,,,,
不利益,ふりえき,1,detriment,disadvantageより強い不利益の場合,条件が成就することによって不利益を受ける当事者が故意にその条件の成就を妨げたときは、相手方は、その条件が成就したものとみなすことができる。,"In cases any party who will suffer any detriment as a result of the fulfillment of a condition intentionally prevents the fulfillment of such condition, the counterparty may deem that such condition has been fulfilled.",民法第130条,,
不利益,ふりえき,1,detriment,disadvantageより強い不利益の場合,,,,,"【形容詞】不利益な: adverse, detrimental"
不利益,ふりえき,2,disadvantage,,,,,,
不利益処分,ふりえきしょぶん,,adverse disposition,,,,,,
不利益な事実,ふりえきなじじつ,,disadvantageous fact,,,,,,
振替,ふりかえ,1,book-entry,社債、株式等の振替の場合,振替外債,book-entry foreign-issued bond,,,
振替,ふりかえ,1,book-entry,社債、株式等の振替の場合,振替株式,book-entry share,,,
振替,ふりかえ,1,book-entry,社債、株式等の振替の場合,振替機関,book-entry transfer institution,,,
振替,ふりかえ,1,book-entry,社債、株式等の振替の場合,振替業,book-entry transfer business,,,
振替,ふりかえ,1,book-entry,社債、株式等の振替の場合,振替口座簿,book-entry account register,,,
振替,ふりかえ,1,book-entry,社債、株式等の振替の場合,振替社債,book-entry corporate bond,,,
振替,ふりかえ,1,book-entry,社債、株式等の振替の場合,振替受益権,book-entry beneficial interest,,,
振替,ふりかえ,2,transfer,,前項に規定する特別国際金融取引勘定（以下この項及び次条第二項において「特別国際金融取引勘定」という。）とその他の勘定との間における資金の振替その他の特別国際金融取引勘定の経理に関する事項及び特別国際金融取引勘定において経理される取引又は行為に関し当該取引又は行為の相手方が非居住者であることの確認その他必要な事項については、政令で定める。,"Cabinet Order prescribes matters concerning the accounting handled on the special international financial transactions account prescribed in the preceding paragraph (referred to below as the ""special international financial transactions account"" in this paragraph and paragraph (2) of the following Article), such as transfers of funds between the special international financial transactions account and other accounts, and also prescribes the confirmation of the fact that the other party to a transaction or act booked on the special international financial transactions account is a non-resident, and other necessary matters.",外国為替及び外国貿易法第21条第4項,,
振替供給,ふりかえきょうきゅう,,cross-area wheeling service,,,,,,
文化芸術活動,ぶんかげいじゅつかつどう,,cultural and artistic activity,,,,,,
文化芸術団体,ぶんかげいじゅつだんたい,,cultural and artistic group,,,,,,
文化財,ぶんかざい,,cultural property,,,,,,
文化財保護,ぶんかざいほご,,protection of cultural properties,,,,,,
文化財保護委員会,ぶんかざいほごいいんかい,,National Commission for Protection of Cultural Properties,,,,,,
文化施設,ぶんかしせつ,,cultural facilities,,,,,,
文化審議会,ぶんかしんぎかい,,Council for Cultural Affairs,,,,,,
分割会社,ぶんかつかいしゃ,,split company,,,,,,
分割債権,ぶんかつさいけん,,divisible claim,,,,,,
分割債務,ぶんかつさいむ,,divisible obligation,,,,,,
分割払い,ぶんかつばらい,,installment payments,,,,,,
文化的,ぶんかてき,,civilized,,広く国民が自然環境の恵沢を享受するとともに、将来の国民にこれを継承できるようにし、もつて現在及び将来の国民の健康で文化的な生活の確保に寄与することを目的とする。,"to make it possible for citizens in general to enjoy the benefits of the natural environment, and for future citizens to inherit those benefits…thus contributing to securing a healthy and civilized lifestyle for current and future citizens",自然環境保全法第1条,,
文書,ぶんしょ,,document,,,,,,
文書提出命令,ぶんしょていしゅつめいれい,,order to submit a document,,,,,,
粉じん,ふんじん,,particulate,,,,,,
粉じん発生施設,ふんじんはっせいしせつ,,particulate discharging facility,,,,,,
紛争,ふんそう,1,dispute,原則,,,,,
紛争,ふんそう,2,conflict,国家間等の紛争,,,,,
紛争解決機関,ふんそうかいけつきかん,,dispute resolution organization,,,,,,
紛争解決手続,ふんそうかいけつてつづき,,dispute resolution procedures,,,,,,
紛争調整委員会,ふんそうちょうせいいいんかい,,dispute coordinating committee,,,,,,
分配,ぶんぱい,,distribution,,,,,,【動詞】分配する: distribute
分配可能額,ぶんぱいかのうがく,,distributable amount,,,,,,
分離課税,ぶんりかぜい,,separate taxation,,,,,,
平穏に、かつ、公然と,へいおんに、かつ、こうぜんと,,peacefully and openly,,二十年間、所有の意思をもって、平穏に、かつ、公然と他人の物を占有した者は、その所有権を取得する。,A person who possesses another person's property for 20 years peacefully and openly with an intention to own acquires the ownership thereof,民法第162条,,
併科,へいか,,cumulative imposition,,,,,,
閉会,へいかい,,closing (of meeting),,,,,,
平均賃金,へいきんちんぎん,,average wage,,,,,,
併合,へいごう,1,consolidation,株式の場合,株式会社は、株式の併合をすることができる,A stock company may consolidate its shares,会社法第180条第1項,,
併合,へいごう,2,annexation,領土の場合,,,,,
併合,へいごう,3,joinder,,,,,,
併合罪,へいごうざい,,consolidated punishment,,,,,,
併合請求,へいごうせいきゅう,,joint claim,,,,,,
併存的債務引受,へいぞんてきさいむひきうけ,,cumulative assumption of an obligation,,,,,,
別記様式,べっきようしき,,appended form,,,,,,
別除権,べつじょけん,,right of separate satisfaction,,,,,【注】準別除権: quasi-right of separate satisfaction（前記「準別除権」参照）,
別除権者,べつじょけんしゃ,,holder of a right of separate satisfaction,,,,,【注】準別除権者: holder of a quasi-right of separate satisfaction（前記「準別除権者」参照）,
別除権の目的である財産の受戻し,べつじょけんのもくてきであるざいさんのうけもどし,,redemption of collateral subject to a right of separate satisfaction,,,,,,
別段の,べつだんの,1,other,,,,,,
別段の,べつだんの,2,otherwise,副詞,ただし、定款に別段の定めがあるときは、この限りでない,"provided, however, that, this does not apply in the case where it is otherwise provided in the articles of incorporation",民法第38条第1項,,
別段の,べつだんの,3,different,,,,,,
別段の定めがある場合を除き,べつだんのさだめがあるばあいをのぞき,,unless otherwise provided for,,,,,,
別に法律で定める日,べつにほうりつでさだめるひ,,the date specified separately by law,,,,,,
別表第…,べっぴょうだい…,,appended table … (Re: Art. …),,,,,,
編,へん,,Part,,第１編,Part I,,,
編曲,へんきょく,,(musical) arrangement,,,,,,【動詞】編曲する: arrange
変更登録,へんこうとうろく,,registration of change,,,,,,
変更の判決,へんこうのはんけつ,,judgment for modification,,,,,,
変更命令,へんこうめいれい,,order to change,,,,,,
弁護士,べんごし,,attorney (at law),,,,,,
弁護士会,べんごしかい,,bar association,,,,,,
弁護士法人,べんごしほうじん,,legal professional corporation,,弁護士、弁護士法人又は公証人の職務に関する債権,"Any claim regarding the duties of an attorney, a legal professional corporation, or a notary",民法第172条第1項,,
弁護人,べんごにん,,defense counsel,,,,,,
弁済,べんさい,1,performance,原則,,,,,
弁済,べんさい,2,payment,,,,,,
弁済,べんさい,3,delivery,,,,,,
弁済期,べんさいき,1,due date,,,,,,
弁済期,べんさいき,2,time of performance,,,,,,
弁済期間,べんさいきかん,,payment period,,,,,,
弁済の禁止,べんさいのきんし,,prohibition of payments,,,,,,
変死者,へんししゃ,,person who died an unnatural death,,,,,,
編集物,へんしゅうぶつ,,compilation,,,,,,
弁償,べんしょう,1,compensation,,,,,,
弁償,べんしょう,2,reimbursement,,…及び政令の定めるところによりその職務を行うために要する費用の弁償を受けるものとする,…also be reimbursed for necessary expenses incurred in performing their duties as specified by Cabinet Order,労働組合法第19条の8,,
弁償,べんしょう,2,reimbursement,,,,,,【動詞】弁償する: reimburse
変造,へんぞう,,alteration,,,,,,【動詞】変造する: alter
変動所得,へんどうしょとく,,fluctuating income,,,,,,
弁明,べんめい,,explanation,,,,,,
弁理士,べんりし,,patent attorney,,,,,,
弁理士登録簿,べんりしとうろくぼ,,patent attorney register,,,,,,
返戻金,へんれいきん,,refund,,,,,,
弁論,べんろん,,oral argument,口頭弁論,,,,【注】oral argumentは、日本の「口頭弁論」より狭い,
弁論準備手続,べんろんじゅんびてつづき,,preparatory proceedings,,,,,,
弁論準備手続調書,べんろんじゅんびてつづきちょうしょ,,record of preparatory proceedings,,,,,,
弁論能力,べんろんのうりょく,,ability to participate in oral argument,,,,,,
保安,ほあん,,safety,,,,,,
保安委員会,ほあんいいんかい,,safety committee,,,,,,
保安監督員,ほあんかんとくいん,,safety inspector,,,,,,
法,ほう,1,Act,法律名に使う場合の原則,商標法,Trademark Act,,,
法,ほう,2,Code,憲法以外の六法に属する法典,民法,Civil Code,,,
法,ほう,2,Code,憲法以外の六法に属する法典,刑法,Penal Code (Criminal Code),,,
法,ほう,2,Code,憲法以外の六法に属する法典,商法,Commercial Code,,,
法,ほう,2,Code,憲法以外の六法に属する法典,民事訴訟法,Code of Civil Procedure,,,
法,ほう,2,Code,憲法以外の六法に属する法典,刑事訴訟法,Code of Criminal Procedure,,,
法,ほう,3,law,いわゆる一般名称や科目名としての法律,法による,by law,,,
放火,ほうか,,arson,,,,,,【動詞】放火する: set fire
包括遺贈,ほうかついぞう,1,universal legacy,,,,,,
包括遺贈,ほうかついぞう,2,universal bequest,,,,,,
包括受遺者,ほうかつじゅいしゃ,,universal legatee,,,,,,
包括的禁止命令,ほうかつてききんしめいれい,,comprehensive prohibitory injunction,,,,,,
放棄,ほうき,1,waiver,権利を放棄する場合,,,,,【動詞】放棄する: waive
放棄,ほうき,2,renunciation,相続など地位を放棄する場合,相続の承認及び放棄,Acceptance and Renunciation of Succession,民法第5編第4章見出し,,
放棄,ほうき,2,renunciation,相続など地位を放棄する場合,,,,,【動詞】放棄する: renounce
放棄,ほうき,3,abandonment,知的財産法における出願や登録を放棄する場合,,,,,
俸給,ほうきゅう,,salary,,,,,,
俸給表,ほうきゅうひょう,,salary schedule,,,,,,
防御,ぼうぎょ,,defense,,,,,,
防御権,ぼうぎょけん,,right to defense,,,,,,
傍系血族,ぼうけいけつぞく,,collateral relative by blood,,,,,,
傍系親族,ぼうけいしんぞく,,collateral relative,,,,,,
暴行,ぼうこう,,(criminal) assault,,,,,,【動詞】暴行する: assault
報告,ほうこく,,report,,報告義務,duty to report,外国倒産処理手続の承認援助に関する法律第46条,,
報告,ほうこく,,report,,,,,,【動詞】報告する: report
報告書,ほうこくしょ,,written report,,,,,,
防護標章,ぼうごひょうしょう,,defensive mark,,,,,,
防護標章登録,ぼうごひょうしょうとうろく,,defensive mark registration,,,,,,
防護標章登録証,ぼうごひょうしょうとうろくしょう,,defensive mark registration certificate,,,,,,
防災,ぼうさい,,disaster prevention,,,,,,
防災会議,ぼうさいかいぎ,,disaster prevention council,,,,,,
防災基本計画,ぼうさいきほんけいかく,,basic disaster prevention plan,,,,,,
防災訓練,ぼうさいくんれん,,disaster prevention drill,,,,,,
防災計画,ぼうさいけいかく,,disaster prevention plan,,,,,,
方式,ほうしき,1,form,形式,,,,,
方式,ほうしき,2,method,方法,,,,,
方式,ほうしき,3,formality,要式行為における方式,外国に在る日本人間の縁組の方式,formalities for adoption between Japanese nationals in foreign country,民法第801条,,
亡失,ぼうしつ,,loss,,,,,,
放射線障害,ほうしゃせんしょうがい,,radiation damage,,,,,,
報酬,ほうしゅう,1,reward,一般的な場合,,,,,
報酬,ほうしゅう,2,compensation,役員報酬等の場合,最高裁判所の裁判官は、すべて定期に相当額の報酬を受ける。この報酬は、在任中、これを減額することができない。,"All such judges receive, at regular stated intervals, adequate compensation which may not be decreased during their terms of office",日本国憲法第79条第6項,,
報酬,ほうしゅう,3,remuneration,役員報酬等の場合,,,,,
報酬委員会,ほうしゅういいんかい,,compensation committee,,,,,,
幇助,ほうじょ,,accessoryship,,,,,,
防除,ぼうじょ,1,prevention,,,,,,
防除,ぼうじょ,2,control,,,,,,
報償金,ほうしょうきん,1,compensation,,,,,,
報償金,ほうしょうきん,2,remuneration,,,,,,
法人,ほうじん,1,corporation,原則,,,,,
法人,ほうじん,2,juridical person,学問的な場合,,,,,
法人格,ほうじんかく,,legal personality,,,,,,
法人課税信託,ほうじんかぜいしんたく,,trust subject to corporation taxation,,,,,,
法人たる事業者,ほうじんたるじぎょうしゃ,,person doing business as a corporation,,,,,,
法人でない社団又は財団,ほうじんでないしゃだんまたはざいだん,,unincorporated association or foundation,,,,,,
法人でない団体,ほうじんでないだんたい,,organization without legal personality,,,,,,
法制上の措置,ほうせいじょうのそち,,legislative measures,,,,,,
放送,ほうそう,1,broadcast,,,,,,【動詞】放送する: broadcast
放送,ほうそう,2,broadcasting,,,,,,
放送権,ほうそうけん,,right of broadcasting,,,,,,
傍聴,ぼうちょう,1,observation,,,,,,【動詞】傍聴する: observe
傍聴,ぼうちょう,2,listening,,,,,,【動詞】傍聴する: listen
傍聴,ぼうちょう,3,attendance,,,,,,【動詞】傍聴する: attend
傍聴人,ぼうちょうにん,1,audience,,,,,,
傍聴人,ぼうちょうにん,2,observer,,,,,,
法廷,ほうてい,1,court,,,,,,
法廷,ほうてい,2,tribunal,,,,,,
法定果実,ほうていかじつ,,civil fruits,,,,,,
法定財産制,ほうていざいさんせい,,statutory property system,,,,,,
法定充当,ほうていじゅうとう,,statutory appropriation,,,,,,
法定受託事務,ほうていじゅたくじむ,,statutory entrusted function,,,,,,
法定代位,ほうていだいい,,statutory subrogation,,,,,,
法定代理人,ほうていだいりにん,,legal representative,,未成年者が法律行為をするには、その法定代理人の同意を得なければならない。,A minor must obtain the consent of their legal representative to perform a juridical act.,民法第5条第1項本文,,
法定地上権,ほうていちじょうけん,,statutory superficies,,,,,,
法定追認,ほうていついにん,,statutory ratification,,,,,【注】（出典）民法125条見出し,
法定利息,ほうていりそく,,statutory interest,,,,,,
法定利率,ほうていりりつ,,statutory interest rate,,…その損害賠償の額は、…法定利率によって定める。,The amount of damages … is determined with reference to the statutory interest rate.,民法第419条第1項,,
放免,ほうめん,,release,,,,,,
方面総監,ほうめんそうかん,,"Commanding General of Army, Ground Self-Defense Force",,,,,,
法律,ほうりつ,1,law,法律一般としての意味の場合,,,,,
法律,ほうりつ,2,Act,法律名に用いる場合,,,,,
法律,ほうりつ,3,Code,いわゆる法典,民法,Civil Code,,,
法律,ほうりつ,3,Code,いわゆる法典,刑法,Penal Code,,,
法律,ほうりつ,3,Code,いわゆる法典,商法,Commercial Code,,,
法律,ほうりつ,3,Code,いわゆる法典,民事訴訟法,Code of Civil Procedure,,,
法律,ほうりつ,3,Code,いわゆる法典,刑事訴訟法,Code of Criminal Procedure,,,
法律関係,ほうりつかんけい,,legal relationship,,,,,,
法律行為,ほうりつこうい,,juridical act,,公の秩序又は善良の風俗に反する事項を目的とする法律行為は、無効とする,a juridical act with any purpose which is against public policy is void,民法第90条,,
法律事件,ほうりつじけん,,legal case,,,,,,
法律事務,ほうりつじむ,,legal services,,,,,,
暴力主義的破壊活動,ぼうりょくしゅぎてきはかいかつどう,,terroristic subversive activity,,,,,,
暴力団,ぼうりょくだん,,organized crime group,,,,,,
暴力団員,ぼうりょくだんいん,,member of an organized crime group,,,,,,
法令,ほうれい,,laws and regulations,,,,,【注】法令という用語が法律一般の意味において使用される場合にはlawを用いる。,
法令又は定款に違反する場合,ほうれいまたはていかんにいはんするばあい,,… is in violation of the applicable laws and regulations or the articles of incorporation,,,,,,
保管者,ほかんしゃ,,custodian,,法務大臣は、共助の要請が裁判所、検察官又は司法警察員の保管する訴訟に関する書類の提供に係るものであるときは、その書類の保管者に共助の要請に関する書面を送付するものとする。,"With respect to a request for assistance by the provision of a document concerning a trial, which is in the custody of a court, a public prosecutor or a judicial police officer, the Minister of Justice is to send paperwork relating to the request for assistance to the custodian of the relevant document.",国際捜査共助等に関する法律第5条第2項,,
保管する,ほかんする,1,keep,,,,,,
保管する,ほかんする,,hold,,,,,,
保管する,ほかんする,,store,,無報酬で寄託を受けた者は、自己の財産と対するのと同一の注意をもって、寄託物を保管する義務を負う。,A person who has undertaken a bailment gratuitously assumes a duty to keep the bailed goods by exercising the same level of care as that person would for their own property.,民法第659条,,
保管する,ほかんする,,store,,,,,【注】keep、hold、storeを原則とし、文脈に応じて適切な語句を選択する。,
保管する,ほかんする,2,keep in custody,,刑務官は、刑事施設の規律及び秩序を維持するため必要がある場合には、被収容者について、その身体、着衣、所持品及び居室を検査し、並びにその所持品を取り上げて一時保管することができる。,"Prison officers may, if necessary for maintaining discipline and order in the penal institution, physically search inmates, search their clothes, personal belongings, and rooms, and deprive inmates of and temporarily keep in custody their personal belongings.",刑事収容施設及び被収容者等の処遇に関する法律第75条第1項,,
保管する,ほかんする,2,keep in custody,,,,,【注】法律に基づいて官吏などが物を保管する場合。,
保管する,ほかんする,3,retain,,,,,,
木竹,ぼくちく,1,trees and bamboo,,植物（木竹を含む）,plants (including trees and bamboo),,,
木竹,ぼくちく,2,tree or bamboo,,管理地区の区域内・・・においては、次に掲げる行為・・・は、環境大臣の許可を受けなければ、してはならない。・・・六　木竹を伐採すること。,The following acts must not be carried out within a managed area...without the permission of the Minister of the Environment: ... (vi) felling a tree or bamboo;,絶滅のおそれのある野生動植物の種の保存に関する法律第37条第4項第6号,,
保険,ほけん,,insurance,,,,,,
保険給付,ほけんきゅうふ,,payment of insurance proceeds,,,,,,
保険業,ほけんぎょう,,insurance business,,,,,,
保険金,ほけんきん,,insurance proceeds,,,,,,
保険契約,ほけんけいやく,1,insurance policy,原則,,,,,
保険契約,ほけんけいやく,2,insurance contract,保険証券(insurance policy)の用語が同時に出て来ることから訳し分ける必要がある場合に、その旨注記して使用,,,,,
保険契約者,ほけんけいやくしゃ,1,policyholder,,,,,,
保険契約者,ほけんけいやくしゃ,2,insurance contract holder,,,,,,
保健師,ほけんし,,public health nurse,,,,,,
保険事故,ほけんじこ,,insured event,,,,,,
保健指導,ほけんしどう,,health guidance,,,,,,
保険者,ほけんしゃ,,insurer,,,,,,
保健所,ほけんしょ,,health center,,,,,,
保険仲立人,ほけんなかだちにん,,insurance broker,,,,,,
保険募集,ほけんぼしゅう,,insurance sales,,,,,,
保険募集人,ほけんぼしゅうにん,,insurance agent,,,,,,
保険料,ほけんりょう,,insurance premium,,,,,,
保護観察,ほごかんさつ,,probation,,,,,,
保護観察官,ほごかんさつかん,,probation officer,,,,,,
保護観察所,ほごかんさつじょ,,probation office,,,,,,
保護期間,ほごきかん,,term of protection,,,,,,
保護司,ほごし,,volunteer probation officer,,,,,,
保護事業,ほごじぎょう,,aid services,,,,,,
保護者,ほごしゃ,,parent or guardian,,児童の保護者は、児童を身心ともに健やかに育成することについて第一義的責任を負う,Children's parents or guardians bear the primary responsibility for bringing them up in good mental and physical health.,児童福祉法第2条第2項,,
保護処分,ほごしょぶん,,disposition for rehabilitation of an adjudicated delinquent,,,,,,
保護責任,ほごせきにん,,responsibility for protection,,,,,,
保佐,ほさ,1,assist,一般的な場合,,,,,【動詞】保佐する: assist
保佐,ほさ,2,curatorship,保佐人制度の場合,,,,,
保佐開始の審判,ほさかいしのしんぱん,,(court) decision to establish a curatorship,,,,,,
保佐監督人,ほさかんとくにん,,curatorship supervisor,,,,,,
補佐人,ほさにん,,assistant in court,補助人(assistant)との訳し分けの必要から、assistant in courtとする（民事訴訟法23条1項参照）,,,,,
保佐人,ほさにん,,curator,,,,,,
保持者,ほじしゃ,,holder,,,,,,
保釈,ほしゃく,,bail,,,,,,【動詞】保釈される: be bailed out
募集,ぼしゅう,1,offering,有価証券の募集の場合,,,,,
募集,ぼしゅう,2,solicitation,その他の場合,,,,,
募集株式,ぼしゅうかぶしき,,share for subscription,,,,,,
募集社債,ぼしゅうしゃさい,,bond for subscription,,,,,,
募集新株予約権,ぼしゅうしんかぶよやくけん,,share option for subscription,,,,,,
補充送達,ほじゅうそうたつ,,substituted service,,,,,,
保証,ほしょう,,guarantee,（１）民法、（２）国際捜査共助等に関する法律の場合,日本国が行う同種の要請に応ずる旨の要請国の保証がないとき。,there is no guarantee from the requesting country that it will honor requests of the same sort from Japan.,国際捜査共助等に関する法律第4条第2号,,
保障,ほしょう,1,security,原則,,,,【注】制度としての保障の場合。,
保障,ほしょう,2,guarantee,,,,,,
補償,ほしょう,,compensation,,,,,【注】用例について「損失の補償」を参照のこと。,
補償,ほしょう,,compensation,,,,,,【動詞】補償する: compensate
補償給付,ほしょうきゅうふ,,compensation benefit,,,,,,
保証金,ほしょうきん,,(security) deposit,,,,,,
補償金,ほしょうきん,,compensation,,,,,,
補償金額,ほしょうきんがく,,amount of compensation,,,,,,
保証契約,ほしょうけいやく,,guarantee contract,,,,,,
保証債務,ほしょうさいむ,,guarantee obligation,,,,,,
補償制度,ほしょうせいど,,compensation system,,,,,,
保証人,ほしょうにん,,guarantor,,,,,,
補償年金,ほしょうねんきん,,compensation pension,,,,,,
補助開始の審判,ほじょかいしのしんぱん,,(court) decision to establish an assistantship,,,,,,
補助監督人,ほじょかんとくにん,,assistantship supervisor,,,,,,
補助金,ほじょきん,,subsidy,,,,,,
補助参加,ほじょさんか,,supporting intervention,,,,,,
補助参加人,ほじょさんかにん,,supporting intervener,,,,,,
補助人,ほじょにん,,assistant,,,,,,
補正,ほせい,,correction,,特許庁長官は、次に掲げる場合は、相当の期間を指定して、手続の補正をすべきことを命ずることができる。,"The Commissioner of the Patent Office may require an applicant to amend a procedure, designating an adequate time limit, in the following cases.",特許法第17条第3項,,
補正,ほせい,,correction,,,,,【注】特許法における手続の「補正」の英訳はamendmentとする。,
補正却下決定不服審判,ほせいきゃっかけっていふふくしんぱん,,appeal against (determination on) dismissal of request for correction,,,,,,
保税地域,ほぜいちいき,,bonded area,,,,,,
補正予算,ほせいよさん,,supplementary budget,,,,,,
保全異議,ほぜんいぎ,,objection to provisional remedy,,,,,,
保全管理人,ほぜんかんりにん,,temporary administrator,,,,,,
保全管理人代理,ほぜんかんりにんだいり,,temporary administrator representative,,,,,,
保全管理命令,ほぜんかんりめいれい,,order for temporary administration,,,,,,
保全抗告,ほぜんこうこく,,appeal pertaining to provisional remedy,,,,,,
保全執行,ほぜんしっこう,,enforcement of a provisional remedy,,,,,,
保全処分,ほぜんしょぶん,,provisional order,,,,,,
保全取消し,ほぜんとりけし,,revocation of provisional remedy,,,,,,
保全命令,ほぜんめいれい,,order for provisional remedy,,,,,,
補則,ほそく,,auxiliary provision,,,,,,
保存行為,ほぞんこうい,,act of preservation,,,,,,
保存する,ほぞんする,1,preserve,,事業者は、厚生労働省令で定めるところにより、この法律又はこれに基づく命令の規定に基づいて作成した書類･･･を、保存しなければならない,"The employer must preserve the documents (･･･) prepared under the provisions of this Act or ordinances thereunder, as prescribed by Order of the Ministry of Health, Labor and Welfare",労働安全衛生法第103条第1項,,
保存する,ほぞんする,2,retain,,債務者は、…善良な管理者の注意をもって、その物を保存しなければならない,the obligor must retain property with the due care of a prudent manager,民法第400条,,
保存する,ほぞんする,3,keep,,第三十二条･･･の規定に違反して、帳簿書類を作成せず、若しくは保存せず、又は虚偽の帳簿書類を作成し、若しくは保存した者,"a person that, in violation of the provisions of Article 32（･･･）, did not prepare or keep books and documents, or prepared and kept falsified books and documents",不動産特定共同事務法第83条第7号,,
保存する,ほぞんする,4,conserve,,まぐろ資源の保存及び管理の強化に関する特別措置法,Act on Special Measures for Enhancement of the Conservation and Management of Tuna Resources,,,
発起人,ほっきにん,1,incorporator,会社の場合,,,,,
発起人,ほっきにん,2,founder,会社以外の場合,,,,,
没取,ぼっしゅ,1,non-penal confiscation,一般的な場合,,,,,【動詞】没取する: impose a non-penal confiscation
没取,ぼっしゅ,2,confiscation,少年法の場合,,,,,【動詞】没取する: impose a confiscation
没収,ぼっしゅう,,confiscation,,,,,,【動詞】～の財産を没収する: confiscate the property
没収,ぼっしゅう,,confiscation,,,,,"【注】「追徴」と対照されている場合には、「没収」を""direct confiscation""と訳すこと。「保全没収」も参照。",
没収保全,ぼっしゅうほぜん,,direct freezing (direct freeze),,,,,,
没収保全命令,ぼっしゅうほぜんめいれい,,direct freezing order,,,,,,
補てん,ほてん,,compensation,,この法律の施行の際現に行われている旧産活法第二十四条の二第一項の損失の補填に係る公庫の業務については、同条の規定は、この法律の施行後も、なおその効力を有する,"Even after this Act comes into effect, Article 24-2, paragraph (1) of the Former Industrial Revitalization Act continues to govern any JFC services involving compensation for losses as referred to in that paragraph which are actually being carried out at the time this Act comes into effect",産業競争力強化法附則第12条,,
補てん,ほてん,,compensation,,,,,【注】「補填」も同じ,
補てん,ほてん,,compensation,,,,,,【動詞】補てんする: compensate
補導,ほどう,,correctional guidance,,,,,,
本案,ほんあん,1,merits,,,,,,
本案,ほんあん,2,primary suit,,,,,,
翻案,ほんあん,,adaptation,,,,,,
本案判決,ほんあんはんけつ,,judgment on the merits,,,,,,
本意匠,ほんいしょう,,principal design,,,,,,
本刑,ほんけい,,sentence,,,,,,
本権,ほんけん,,title,,,,,,
本国法,ほんごくほう,,one's national law,,,,,,
本籍,ほんせき,,registered domicile,,,,,,
本訴,ほんそ,,principal action,,,,,,
本店,ほんてん,,head office,,,,,,
本登記,ほんとうき,,definitive registration,,,,,【注】（出典）破産法164条、民事再生法129条、会社更生法88条,
本登録,ほんとうろく,,definitive registration,,,,,,
本人確認,ほんにんかくにん,,identity verification,,,,,,
本部,ほんぶ,,headquarters,,,,,,
本文,ほんぶん,,main clause,,,,,,
本邦,ほんぽう,,Japan,,,,,,
本邦通貨,ほんぽうつうか,,Japanese currency,,,,,,
本邦の,ほんぽうの,,Japanese,,,,,,
翻訳,ほんやく,,translation,,通訳及び翻訳,interpretation and translation,刑事訴訟規則第135条,,
翻訳,ほんやく,,translation,,,,,,【動詞】翻訳する: translate
翻訳人,ほんやくにん,1,interpreter,,,,,,
翻訳人,ほんやくにん,2,translator,,,,,,
翻訳文,ほんやくぶん,,translation,,,,,,
埋蔵文化財,まいぞうぶんかざい,,buried cultural property,,,,,,
前払一時金,まえばらいいちじきん,,advance lump sum,,,,,,
前払一時金給付,まえばらいいちじきんきゅうふ,,advance lump sum benefit payment,,,,,,
前払式支払手段,まえばらいしきしはらいしゅだん,,prepaid payment instrument,,,,,,
又は,または,,or,,,,,【注】①　同じ要素が３つ以上あるときは、一番最後の結び目のみに「又は」や「若しくは」を用い、あとは「、」を用いる。②　分類が２段階以上あるときは、一番大きな分類のみに「又は」を、それより小さな分類には「若しくは」を用いる。,
満期,まんき,,maturity,,,,,,
満了,まんりょう,,expiration,,期間満了の日,the expiration date of the period,,,
満了,まんりょう,,expiration,,,,,,【動詞】満了する: expire
未決勾留,みけつこうりゅう,,pre-sentencing detention,,,,,,
未遂,みすい,,attempt,,,,,,
未成年後見監督人,みせいねんこうけんかんとくにん,,supervisor of a minor's guardianship,,,,,,
未成年後見人,みせいねんこうけんにん,1,guardian of a minor,,,,,,
未成年後見人,みせいねんこうけんにん,2,minor’s guardian,,,,,,
未成年者,みせいねんしゃ,,minor,,,,,,
みだりに,みだりに,1,without (good) reason,,,,,【注】法律上の「みだりに」は、正当性がないという意味。,
みだりに,みだりに,2,without (due) cause,,,,,,
みなし賃金日額,みなしちんぎんにちがく,,deemed daily wage amount,,,,,,
みなす,みなす,,deem,,,,,,
身の代金,みのしろきん,,ransom,,,,,,
未払賃金,みばらいちんぎん,,unpaid wages,,,,,,
身分,みぶん,,status,,,,,,
身分を示す証票,みぶんをしめすしょうひょう,,identification,,,,,,
身分を示す証明書,みぶんをしめすしょうめいしょ,,identification card,,,,,,
見本,みほん,,sample,,,,,,
未満,みまん,1,less than,原則,,,,,
未満,みまん,2,under,年齢の場合,１８歳未満の者,a person under 18 years of age,,,
身元保証金,みもとほしょうきん,,fidelity guarantee deposit,,,,,,
民間の団体,みんかんのだんたい,,private-sector organization,,再犯の防止等に関する活動を行う民間の団体,private-sector organizations that are engaged in activities to prevent recidivism,再犯の防止等の推進に関する法律,,
民事執行,みんじしっこう,,civil enforcement,,,,,,
民事上の紛争,みんじじょうのふんそう,,civil dispute,,,,,,
民事訴訟,みんじそしょう,1,civil suit,,,,,,
民事訴訟,みんじそしょう,2,civil action,,,,,,
民衆訴訟,みんしゅうそしょう,,citizen action,,,,,,
無異議債権,むいぎさいけん,,claim without objection,,,,,【注】（出典）民事再生法230条8項,
無過失,むかしつ,,without negligence,,,,,,
無期禁錮,むききんこ,,life imprisonment without work,,死刑又は無期若しくは長期四年以上の懲役若しくは禁錮の刑が定められている罪,"a crime for which the death penalty is prescribed, or a crime with a prescribed sentence of imprisonment with or without work for a term of life or for a maximum term of four years or more",組織的な犯罪の処罰及び犯罪収益の規制等に関する法律第2条第2項第1号イ,,
無期禁錮,むききんこ,,life imprisonment without work,,,,,"【注】「無期若しくはＸ年以上の懲役」など、日本語において「無期刑」と「有期刑」とが対比されている場合には、「無期」を""term of life""などとしつつ、英語においてもその対比を表現すること。",
無期懲役,むきちょうえき,,life imprisonment,,死刑又は無期若しくは長期四年以上の懲役若しくは禁錮の刑が定められている罪,"a crime for which the death penalty is prescribed, or a crime with a prescribed sentence of imprisonment with or without work for a term of life or for a maximum term of four years or more",組織的な犯罪の処罰及び犯罪収益の規制等に関する法律第2条第2項第1号イ,,
無期懲役,むきちょうえき,,life imprisonment,,,,,"【注】「無期若しくはＸ年以上の懲役」など、日本語において「無期刑」と「有期刑」とが対比されている場合には、「無期」を""term of life""などとしつつ、英語においてもその対比を表現すること。",
無記名債権,むきめいさいけん,,debt instrument payable to bearer,,,,,,
無記名証券,むきめいしょうけん,,bearer instrument,,,,,,
無形固定資産,むけいこていしさん,,intangible fixed assets,会計勘定科目,,,,,
無形文化財,むけいぶんかざい,,intangible cultural property,,,,,,
無限責任組合員,むげんせきにんくみあいいん,,unlimited liability partner,,,,,,
無限責任社員,むげんせきにんしゃいん,,member with unlimited liability,,,,,,
無権代理,むけんだいり,,unauthorized agency,,,,,,
無効,むこう,1,nullity,,,,,,
無効,むこう,2,invalidity,,,,,,
無効,むこう,3,ineffectiveness,,,,,,
無効な,むこうな,1,void,,その意思表示は無効とする,such manifestation of intention is void,民法第93条但書,,
無効な,むこうな,1,void,,,,,【注】実務ではnull and voidも多く使用される,
無効な,むこうな,1,void,,,,,,"【動詞】無効とする: avoid, nullify"
無効な,むこうな,2,invalid,,,,,,
無効な,むこうな,3,ineffective,,,,,,
無効の審判,むこうのしんぱん,,trial for invalidation,,,,,,
無罪,むざい,1,not guilty,,,,,,
無罪,むざい,2,innocent,,,,,,
無罪,むざい,3,acquittal,,,,,,
無差別大量殺人行為,むさべつたいりょうさつじんこうい,,act of indiscriminate mass murder,,,,,,
無主物,むしゅぶつ,,ownerless property,,,,,,
無償行為,むしょうこうい,,gratuitous act,,,,,,
無償で,むしょうで,1,without compensation,,,,,,
無償で,むしょうで,2,gratuitously,形容詞,自己の財産を無償で相手方に与える,give personal property to the other party gratuitously,民法第549条,,
無償の供与,むしょうのきょうよ,,gratuitous conveyance,,,,,【注】（出典）破産法161条1項1号、民事再生法127条の21項1号、会社更生法86条の2第1項1号,
無償割当て,むしょうわりあて,,allotment without contribution,,,,,,
無資力,むしりょく,1,insolvency,債務超過を意味する場合,,,,,
無資力,むしりょく,2,having no financial resource,資力のないことを意味する場合,,,,,
無尽業,むじんぎょう,,mutual financing business,,,,,,
無線局,むせんきょく,,radio station,,,,,,
無能力者,むのうりょくしゃ,,person without legal capacity,,,,,,
無利子,むりし,,without interest,,,,,,
名義,めいぎ,,name,,…名義の（で）,in the name of …,,,
名義書換,めいぎかきかえ,,entry of a name change,,,,,,
名義貸しの禁止,めいぎがしのきんし,,prohibition on lending one's name,,（名義貸しの禁止）保険会社は、自己の名義をもって、他人に保険業を行わせてはならない。,(Prohibition on Lending One's Name) Article 7-2　An insurance company must not permit another person to conduct insurance business using its name.,保険業法第7条の2,,
名義人,めいぎにん,1,registered holder,株式等の場合,,,,,
名義人,めいぎにん,2,registered person,その他一般の場合,,,,,
明細書,めいさいしょ,,description,,,,,,
名称,めいしょう,1,name,原則,,,,,
名称,めいしょう,2,denomination,種苗法,,,,,
命ずる,めいずる,,order,,,,,,
名誉毀損,めいよきそん,,defamation,,,,,,【動詞】名誉を毀損する: defame
命令,めいれい,1,order,,略式命令,summary order,刑事訴訟法第465条,,
命令,めいれい,1,order,,,,,,【動詞】命令する: order
命令,めいれい,2,direction,裁判形式としての「命令」の場合,,,,,
滅失する,めっしつする,,lose,,,,,,
免許,めんきょ,,license,,,,,,
免許試験,めんきょしけん,,license examination,,,,,,
免職,めんしょく,,dismissal,,,,,,【動詞】免職する: dismiss
免除,めんじょ,1,release,,前項ただし書の規定にかかわらず、同項第一号に掲げる財産について第十四条の信託の登記又は登録をする義務は、これを免除することができない。,"Notwithstanding the proviso of the preceding paragraph, a trustee may not be released from the duty to register the trust as referred to in item (i) of that paragraph.",信託法第34条第2項,,
免除,めんじょ,1,release,,,,,【注】日本語では「（〇〇をする）債務・義務を免除する」というように債務・義務自体を目的語とするが、英語では「to release債務者・義務者from the債務・義務 to（〇〇をする）」となる。,
免除,めんじょ,1,release,,,,,,【動詞】免除する：release
免除,めんじょ,2,exemption,,国際機関が送付する貨物であつて、我が国が締結した条約その他の国際約束により輪出に対する制限を免除されているもの,goods sent by an international organization which are exempt from export restrictions based on a treaty or other international agreement that Japan has signed,輪出貿易管理令第4条第1項第2号ハ,,
免除,めんじょ,2,exemption,,第一項の規定による還付金を同項の確定申告書に係る年分の所得税で未納のものに充当する場合には、その還付金の額のうちその充当する金額については、還付加算金を附さないものとし、その充当される部分の所得税については、延滞税を免除するものとする。,"If a refund under paragraph (1) is allocated to cover unpaid income tax for the year of the tax return referred to in that paragraph, interest does not accrue on the part of the refund that is so allocated, and the taxpayer is exempted from the tax on delinquency as regards the part of the income tax that is covered by the allocation.",所得税法第138条第4項,,
免除,めんじょ,2,exemption,,刑の執行の免除は、刑の言渡を受けた特定の者に対してこれを行う。但し、刑の執行猶予の言渡を受けてまだ猶予の期間を経過しない者に対しては、これを行わない。,"The specific person against whom a sentence is rendered is the one that is exempted from the execution of that sentence; provided, however, that an exemption from the execution of a sentence is not granted to a person subject to the suspended execution of a sentence who has not yet made it through the term of suspension.",恩赦法第8条,,
免除,めんじょ,2,exemption,,拘禁されない日数は、刑の執行を終わり又は刑の執行の免除を受けた後の日数及び仮釈放中又は刑の執行停止中の日数を除くほか、前項第三号及び第四号の期間にこれを算入しない。,"The number of days that a person is not subject to detention is not included in the calculation of the periods referred to in items (iii) and (iv) of the preceding paragraph, except for the number of days after the completion of execution of a sentence, or the number of days exempt from the execution of a sentence, and except for the number of days during which a person is on parole or under a stay of execution.",恩赦法施行規則第6条第2項,,
免除,めんじょ,2,exemption,,,,,【注】日本語の「課税・要件等を免除する」という表現に対して、英語では：①形容詞の「exempt」を使用することが原則であって、その場合は「課税対象者又は要件を満たすべき者若しくはモノ is exempt from 課税（されること）又は要件（を満たすこと）」となる。②動詞の「to exempt」を使用することは例外であって、その場合は受動態の「課税対象者又は要件を満たすべき者 is exempted from 課税（されること）又は要件（を満たすこと）」となる。,
免除,めんじょ,2,exemption,,,,,,【動詞】免除する：be exempted from【形容詞】　免除され（てい）る：be exempt from
免除,めんじょ,3,immunity,,外国等は、日本国内にある不動産に係る次に掲げる事項に関する裁判手続について、裁判権から免除されない。,"A foreign state, etc. is not immune from the jurisdiction of the courts with respect to judicial proceedings involving the following matters as they relate to real property in Japan:",外国等に対する我が国の民事裁判権に関する法律第11条第1項,,
免除,めんじょ,3,immunity,,,,,【注】「to immunize」の動詞は存在する一方、「免疫を与える」をも意味するため、原則としてはbe動詞に形容詞の「immune」を使用することとなる。,
免除,めんじょ,3,immunity,,,,,,【形容詞】免除され（てい）る：be immune
免除,めんじょ,4,absolute discharge,,刑の免除の言渡しを受けた者が、その言渡しが確定した後、罰金以上の刑に処せられないで二年を経過したときは、刑の免除の言渡しは、効力を失う。,"If a person in whose favor the court declares an absolute discharge goes two years without being sentenced to a criminal fine or greater punishment after the declaration becomes final and binding, the declaration of absolute discharge loses its validity.",刑法第34条の2第2項（原文の「刑の免除の言渡しは、効力を失う」の意味は、「刑の免除の言渡し」から発生する不利益な法的効果を取り除くことであり、「刑の免除」が失効して刑が復活する趣旨ではない。）,,
免除,めんじょ,4,absolute discharge,,ただし、自己の意思により犯罪を中止したときは、その刑を減軽し、又は免除する。,"provided, however, that a person voluntarily discontinuing all involvement in the crime may be given a reduced sentence or granted an absolute discharge.",刑法第43条,,
免除,めんじょ,5,waiver,,基金は、前項の規定にかかわらず、定款の定めるところにより、通知金融商品取引業者の負担金を免除することができる。,"Notwithstanding the provisions of the preceding paragraph, a fund may waive the dues of a financial services provider that is the subject of a notice, pursuant to the provisions of the articles of incorporation.",金融商品取引法第79条の64第2項,,
免除,めんじょ,5,waiver,,,,,【注】日本語の「負担金（支払）を免除する」と同様に、英語においても「to waive (the payment of) charges to be borne」となる。,
免除,めんじょ,5,waiver,,,,,,【動詞】免除する：waive
免責,めんせき,1,exemptions,一般,,,,,
免責,めんせき,2,discharge,倒産法上の免責,,,,,
免責的債務引受,めんせきてきさいむひきうけ,,discharging assumption of an obligation,,,,,,
免訴,めんそ,,dismissal by a bar to prosecution,,,,,,
申込み,もうしこみ,,offer,,売買又はその媒介、取次ぎ（有価証券等清算取次ぎを除く。）若しくは代理の申込みの勧誘,"the solicitation of offers in connection with a purchase and sale or in connection with intermediation, brokerage (excluding Brokerage for Clearing of Securities, etc.), or agency for a purchase and sale",金融商品取引法第64条第1項第1号,,
申込者,もうしこみしゃ,,offeror,,,,,,
申込証,もうしこみしょう,,application certificate,,,,,,
申立て,もうしたて,1,application,,,,,,【動詞】申し立てる: apply
申立て,もうしたて,2,motion,,,,,,【動詞】申し立てる: move
申立て,もうしたて,3,petition,,,,,,【動詞】申し立てる: petition
申立て,もうしたて,4,request,,…当事者の双方又は一方の申立てに基づき、…,at the request of either one or both of the parties,労働組合法第18条第1項,,
申立て,もうしたて,4,request,,,,,,【動詞】申し立てる: request
申立書,もうしたてしょ,1,(written) application,,,,,,
申立書,もうしたてしょ,2,(written) motion,,,,,,
申立書,もうしたてしょ,3,(written) petition,,,,,,
申立人,もうしたてにん,1,applicant,,,,,,
申立人,もうしたてにん,2,movant,,,,,,
申立人,もうしたてにん,3,petitioner,,,,,,
申出,もうしで,1,offer,,,,,,
申出,もうしで,2,proposal,,,,,,
申出,もうしで,3,report,,,,,,
目,もく,,Division,,第１目,Division 1,,,
目次,もくじ,,table of contents,,,,,,
目的,もくてき,1,purpose,,,,,,
目的,もくてき,2,objective,「趣旨」と並列的に用いる場合,趣旨及び目的,purpose and objective,行政訴訟法第9条,,
目的,もくてき,3,intent,単なる意図,,,,,
目的物,もくてきぶつ,1,subject matter,,,,,,
目的物,もくてきぶつ,2,object,,,,,,
目的物,もくてきぶつ,3,aim,,,,,,
目論見書,もくろみしょ,,prospectus,,,,,,
持株会社,もちかぶがいしゃ,,holding company,,,,,,
持分,もちぶん,1,share,,,,,,
持分,もちぶん,2,interest,,,,,,
持分,もちぶん,3,equity interest,,,,,,
持分,もちぶん,4,undivided interest,,,,,,
持分,もちぶん,5,equity,,,,,,
持分会社,もちぶんがいしゃ,,membership company,,,,,,
持分の払戻し,もちぶんのはらいもどし,,return of equity interest,,,,,,
最も密接な関係がある,もっともみっせつなかんけいがある,,most closely connected with,,,,,,
元方事業者,もとかたじぎょうしゃ,,principal employer,労働安全衛生法上の用語,,,,,
戻入額,もどしいれがく,,reversal,,,,,,
物,もの,1,object,有体物,,,,,
物,もの,2,thing,物全般,この法律において「物」とは、有体物をいう,"The term ""Thing"" as used in this Code means a tangible thing",民法第85条,,
物,もの,3,article,物全般,,,,【注】条文の意味のarticleと混乱のおそれに注意。,
物,もの,4,property,財産価値のある物,,,,,
物,もの,5,goods,,,,,,
漏らす,もらす,,divulge,,秘密を漏らしてはならない,must not divulge any secret,,,
役員,やくいん,,officer,,,,,,
約定期間,やくじょうきかん,,agreed period,,,,,,
約定数値,やくじょうすうち,,agreed figure,,,,,,
約定劣後再生債権,やくじょうれつごさいせいさいけん,,consensually-subordinated rehabilitation claim,,,,,,
約定劣後破産債権,やくじょうれつごはさんさいけん,,consensually-subordinated bankruptcy claim,,,,,,
約款,やっかん,,general conditions,,,,,,
やむを得ず,やむをえず,,unavoidably,,,,,,
やむを得ない事由,やむをえないじゆう,1,compelling reason,,,,,,
やむを得ない事由,やむをえないじゆう,2,unavoidable circumstances,,,,,,
やむを得ない事由,やむをえないじゆう,3,unavoidable grounds,,やむを得ない理由,compelling reasons,,,
やむを得ない事由,やむをえないじゆう,3,unavoidable grounds,,やむを得ない事情,unavoidable circumstances,,,
やむを得ない事由,やむをえないじゆう,3,unavoidable grounds,,やむを得ない特別の事情,special unavoidable circumstances,,,
やむを得ない事由,やむをえないじゆう,3,unavoidable grounds,,やむを得ない限度において,to the extent unavoidable,,,
やむを得ない事由,やむをえないじゆう,3,unavoidable grounds,,やむを得ないと認めるとき,if (someone) finds unavoidable,,,
誘引,ゆういん,,inducement,,,,,,【動詞】誘引する: induce
有益費,ゆうえきひ,,beneficial expenses,,,,,,
誘拐,ゆうかい,,kidnapping (by enticement),,,,,,
有害大気汚染物質,ゆうがいたいきおせんぶっしつ,,hazardous air pollutants,,,,,,
有害な作業,ゆうがいなさぎょう,1,hazardous work,,,,,,
有害な作業,ゆうがいなさぎょう,2,hazardous operations,,,,,,
有害物質,ゆうがいぶっしつ,1,hazardous substance,,,,,,
有害物質,ゆうがいぶっしつ,2,harmful substance,,,,,,
有価証券,ゆうかしょうけん,1,negotiable instrument,手形等を意味する場合,,,,,
有価証券,ゆうかしょうけん,2,securities,株式等を意味する場合,,,,【注】なるべく(2)～(4)の個別の用語を用いる。(1)を用いる場合は、注釈を付ける。,
有価証券,ゆうかしょうけん,3,document of title,船荷証券等を意味する場合,,,,,
有価証券,ゆうかしょうけん,4,negotiable instrument of value,株式等、船荷証券等、手形等を総称する場合,,,,,
有価証券関連業,ゆうかしょうけんかんれんぎょう,,securities-related business,,,,,,
有価証券関連デリバティブ取引,ゆうかしょうけんでりばてぃぶとりひき,,securities-related derivatives transaction,,,,,,
有価証券届出書,ゆうかしょうけんとどけでしょ,,securities registration statement,,,,,,
有価証券報告書,ゆうかしょうけんほうこくしょ,,annual securities report,,,,,,
有期,ゆうき,,with/for definite term,,,,,【注】有期懲役はimprisonment with work for a definite term,
有期の,ゆうきの,,for a definite term,,,,,,
有給休暇,ゆうきゅうきゅうか,,paid leave,,,,,,
有形固定資産,ゆうけいこていしさん,,tangible fixed assets,会計勘定科目,,,,,
有形文化財,ゆうけいぶんかざい,,tangible cultural property,,,,,,
有限責任組合員,ゆうげんせきにんくみあいいん,,limited liability partner,,,,,,
有限責任事業組合,ゆうげんせきにんじぎょうくみあい,1,limited liability business partnership,,,,,,
有限責任事業組合,ゆうげんせきにんじぎょうくみあい,2,limited liability partnership,,,,,,
有限責任社員,ゆうげんせきにんしゃいん,,member with limited liability,,,,,,
有効,ゆうこう,,valid,,,,,,
有効期間,ゆうこうきかん,1,validity,,,,,,
有効期間,ゆうこうきかん,2,effective period,,,,,,
有効期間,ゆうこうきかん,3,validity period,,,,,,
有効期間,ゆうこうきかん,4,term,,,,,,
有罪,ゆうざい,,guilty,,,,,,
有償契約,ゆうしょうけいやく,,contract for value,,,,,,
有償行為,ゆうしょうこうい,1,act for value,,,,,,
有償行為,ゆうしょうこうい,2,onerous act,,,,,,
有線,ゆうせん,1,wire,,,,,,
有線,ゆうせん,2,cable,無線と比しての有線を表現する場合,,,,,
優先株式,ゆうせんかぶしき,,preferred share,,,,,,
優先権,ゆうせんけん,1,priority,,,,,,
優先権,ゆうせんけん,2,right of priority,,,,,,
優先出資,ゆうせんしゅっし,,preferred equity investment,,,,,,
優先的破産債権,ゆうせんてきはさんさいけん,,priority bankruptcy claim,,,,,,
優先日,ゆうせんび,,priority date,,,,,,
有線放送,ゆうせんほうそう,1,cable broadcast,,,,,,
有線放送,ゆうせんほうそう,2,cable broadcasting,,,,,,
有線放送権,ゆうせんほうそうけん,,right of cable broadcasting,,,,,,
有体物,ゆうたいぶつ,,tangible object,,,,,,
郵便,ゆうびん,,mail,,,,,,
郵便物,ゆうびんぶつ,,postal item,,,,,,
輸出,ゆしゅつ,,export,,輸出業者,exporter,,,
輸出,ゆしゅつ,,export,,輸出者,exporter,,,
輸出,ゆしゅつ,,export,,,,,,【動詞】輸出する: export
譲受会社,ゆずりうけがいしゃ,,transferee company,,,,,,
譲受人,ゆずりうけにん,1,transferee,原則,,,,,
譲受人,ゆずりうけにん,2,assignee,財産権一般の譲受,,,,【注】「譲受者」と同じ。,
輸入,ゆにゅう,,import,,輸入業者,importer,,,
輸入,ゆにゅう,,import,,輸入者,importer,,,
輸入,ゆにゅう,,import,,,,,,【動詞】輸入する: import
要役地,ようえきち,,dominant land,,,,,,
容疑事実,ようぎじじつ,,suspected offense,,,,,,
容疑者,ようぎしゃ,,suspect,,入国警備官は、第二十四条各号の一に該当すると思料する外国人があるときは、当該外国人（以下「容疑者」という。）につき違反調査をすることができる,"An immigration control officer may conduct an investigation into any violation that may have been committed by a foreign national, if the immigration officer has reason to believe that the foreign national falls under any of the items of Article 24 (referred to below as the ""suspect"").",出入国管理及び難民認定法第27条,,
要件,ようけん,,requirement,,,,,,
養護,ようご,,protective care,,,,,,
要旨,ようし,1,gist,（事象の）要点・要旨を表す場合に使用される。,,,,,
要旨,ようし,2,digest,判例、法律要旨を意味する場合。要約。記事・本などの要約・要旨を表す場合に使用される。,,,,,
要旨,ようし,3,outline,概要の場合,,,,,
養子,ようし,,adopted child,,,,,,
養子縁組,ようしえんぐみ,,adoption,,,,,,
様式,ようしき,,form,,申請書の様式,form of a written application,外国弁護士による法律事務の取扱い等に関する法律施行規則第13条,,
養親,ようしん,,adoptive parents,,,,,,
用水地役権,ようすいちえきけん,,easement for utilizing water,,,,,,
傭船者,ようせんしゃ,,charterer,,,,,,
用途地域,ようとちいき,,use districts,,,,,,
預金,よきん,,deposit,,,,,,
抑留,よくりゅう,,detention,,,,,,
予見可能性,よけんかのうせい,,foreseeability,,,,,,
予見する,よけんする,,foresee,,,,,,
予告,よこく,,advance notice,,,,,,
予告通知,よこくつうち,,advance notice (of filing of an action),民事訴訟法の場合,訴えを提起しようとする者が訴えの被告となるべき者に対し訴えの提起を予告する通知を書面でした場合（以下この章において当該通知を「予告通知」という。）,"Where a person who intends to file an action has given by means of a document, to the person who is to be the defendant in the action, an advance notice of filing of an action (referred to below as an ""advance notice"" in this Chapter)",民事訴訟法第132条の2,,
予告通知者,よこくつうちしゃ,,advance noticer,,,,,,
余罪,よざい,,uncharged offense,,,,,【注】刑法50条の表題に言う余罪はunsentenced crimeでも可。,
予算,よさん,,budget,,,,,,
預託,よたく,,deposit,,,,,,
予断,よだん,,prejudice,,,,,,
予定価格,よていかかく,,target price,,,,,,
予定対価,よていたいか,,estimated value,,,,,,
予定納税,よていのうぜい,,estimated tax prepayment,,,,,,
予納,よのう,,prepayment,,,,,,【動詞】予納する: prepay
予備委員,よびいいん,,reserve member,,,,,,
予備支払人,よびしはらいにん,,backup drawee,,,,,,
予備審査,よびしんさ,,preliminary examination,,,,,,
呼出状,よびだしじょう,,writ of summons,,,,,,
予備的,よびてき,1,preparatory,,,,,,
予備的,よびてき,2,preliminary,,,,,,
予備的,よびてき,3,conjunctive,,,,,,
予備費,よびひ,,reserve fund,,,,,,
読替え,よみかえ,,replacement of a term (terms),,同章の規定中「審査会」とあるのは、「会計検査院情報公開・個人情報保護審査会」と読み替えるものとする。,"The phrase ""Review Board"" in the Chapter is deemed to be replaced with ""Information Disclosure and Personal Information Protection Review Board of the Board of Audit"".",会計検査院法第19条の4,,
読替え,よみかえ,,replacement of a term (terms),,技術的読替え,technical replacement,,,
読替え,よみかえ,,replacement of a term (terms),,,,,,【動詞】読み替える： be replaced with
予約,よやく,1,reservation,,,,,,【動詞】予約する: reserve
予約,よやく,2,option contract,,,,,,
余裕金,よゆうきん,,surplus funds,,,,,【注】「国庫余裕金」を指す場合はtreasury surpluses,
落札者,らくさつしゃ,,successful bidder,,,,,,
欄,らん,,column,,第３欄,column 3,,,
欄,らん,,column,,,,,【注】法令の表・別表中において、横の線で区画されている区切りを指す場合。,
利益,りえき,1,interest,最も広義で広く有形無形の利益を含む場合。例えば「公共の利益」「個人の権利利益」「営業上の利益」,,,,,
利益,りえき,2,benefit,権利とは言えないが、法律上認められた立場。例えば「時効の利益」「期限の利益」,時効の利益,benefit of prescription,,,
利益,りえき,2,benefit,権利とは言えないが、法律上認められた立場。例えば「時効の利益」「期限の利益」,期限の利益,benefit of time,,,
利益,りえき,2,benefit,権利とは言えないが、法律上認められた立場。例えば「時効の利益」「期限の利益」,期限の利益の喪失,acceleration,,,
利益,りえき,2,benefit,権利とは言えないが、法律上認められた立場。例えば「時効の利益」「期限の利益」,期限の利益を喪失する,to be accelerated and become immediately due,,,
利益,りえき,2,benefit,権利とは言えないが、法律上認められた立場。例えば「時効の利益」「期限の利益」,現に利益を受けている限度において,to the extent that (the person) retains a benefit,,,
利益,りえき,3,income,会計関連の技術的意味,営業利益,operating income,,,
利益,りえき,3,income,会計関連の技術的意味,経常利益,(1) ordinary income (2) current profit,,,
利益,りえき,3,income,会計関連の技術的意味,（当期）純利益,net income,英文の前後関係から「当期」であることが不明確な場合は、net income for the periodとする。,,
利益,りえき,3,income,会計関連の技術的意味,特別利益,extraordinary profit,,,
利益,りえき,3,income,会計関連の技術的意味,利益準備金,retained earnings reserve,,,
利益,りえき,3,income,会計関連の技術的意味,利益剰余金,retained earnings,,,
利益,りえき,3,income,会計関連の技術的意味,売上総利益,gross profit,,,
利益,りえき,3,income,会計関連の技術的意味,,,,【注】会計用語の「利益」の訳語は、income以外にprofit又はearningsも場合によって使用される。income、profit、earningsは会計実務上使い分けられていないので、上記の用例による。,
利益相反,りえきそうはん,,conflict of interest,,競業及び利益相反取引の制限,Restrictions on Competition and Transactions Involving a Conflict of Interest,,,
利益の処分,りえきのしょぶん,,appropriation of profit,,,,,,
離縁,りえん,,dissolution of adoptive relation,,,,,,
利害関係人,りがいかんけいにん,1,interested person,,,,,,
利害関係人,りがいかんけいにん,2,interested party,,,,,,
履行,りこう,,performance,,,,,,
履行期,りこうき,1,time of performance,,,,,,
履行期,りこうき,2,performance period,,,,,,
履行期,りこうき,3,due date for performance,,,,,,
履行地,りこうち,,place of performance,,,,,,
履行遅滞,りこうちたい,,delay in performance,,,,,,
履行不能,りこうふのう,,impossibility of performance,,,,,,
離婚,りこん,,divorce,,,,,,【動詞】離婚する: divorce
利札,りさつ,,coupon,,,,,,
利子,りし,,interest,,,,,,
理事,りじ,,director,,,,,,
理事会,りじかい,,council,,,,,,
利子所得,りししょとく,,interest income,,,,,,
理事長,りじちょう,,president,,,,,,
離職,りしょく,,separation from service,,,,,,
利息,りそく,,interest,,,,,,
立案,りつあん,1,plan,原則,,,,,
立案,りつあん,2,drafting,起案・起草,,,,,
立案,りつあん,3,policymaking,政策決定,,,,,
立証する,りっしょうする,,prove,,,,,,
略式手続,りゃくしきてつづき,,summary proceedings,,,,,,
略式命令,りゃくしきめいれい,,summary order,,,,,,
略取,りゃくしゅ,,kidnapping (by force),,,,,,【動詞】略取する: kidnap by force
留置,りゅうち,,detention,人の場合,,,,,
留置権,りゅうちけん,,right of retention,,,,,,
流動化,りゅうどうか,,securitization,,資産流動化,asset securitization,,,
流動資産,りゅうどうしさん,,current assets,会計勘定科目,,,,,
流動負債,りゅうどうふさい,,current liabilities,会計勘定科目,,,,,
理由となる事実,りゆうとなるじじつ,,causal fact,,,,,,
領海,りょうかい,,territorial waters,,,,,,
陵虐,りょうぎゃく,,humiliation,,,,,,
利用者,りようしゃ,,user,,,,,,
領置,りょうち,,retention,,,,,,【動詞】領置する: retain
領得する,りょうとくする,,obtain,,,,,,
利用の許諾,りようのきょだく,,authorization to exploit,,,,,,
両罰規定,りょうばつきてい,,dual criminal liability provision,,,,,,
療法士,りょうほうし,,therapist,,,,,,
療養給付,りょうようきゅうふ,,medical treatment benefit,,,,,,
療養補償,りょうようほしょう,,medical compensation,,,,,,
療養補償給付,りょうようほしょうきゅうふ,,medical compensation benefit,,,,,,
旅券,りょけん,,passport,,,,,,
旅団長,りょだんちょう,,"Brigade Commanding General of Army, Ground Self-Defense Force",,,,,,
臨検,りんけん,,inspection,,,,,,
臨時計算書類,りんじけいさんしょるい,,provisional financial statements,,,,,,
臨時決算日,りんじけっさんび,,provisional account closing date,,,,,,
臨時所得,りんじしょとく,,ad hoc income,,,,,,
臨時措置法,りんじそちほう,,Act on Temporary Measures,,罰金等臨時措置法,Act on Temporary Measures concerning Fines,,,
臨時的任用,りんじてきにんよう,,temporary appointment,,,,,,
臨時の賃金,りんじのちんぎん,,special wages,,,,,,
隣接する権利,りんせつするけんり,,neighboring right,,…に隣接する権利,right neighboring …,,,
累積投票,るいせきとうひょう,,cumulative voting,,,,,,
累犯,るいはん,,repeat offenses,,三犯以上の累犯,Third or Further Repeat Offenses,刑法第59条,,
流布,るふ,,spread,,,,,,【動詞】流布する: spread
令,れい,,Cabinet Order,,,,,【注】法形式が政令の場合。,
令状,れいじょう,,warrant,,,,,,
レコード,れこーど,,phonorecord,,,,,,
レコード製作者,れこーどせいさくしゃ,,producer of phonorecord,,,,,,
劣後的破産債権,れつごてきはさんさいけん,,subordinate bankruptcy claim,,,,,,
連携,れんけい,,coordination,,,,,,
連結,れんけつ,,consolidation,,,,,,
連結計算書類,れんけつけいさんしょるい,,consolidated financial statements,,,,,,
連結子会社,れんけつこがいしゃ,,consolidated subsidiary company,,,,,,
連合会,れんごうかい,,federation,,日本弁護士連合会,Japan Federation of Bar Associations,,,
連合会,れんごうかい,,federation,,協同組合連合会,federation of cooperatives,,,
連合体,れんごうたい,,federation,,,,,,
連帯債権,れんたいさいけん,,joint and several claim,,,,,,
連帯債務,れんたいさいむ,,joint and several obligation,,,,,,
連帯債務者,れんたいさいむしゃ,,joint and several obligor,,,,,,
連帯して,れんたいして,,jointly and severally,,,,,,
連帯保証,れんたいほしょう,,joint and several suretyship,,,,,,
漏えい,ろうえい,1,disclosure,,,,,,【動詞】漏えいする disclose
漏えい,ろうえい,2,divulgation,,,,,,【動詞】漏えいする divulge
労役場,ろうえきじょう,,workhouse,,,,,,
労役場留置,ろうえきじょうりゅうち,,detention in workhouse in lieu of payment of fine,,,,,,
労働委員会,ろうどういいんかい,,labor relations commission,,労働委員会に関する事項は、…、政令で定める,particulars for the labor relations commission … are prescribed by cabinet order,労働組合法第19条,,
労働関係,ろうどうかんけい,,labor relationship,,,,,,
労働基準,ろうどうきじゅん,,labor standard,,,,,,
労働基準監督署,ろうどうきじゅんかんとくしょ,,labor standards office,,,,,,
労働協約,ろうどうきょうやく,,collective agreement,,,,,,
労働金庫,ろうどうきんこ,,workers' credit union,,,,,【注】固有名詞として“Labor Bank (Labour Bank)”を使用することは全く問題がない。　全国労働金庫協会 National Association of Labour Banks,
労働組合,ろうどうくみあい,,labor union,,,,,,
労働契約,ろうどうけいやく,,labor contract,,,,,,
労働災害,ろうどうさいがい,,industrial injury,,労働災害 労働者の就業に係る建設物、設備、原材料、ガス、蒸気、粉じん等により、又は作業行動その他業務に起因して、労働者が負傷し、疾病にかかり、又は死亡することをいう。,"""industrial injury"" means a worker being injured, contracting a disease, or dying because of a structure, equipment, raw material, gas, vapor, dust, or the like that is connected with the worker's employment, or as a result of a worker's work activities or other duties",労働安全衛生法第2条第1号イ,,
労働災害,ろうどうさいがい,,industrial injury,,,,,【注】業務や通勤が原因となって発生した病気、怪我または死亡を「労働災害」という。労働災害は、業務上の災害である「業務災害」(employment injury)と通勤中の災害である「通勤災害」(commuting injury)とで構成される。,
労働災害防止計画,ろうどうさいがいぼうしけいかく,,industrial injury prevention plan,,,,,,
労働時間,ろうどうじかん,,working hour,,,,,,
労働者,ろうどうしゃ,1,worker,,,,,,
労働者,ろうどうしゃ,2,employee,民法の雇用関係に関する場合,使用者は、労働者の承諾を得なければ、その権利を第三者に譲り渡すことができない,An employer may not assign the employer's rights to third parties unless the employer obtains the employee's consent,民法第625条第1項,,
労働者災害補償保険,ろうどうしゃさいがいほしょうほけん,,industrial accident compensation insurance,,,,,,
労働者名簿,ろうどうしゃめいぼ,,roster of workers,,,,,,
労働条件,ろうどうじょうけん,,working conditions,,,,,,
労働審判,ろうどうしんぱん,,labor tribunal decision,,,,,,
労働争議,ろうどうそうぎ,,labor dispute,,,,,,
労働日数,ろうどうにっすう,,working days,,,,,,
労働福祉事業,ろうどうふくしじぎょう,,labor welfare services,,,,,,
労働保険,ろうどうほけん,,labor insurance,,,,,,
労働保険審査会,ろうどうほけんしんさかい,,Labor Insurance Appeal Committee,,,,,,
録画物,ろくがぶつ,,visual recording,,,,,,
録取する,ろくしゅする,,record,,,,,,
わいせつ,わいせつ,1,obscenity,物がわいせつである場合,わいせつ物頒布,distribution of obscene objects,,,
わいせつ,わいせつ,1,obscenity,物がわいせつである場合,わいせつ、不同意性交等及び重婚の罪,"Crimes of Obscenity, Penetrative Sexual Assault, and Bigamy",刑法第22章見出し,,
わいせつ,わいせつ,1,obscenity,物がわいせつである場合,,,,,【形容詞】obscene
わいせつ,わいせつ,2,indecency,行為がわいせつである場合,わいせつな行為,indecent act,,,
わいせつ,わいせつ,2,indecency,行為がわいせつである場合,公然わいせつ,public indecency,,,
わいせつ,わいせつ,2,indecency,行為がわいせつである場合,,,,,【形容詞】indecent
賄賂,わいろ,,bribe,,,,,,
和解,わかい,,settlement,,,,,,
和解条項,わかいじょうこう,,terms of settlement,,,,,,
和解調書,わかいちょうしょ,,record of settlement,,和解調書を作成する,draw up record of settlement,労働組合法第27条の14第4項,,
和解に代わる決定,わかいにかわるけってい,,order in lieu of settlement,,,,,,
割増賃金,わりましちんぎん,,extra wages,,,,,,
割増登録料,わりましとうろくりょう,,registration surcharge,,,,,,
割増特許料,わりましとっきょりょう,,patent surcharge,,,,,,
割戻し,わりもどし,,rebate,,,,,,
を経過した日,をけいかしたひ,,the day after the final day (in the … period),,当該計算書類の附属明細書を受領した日から一週間を経過した日,the day after the final day in the one-week period that runs from the day on which the financial statements' supplementary schedules are received,保険業法施行規則第26条の4第1項第2項,,
を経過する日,をけいかするひ,,the final day (in the … period),,法第四十一条第五項の規定による公告　電子公告による公告を開始した日後一月を経過する日,"the public notice under Article 41, paragraph (5) of the Act: the final day in the one-month period following the day on which the public notice started to be given in the form of an electronic public notice",信託業法施行規則第50条第5項第2号,,
を超えない,をこえない,,not exceeding,,,,,,
を超える,をこえる,,exceeding,,,,,,
を除くほか,をのぞくほか,1,in addition to,付加を示す場合,前項の場合を除くほか,in addition to the cases referred to in the preceding paragraph,,,
を除くほか,をのぞくほか,2,except,例外を示す場合,特別の措置を講じている場合を除くほか,except when special measures are taken,,,
をもって調製する,をもってちょうせいする,1,using …,,,,,,
をもって調製する,をもってちょうせいする,2,in the form of …,,,,,,
